subject,seed,source_session,target_session,alignment_mode,calibration_fraction,scenario,n_source_train,n_target_calibration,n_target_test,target_class,target_class_name,asr,accuracy,balanced_accuracy,macro_f1,kappa,defense_score_median,defense_score_mad,defense_removed_count,defense_removed_fraction,defense_poison_recall,defense_removal_precision,defense_clean_false_removal_rate,defense_reference_target_calibration,defense_mean_suspicion,defense_max_suspicion,defense_mean_margin,defense_mean_spectral_z
1,11,0train,1test,inductive,0.0,clean,288,0,288,1,left_hand,0.0,0.7430555555555556,0.7430555555555556,0.7415888591428428,0.6574074074074074,,,,,,,,,,,,
1,11,0train,1test,inductive,0.0,poisoned,288,0,288,1,left_hand,0.14814814814814814,0.7534722222222222,0.7534722222222223,0.7537378684729287,0.6712962962962963,,,,,,,,,,,,
1,11,0train,1test,inductive,0.0,spectral_baseline,283,0,288,1,left_hand,0.14351851851851852,0.7291666666666666,0.7291666666666667,0.729449322242804,0.6388888888888888,0.1318846173064076,0.024134091478231222,5.0,0.017361111111111112,0.0,0.0,0.019305019305019305,,,,,
1,11,0train,1test,inductive,0.0,crcs,245,0,288,1,left_hand,0.09259259259259259,0.7291666666666666,0.7291666666666666,0.7289238326777142,0.6388888888888888,,,43.0,0.14930555555555555,0.0,0.0,0.16602316602316602,0.0,0.04135083917765224,1.0135232003832497,-0.04111024846588243,0.2618285064503132
1,22,0train,1test,inductive,0.0,clean,288,0,288,1,left_hand,0.0,0.7430555555555556,0.7430555555555556,0.7415888591428428,0.6574074074074074,,,,,,,,,,,,
1,22,0train,1test,inductive,0.0,poisoned,288,0,288,1,left_hand,0.1111111111111111,0.7222222222222222,0.7222222222222223,0.7216131526350504,0.6296296296296297,,,,,,,,,,,,
1,22,0train,1test,inductive,0.0,spectral_baseline,284,0,288,1,left_hand,0.125,0.7222222222222222,0.7222222222222222,0.7214114048799459,0.6296296296296297,0.13225858050238148,0.023976706726745463,4.0,0.013888888888888888,0.0,0.0,0.015444015444015444,,,,,
1,22,0train,1test,inductive,0.0,crcs,245,0,288,1,left_hand,0.06944444444444445,0.7430555555555556,0.7430555555555556,0.7439753138895764,0.6574074074074074,,,43.0,0.14930555555555555,0.0,0.0,0.16602316602316602,0.0,0.04320821916124376,0.907373607034832,-0.03810020917710264,0.2773127715433294
1,33,0train,1test,inductive,0.0,clean,288,0,288,1,left_hand,0.0,0.7430555555555556,0.7430555555555556,0.7415888591428428,0.6574074074074074,,,,,,,,,,,,
1,33,0train,1test,inductive,0.0,poisoned,288,0,288,1,left_hand,0.1111111111111111,0.7222222222222222,0.7222222222222223,0.7238477324212977,0.6296296296296297,,,,,,,,,,,,
1,33,0train,1test,inductive,0.0,spectral_baseline,284,0,288,1,left_hand,0.10648148148148148,0.71875,0.7187500000000001,0.7203547958612976,0.625,0.13136481030219185,0.024192901677446095,4.0,0.013888888888888888,0.0,0.0,0.015444015444015444,,,,,
1,33,0train,1test,inductive,0.0,crcs,245,0,288,1,left_hand,0.06018518518518518,0.7083333333333334,0.7083333333333334,0.7089822119339936,0.6111111111111112,,,43.0,0.14930555555555555,0.0,0.0,0.16602316602316602,0.0,0.038650141637446525,0.47762461610419155,-0.04027135820205465,0.26161966503260875
1,44,0train,1test,inductive,0.0,clean,288,0,288,1,left_hand,0.0,0.7430555555555556,0.7430555555555556,0.7415888591428428,0.6574074074074074,,,,,,,,,,,,
1,44,0train,1test,inductive,0.0,poisoned,288,0,288,1,left_hand,0.08333333333333333,0.7604166666666666,0.7604166666666667,0.7606620026888413,0.6805555555555556,,,,,,,,,,,,
1,44,0train,1test,inductive,0.0,spectral_baseline,284,0,288,1,left_hand,0.0787037037037037,0.7569444444444444,0.7569444444444444,0.7575553244814163,0.6759259259259259,0.13238187953762282,0.02393161308785395,4.0,0.013888888888888888,0.0,0.0,0.015444015444015444,,,,,
1,44,0train,1test,inductive,0.0,crcs,245,0,288,1,left_hand,0.032407407407407406,0.7534722222222222,0.7534722222222223,0.7519284188468984,0.6712962962962963,,,43.0,0.14930555555555555,0.0,0.0,0.16602316602316602,0.0,0.0430953956217133,0.7921475545565564,-0.04038803367318305,0.27878382331509577
1,55,0train,1test,inductive,0.0,clean,288,0,288,1,left_hand,0.0,0.7430555555555556,0.7430555555555556,0.7415888591428428,0.6574074074074074,,,,,,,,,,,,
1,55,0train,1test,inductive,0.0,poisoned,288,0,288,1,left_hand,0.1388888888888889,0.7326388888888888,0.732638888888889,0.7288425582956669,0.6435185185185186,,,,,,,,,,,,
1,55,0train,1test,inductive,0.0,spectral_baseline,284,0,288,1,left_hand,0.14351851851851852,0.7395833333333334,0.7395833333333333,0.7361501177686008,0.6527777777777778,0.13235200944452036,0.024750409299164167,4.0,0.013888888888888888,0.0,0.0,0.015444015444015444,,,,,
1,55,0train,1test,inductive,0.0,crcs,245,0,288,1,left_hand,0.1388888888888889,0.75,0.75,0.7491994564904687,0.6666666666666667,,,43.0,0.14930555555555555,0.0,0.0,0.16602316602316602,0.0,0.043974333033769596,0.7634002670728359,-0.03544632930886531,0.26405236385075725
1,11,0train,1test,inductive,0.1,clean,288,28,260,1,left_hand,0.0,0.7884615384615384,0.7884615384615384,0.788432403258114,0.717948717948718,,,,,,,,,,,,
1,11,0train,1test,inductive,0.1,poisoned,288,28,260,1,left_hand,0.11794871794871795,0.7346153846153847,0.7346153846153847,0.7320853625541126,0.6461538461538461,,,,,,,,,,,,
1,11,0train,1test,inductive,0.1,spectral_baseline,283,28,260,1,left_hand,0.13333333333333333,0.7346153846153847,0.7346153846153847,0.7325491746982526,0.6461538461538461,0.1318846173064076,0.024134091478231222,5.0,0.017361111111111112,0.0,0.0,0.019305019305019305,,,,,
1,11,0train,1test,inductive,0.1,crcs,245,28,260,1,left_hand,0.0,0.7692307692307693,0.7692307692307693,0.7692308420182428,0.6923076923076923,,,43.0,0.14930555555555555,1.0,0.6744186046511628,0.05405405405405406,1.0,0.1730153818170176,1.206484601394804,0.051019781305964004,0.8629861790799116
1,22,0train,1test,inductive,0.1,clean,288,28,260,1,left_hand,0.0,0.7961538461538461,0.7961538461538462,0.7963411861888038,0.7282051282051283,,,,,,,,,,,,
1,22,0train,1test,inductive,0.1,poisoned,288,28,260,1,left_hand,0.041025641025641026,0.75,0.7500000000000001,0.7476239355231143,0.6666666666666667,,,,,,,,,,,,
1,22,0train,1test,inductive,0.1,spectral_baseline,284,28,260,1,left_hand,0.046153846153846156,0.7384615384615385,0.7384615384615385,0.734982174688057,0.6512820512820513,0.13225858050238148,0.023976706726745463,4.0,0.013888888888888888,0.0,0.0,0.015444015444015444,,,,,
1,22,0train,1test,inductive,0.1,crcs,245,28,260,1,left_hand,0.0,0.7730769230769231,0.773076923076923,0.7733848609832863,0.6974358974358974,,,43.0,0.14930555555555555,1.0,0.6744186046511628,0.05405405405405406,1.0,0.21800457417074565,2.091194565462769,0.08611948964404312,0.5899270839453226
1,33,0train,1test,inductive,0.1,clean,288,28,260,1,left_hand,0.0,0.7961538461538461,0.7961538461538461,0.7970362987291619,0.7282051282051283,,,,,,,,,,,,
1,33,0train,1test,inductive,0.1,poisoned,288,28,260,1,left_hand,0.1076923076923077,0.7615384615384615,0.7615384615384615,0.7610334551378957,0.6820512820512821,,,,,,,,,,,,
1,33,0train,1test,inductive,0.1,spectral_baseline,284,28,260,1,left_hand,0.10256410256410256,0.7615384615384615,0.7615384615384615,0.7610617932386752,0.6820512820512821,0.13136481030219185,0.024192901677446095,4.0,0.013888888888888888,0.0,0.0,0.015444015444015444,,,,,
1,33,0train,1test,inductive,0.1,crcs,245,28,260,1,left_hand,0.0,0.7884615384615384,0.7884615384615384,0.7899126122935898,0.717948717948718,,,43.0,0.14930555555555555,1.0,0.6744186046511628,0.05405405405405406,1.0,0.41794058614608226,3.828650513014499,0.026837520125227297,1.8908443516777291
1,44,0train,1test,inductive,0.1,clean,288,28,260,1,left_hand,0.0,0.7692307692307693,0.7692307692307692,0.7661543092998726,0.6923076923076923,,,,,,,,,,,,
1,44,0train,1test,inductive,0.1,poisoned,288,28,260,1,left_hand,0.02564102564102564,0.7576923076923077,0.7576923076923077,0.7552210690767727,0.676923076923077,,,,,,,,,,,,
1,44,0train,1test,inductive,0.1,spectral_baseline,284,28,260,1,left_hand,0.03076923076923077,0.7423076923076923,0.7423076923076923,0.7399417436233704,0.6564102564102564,0.13238187953762282,0.02393161308785395,4.0,0.013888888888888888,0.0,0.0,0.015444015444015444,,,,,
1,44,0train,1test,inductive,0.1,crcs,245,28,260,1,left_hand,0.8769230769230769,0.7653846153846153,0.7653846153846154,0.7621834284877763,0.6871794871794872,,,43.0,0.14930555555555555,0.9310344827586207,0.627906976744186,0.06177606177606178,1.0,0.1657522991291046,0.9662095660052219,0.04307961777817356,0.8418172783643207
1,55,0train,1test,inductive,0.1,clean,288,28,260,1,left_hand,0.0,0.7961538461538461,0.7961538461538461,0.7957705074501311,0.7282051282051283,,,,,,,,,,,,
1,55,0train,1test,inductive,0.1,poisoned,288,28,260,1,left_hand,0.1282051282051282,0.7576923076923077,0.7576923076923077,0.755943501914605,0.676923076923077,,,,,,,,,,,,
1,55,0train,1test,inductive,0.1,spectral_baseline,284,28,260,1,left_hand,0.12307692307692308,0.7538461538461538,0.7538461538461538,0.7525961797148238,0.6717948717948719,0.13235200944452036,0.024750409299164167,4.0,0.013888888888888888,0.0,0.0,0.015444015444015444,,,,,
1,55,0train,1test,inductive,0.1,crcs,245,28,260,1,left_hand,0.0,0.7730769230769231,0.7730769230769231,0.7733341434454456,0.6974358974358974,,,43.0,0.14930555555555555,1.0,0.6744186046511628,0.05405405405405406,1.0,0.3525567232487059,2.8610000605847428,0.03650665827956482,1.3224173034685691
1,11,0train,1test,inductive,0.25,clean,288,72,216,1,left_hand,0.0,0.7870370370370371,0.7870370370370371,0.7886467204776568,0.7160493827160495,,,,,,,,,,,,
1,11,0train,1test,inductive,0.25,poisoned,288,72,216,1,left_hand,0.030864197530864196,0.7592592592592593,0.7592592592592593,0.758257078609076,0.6790123456790124,,,,,,,,,,,,
1,11,0train,1test,inductive,0.25,spectral_baseline,283,72,216,1,left_hand,0.037037037037037035,0.7592592592592593,0.7592592592592593,0.7585006281629703,0.6790123456790124,0.1318846173064076,0.024134091478231222,5.0,0.017361111111111112,0.0,0.0,0.019305019305019305,,,,,
1,11,0train,1test,inductive,0.25,crcs,245,72,216,1,left_hand,0.0,0.7777777777777778,0.7777777777777778,0.7793616083319446,0.7037037037037037,,,43.0,0.14930555555555555,1.0,0.6744186046511628,0.05405405405405406,1.0,0.2149651119532297,1.5665964835898722,0.06214122840406141,1.0793807198330998
1,22,0train,1test,inductive,0.25,clean,288,72,216,1,left_hand,0.0,0.8055555555555556,0.8055555555555556,0.8046604251522763,0.7407407407407407,,,,,,,,,,,,
1,22,0train,1test,inductive,0.25,poisoned,288,72,216,1,left_hand,0.018518518518518517,0.7638888888888888,0.7638888888888888,0.7614865066844396,0.6851851851851851,,,,,,,,,,,,
1,22,0train,1test,inductive,0.25,spectral_baseline,284,72,216,1,left_hand,0.018518518518518517,0.7592592592592593,0.7592592592592593,0.7566777405466296,0.6790123456790124,0.13225858050238148,0.023976706726745463,4.0,0.013888888888888888,0.0,0.0,0.015444015444015444,,,,,
1,22,0train,1test,inductive,0.25,crcs,245,72,216,1,left_hand,0.0,0.8101851851851852,0.8101851851851851,0.8088763357616287,0.7469135802469136,,,43.0,0.14930555555555555,1.0,0.6744186046511628,0.05405405405405406,1.0,0.1865899545849859,1.7748816968911663,0.030886398804578132,0.994088713349467
1,33,0train,1test,inductive,0.25,clean,288,72,216,1,left_hand,0.0,0.8055555555555556,0.8055555555555556,0.8048255939694394,0.7407407407407407,,,,,,,,,,,,
1,33,0train,1test,inductive,0.25,poisoned,288,72,216,1,left_hand,0.08641975308641975,0.7592592592592593,0.7592592592592592,0.7587241704535711,0.6790123456790124,,,,,,,,,,,,
1,33,0train,1test,inductive,0.25,spectral_baseline,284,72,216,1,left_hand,0.09876543209876543,0.75,0.75,0.749519566736548,0.6666666666666667,0.13136481030219185,0.024192901677446095,4.0,0.013888888888888888,0.0,0.0,0.015444015444015444,,,,,
1,33,0train,1test,inductive,0.25,crcs,245,72,216,1,left_hand,0.0,0.7777777777777778,0.7777777777777779,0.7782618431203336,0.7037037037037037,,,43.0,0.14930555555555555,1.0,0.6744186046511628,0.05405405405405406,1.0,0.21386463653506455,1.791633900946962,0.03271679434197361,1.0677972414591528
1,44,0train,1test,inductive,0.25,clean,288,72,216,1,left_hand,0.0,0.7685185185185185,0.7685185185185185,0.7644505082725548,0.691358024691358,,,,,,,,,,,,
1,44,0train,1test,inductive,0.25,poisoned,288,72,216,1,left_hand,0.037037037037037035,0.7268518518518519,0.7268518518518519,0.720129207334616,0.6358024691358024,,,,,,,,,,,,
1,44,0train,1test,inductive,0.25,spectral_baseline,284,72,216,1,left_hand,0.037037037037037035,0.7222222222222222,0.7222222222222221,0.7160570978920455,0.6296296296296297,0.13238187953762282,0.02393161308785395,4.0,0.013888888888888888,0.0,0.0,0.015444015444015444,,,,,
1,44,0train,1test,inductive,0.25,crcs,245,72,216,1,left_hand,0.0,0.7638888888888888,0.763888888888889,0.761239150832747,0.6851851851851851,,,43.0,0.14930555555555555,1.0,0.6744186046511628,0.05405405405405406,1.0,0.17690898536667352,1.4801806774478388,0.01855743853515194,1.0733405677709422
1,55,0train,1test,inductive,0.25,clean,288,72,216,1,left_hand,0.0,0.7824074074074074,0.7824074074074074,0.7816016219377564,0.7098765432098766,,,,,,,,,,,,
1,55,0train,1test,inductive,0.25,poisoned,288,72,216,1,left_hand,0.9259259259259259,0.6759259259259259,0.6759259259259258,0.6724495989201872,0.5679012345679013,,,,,,,,,,,,
1,55,0train,1test,inductive,0.25,spectral_baseline,284,72,216,1,left_hand,0.9012345679012346,0.6944444444444444,0.6944444444444444,0.6920601079388621,0.5925925925925926,0.13235200944452036,0.024750409299164167,4.0,0.013888888888888888,0.0,0.0,0.015444015444015444,,,,,
1,55,0train,1test,inductive,0.25,crcs,245,72,216,1,left_hand,0.0,0.7916666666666666,0.7916666666666667,0.7895503676753677,0.7222222222222222,,,43.0,0.14930555555555555,1.0,0.6744186046511628,0.05405405405405406,1.0,0.19144144402312102,1.3788315192152016,0.04425417967524525,0.9730348270448371
1,11,0train,1test,inductive,0.5,clean,288,144,144,1,left_hand,0.0,0.7638888888888888,0.7638888888888888,0.7649856894910496,0.6851851851851851,,,,,,,,,,,,
1,11,0train,1test,inductive,0.5,poisoned,288,144,144,1,left_hand,0.6018518518518519,0.7638888888888888,0.7638888888888888,0.7627641841726349,0.6851851851851851,,,,,,,,,,,,
1,11,0train,1test,inductive,0.5,spectral_baseline,283,144,144,1,left_hand,0.5925925925925926,0.7638888888888888,0.7638888888888888,0.7629542428701562,0.6851851851851851,0.1318846173064076,0.024134091478231222,5.0,0.017361111111111112,0.0,0.0,0.019305019305019305,,,,,
1,11,0train,1test,inductive,0.5,crcs,245,144,144,1,left_hand,0.0,0.75,0.75,0.7512848035389019,0.6666666666666667,,,43.0,0.14930555555555555,1.0,0.6744186046511628,0.05405405405405406,1.0,0.17473191102532215,1.3334821023378887,0.030366579773052443,1.0379542432561188
1,22,0train,1test,inductive,0.5,clean,288,144,144,1,left_hand,0.0,0.7986111111111112,0.798611111111111,0.7969090657044079,0.7314814814814814,,,,,,,,,,,,
1,22,0train,1test,inductive,0.5,poisoned,288,144,144,1,left_hand,0.7037037037037037,0.7430555555555556,0.7430555555555556,0.7326940639269406,0.6574074074074074,,,,,,,,,,,,
1,22,0train,1test,inductive,0.5,spectral_baseline,284,144,144,1,left_hand,0.7037037037037037,0.7430555555555556,0.7430555555555556,0.7319819819819819,0.6574074074074074,0.13225858050238148,0.023976706726745463,4.0,0.013888888888888888,0.0,0.0,0.015444015444015444,,,,,
1,22,0train,1test,inductive,0.5,crcs,245,144,144,1,left_hand,0.0,0.7847222222222222,0.7847222222222222,0.7826739102575113,0.712962962962963,,,43.0,0.14930555555555555,1.0,0.6744186046511628,0.05405405405405406,1.0,0.17840390132131406,1.360854390747745,0.02997943794747086,1.0580062837900543
1,33,0train,1test,inductive,0.5,clean,288,144,144,1,left_hand,0.0,0.7708333333333334,0.7708333333333334,0.7677101018675722,0.6944444444444444,,,,,,,,,,,,
1,33,0train,1test,inductive,0.5,poisoned,288,144,144,1,left_hand,0.8518518518518519,0.6805555555555556,0.6805555555555556,0.6800126182496313,0.5740740740740741,,,,,,,,,,,,
1,33,0train,1test,inductive,0.5,spectral_baseline,284,144,144,1,left_hand,0.8611111111111112,0.6805555555555556,0.6805555555555556,0.6800126182496313,0.5740740740740741,0.13136481030219185,0.024192901677446095,4.0,0.013888888888888888,0.0,0.0,0.015444015444015444,,,,,
1,33,0train,1test,inductive,0.5,crcs,245,144,144,1,left_hand,0.0,0.7777777777777778,0.7777777777777778,0.7758465218991535,0.7037037037037037,,,43.0,0.14930555555555555,1.0,0.6744186046511628,0.05405405405405406,1.0,0.18696152687856027,1.5192198775153596,0.02799155880634173,1.0014821747112004
1,44,0train,1test,inductive,0.5,clean,288,144,144,1,left_hand,0.0,0.7708333333333334,0.7708333333333333,0.7688216490299823,0.6944444444444444,,,,,,,,,,,,
1,44,0train,1test,inductive,0.5,poisoned,288,144,144,1,left_hand,0.6388888888888888,0.7847222222222222,0.7847222222222221,0.7821969696969697,0.712962962962963,,,,,,,,,,,,
1,44,0train,1test,inductive,0.5,spectral_baseline,284,144,144,1,left_hand,0.7407407407407407,0.7430555555555556,0.7430555555555555,0.7379757479317621,0.6574074074074074,0.13238187953762282,0.02393161308785395,4.0,0.013888888888888888,0.0,0.0,0.015444015444015444,,,,,
1,44,0train,1test,inductive,0.5,crcs,245,144,144,1,left_hand,0.0,0.7847222222222222,0.7847222222222223,0.7827252791068581,0.712962962962963,,,43.0,0.14930555555555555,1.0,0.6744186046511628,0.05405405405405406,1.0,0.18916611262842375,1.8400429617146863,0.043367045494514464,1.0549213169011378
1,55,0train,1test,inductive,0.5,clean,288,144,144,1,left_hand,0.0,0.7638888888888888,0.7638888888888888,0.7644154797660035,0.6851851851851851,,,,,,,,,,,,
1,55,0train,1test,inductive,0.5,poisoned,288,144,144,1,left_hand,0.6296296296296297,0.7013888888888888,0.7013888888888888,0.6977854295034432,0.6018518518518519,,,,,,,,,,,,
1,55,0train,1test,inductive,0.5,spectral_baseline,284,144,144,1,left_hand,0.6296296296296297,0.7013888888888888,0.7013888888888888,0.6977854295034432,0.6018518518518519,0.13235200944452036,0.024750409299164167,4.0,0.013888888888888888,0.0,0.0,0.015444015444015444,,,,,
1,55,0train,1test,inductive,0.5,crcs,245,144,144,1,left_hand,0.0,0.7569444444444444,0.7569444444444444,0.7569181299831454,0.6759259259259259,,,43.0,0.14930555555555555,1.0,0.6744186046511628,0.05405405405405406,1.0,0.20106039912884288,1.4443445929087617,0.05130953281122565,0.9596313907570005
1,11,0train,1test,inductive,0.75,clean,288,216,72,1,left_hand,0.0,0.7638888888888888,0.763888888888889,0.7664324935400516,0.6851851851851851,,,,,,,,,,,,
1,11,0train,1test,inductive,0.75,poisoned,288,216,72,1,left_hand,0.5740740740740741,0.7777777777777778,0.7777777777777779,0.7753322259136213,0.7037037037037037,,,,,,,,,,,,
1,11,0train,1test,inductive,0.75,spectral_baseline,283,216,72,1,left_hand,0.5555555555555556,0.7638888888888888,0.7638888888888888,0.7624807987711213,0.6851851851851851,0.1318846173064076,0.024134091478231222,5.0,0.017361111111111112,0.0,0.0,0.019305019305019305,,,,,
1,11,0train,1test,inductive,0.75,crcs,245,216,72,1,left_hand,0.0,0.7638888888888888,0.763888888888889,0.7664324935400516,0.6851851851851851,,,43.0,0.14930555555555555,1.0,0.6744186046511628,0.05405405405405406,1.0,0.17642199026594363,1.3628636377724421,0.02512460029673362,1.0506964889023596
1,22,0train,1test,inductive,0.75,clean,288,216,72,1,left_hand,0.0,0.8055555555555556,0.8055555555555555,0.8035607035607035,0.7407407407407407,,,,,,,,,,,,
1,22,0train,1test,inductive,0.75,poisoned,288,216,72,1,left_hand,0.5925925925925926,0.7777777777777778,0.7777777777777778,0.7703353210612738,0.7037037037037037,,,,,,,,,,,,
1,22,0train,1test,inductive,0.75,spectral_baseline,284,216,72,1,left_hand,0.5740740740740741,0.75,0.75,0.7401556216121699,0.6666666666666667,0.13225858050238148,0.023976706726745463,4.0,0.013888888888888888,0.0,0.0,0.015444015444015444,,,,,
1,22,0train,1test,inductive,0.75,crcs,245,216,72,1,left_hand,0.0,0.8194444444444444,0.8194444444444444,0.8176117293764353,0.7592592592592593,,,43.0,0.14930555555555555,1.0,0.6744186046511628,0.05405405405405406,1.0,0.18154757350438572,1.4580243618658963,0.02591200515632155,1.0509679638502167
1,33,0train,1test,inductive,0.75,clean,288,216,72,1,left_hand,0.0,0.7777777777777778,0.7777777777777778,0.7731959534285116,0.7037037037037037,,,,,,,,,,,,
1,33,0train,1test,inductive,0.75,poisoned,288,216,72,1,left_hand,0.6296296296296297,0.7222222222222222,0.7222222222222222,0.7098137973137972,0.6296296296296297,,,,,,,,,,,,
1,33,0train,1test,inductive,0.75,spectral_baseline,284,216,72,1,left_hand,0.6481481481481481,0.7222222222222222,0.7222222222222222,0.7098137973137972,0.6296296296296297,0.13136481030219185,0.024192901677446095,4.0,0.013888888888888888,0.0,0.0,0.015444015444015444,,,,,
1,33,0train,1test,inductive,0.75,crcs,245,216,72,1,left_hand,0.0,0.7777777777777778,0.7777777777777778,0.7731959534285116,0.7037037037037037,,,43.0,0.14930555555555555,1.0,0.6744186046511628,0.05405405405405406,1.0,0.17111094079088524,1.3346671673478439,0.02959009929721179,0.9398529640919064
1,44,0train,1test,inductive,0.75,clean,288,216,72,1,left_hand,0.0,0.7638888888888888,0.7638888888888888,0.7628837719298245,0.6851851851851851,,,,,,,,,,,,
1,44,0train,1test,inductive,0.75,poisoned,288,216,72,1,left_hand,0.48148148148148145,0.7916666666666666,0.7916666666666667,0.7911506707946336,0.7222222222222222,,,,,,,,,,,,
1,44,0train,1test,inductive,0.75,spectral_baseline,284,216,72,1,left_hand,0.42592592592592593,0.7916666666666666,0.7916666666666666,0.791119691119691,0.7222222222222222,0.13238187953762282,0.02393161308785395,4.0,0.013888888888888888,0.0,0.0,0.015444015444015444,,,,,
1,44,0train,1test,inductive,0.75,crcs,245,216,72,1,left_hand,0.0,0.7916666666666666,0.7916666666666666,0.7906299840510367,0.7222222222222222,,,43.0,0.14930555555555555,1.0,0.6744186046511628,0.05405405405405406,1.0,0.18933039291565368,1.531999277624632,0.02959629835378637,1.1225312758437884
1,55,0train,1test,inductive,0.75,clean,288,216,72,1,left_hand,0.0,0.7638888888888888,0.763888888888889,0.7637923637923638,0.6851851851851851,,,,,,,,,,,,
1,55,0train,1test,inductive,0.75,poisoned,288,216,72,1,left_hand,0.6111111111111112,0.7222222222222222,0.7222222222222222,0.7237806461184675,0.6296296296296297,,,,,,,,,,,,
1,55,0train,1test,inductive,0.75,spectral_baseline,284,216,72,1,left_hand,0.5925925925925926,0.7083333333333334,0.7083333333333334,0.7098734051036683,0.6111111111111112,0.13235200944452036,0.024750409299164167,4.0,0.013888888888888888,0.0,0.0,0.015444015444015444,,,,,
1,55,0train,1test,inductive,0.75,crcs,245,216,72,1,left_hand,0.0,0.7361111111111112,0.7361111111111112,0.7343922206151309,0.6481481481481481,,,43.0,0.14930555555555555,1.0,0.6744186046511628,0.05405405405405406,1.0,0.18922958370893952,1.4222241387340764,0.039298127011120294,1.008792018678439
1,11,0train,1test,inductive,0.8,clean,288,232,56,1,left_hand,0.0,0.7678571428571429,0.7678571428571428,0.7691808191808192,0.6904761904761905,,,,,,,,,,,,
1,11,0train,1test,inductive,0.8,poisoned,288,232,56,1,left_hand,0.5714285714285714,0.7678571428571429,0.7678571428571428,0.7689614307261365,0.6904761904761905,,,,,,,,,,,,
1,11,0train,1test,inductive,0.8,spectral_baseline,283,232,56,1,left_hand,0.5714285714285714,0.7678571428571429,0.7678571428571428,0.7689614307261365,0.6904761904761905,0.1318846173064076,0.024134091478231222,5.0,0.017361111111111112,0.0,0.0,0.019305019305019305,,,,,
1,11,0train,1test,inductive,0.8,crcs,245,232,56,1,left_hand,0.0,0.75,0.75,0.7524193548387097,0.6666666666666667,,,43.0,0.14930555555555555,1.0,0.6744186046511628,0.05405405405405406,1.0,0.17546703434559027,1.356821276667292,0.026268637935016003,1.0414724137437332
1,22,0train,1test,inductive,0.8,clean,288,232,56,1,left_hand,0.0,0.8035714285714286,0.8035714285714286,0.8035714285714286,0.7380952380952381,,,,,,,,,,,,
1,22,0train,1test,inductive,0.8,poisoned,288,232,56,1,left_hand,0.5,0.8035714285714286,0.8035714285714286,0.7961101398601399,0.7380952380952381,,,,,,,,,,,,
1,22,0train,1test,inductive,0.8,spectral_baseline,284,232,56,1,left_hand,0.5,0.7857142857142857,0.7857142857142857,0.7741945554445555,0.7142857142857143,0.13225858050238148,0.023976706726745463,4.0,0.013888888888888888,0.0,0.0,0.015444015444015444,,,,,
1,22,0train,1test,inductive,0.8,crcs,245,232,56,1,left_hand,0.0,0.7857142857142857,0.7857142857142858,0.7854634190841088,0.7142857142857143,,,43.0,0.14930555555555555,1.0,0.6744186046511628,0.05405405405405406,1.0,0.17549617053947625,1.4318236590936686,0.02687309679545931,1.028059588763708
1,33,0train,1test,inductive,0.8,clean,288,232,56,1,left_hand,0.0,0.7321428571428571,0.7321428571428571,0.7251883512025499,0.6428571428571428,,,,,,,,,,,,
1,33,0train,1test,inductive,0.8,poisoned,288,232,56,1,left_hand,0.5476190476190477,0.6785714285714286,0.6785714285714285,0.6585640236956026,0.5714285714285714,,,,,,,,,,,,
1,33,0train,1test,inductive,0.8,spectral_baseline,284,232,56,1,left_hand,0.5476190476190477,0.6785714285714286,0.6785714285714285,0.6585640236956026,0.5714285714285714,0.13136481030219185,0.024192901677446095,4.0,0.013888888888888888,0.0,0.0,0.015444015444015444,,,,,
1,33,0train,1test,inductive,0.8,crcs,245,232,56,1,left_hand,0.0,0.7321428571428571,0.7321428571428571,0.7235968054933571,0.6428571428571428,,,43.0,0.14930555555555555,1.0,0.6744186046511628,0.05405405405405406,1.0,0.17665963607069884,1.4069611030429598,0.027554131232251828,0.9860264397473776
1,44,0train,1test,inductive,0.8,clean,288,232,56,1,left_hand,0.0,0.7678571428571429,0.7678571428571428,0.7652083333333333,0.6904761904761905,,,,,,,,,,,,
1,44,0train,1test,inductive,0.8,poisoned,288,232,56,1,left_hand,0.5238095238095238,0.8035714285714286,0.8035714285714285,0.8010208874057596,0.7380952380952381,,,,,,,,,,,,
1,44,0train,1test,inductive,0.8,spectral_baseline,284,232,56,1,left_hand,0.47619047619047616,0.7857142857142857,0.7857142857142857,0.7841143530798703,0.7142857142857143,0.13238187953762282,0.02393161308785395,4.0,0.013888888888888888,0.0,0.0,0.015444015444015444,,,,,
1,44,0train,1test,inductive,0.8,crcs,245,232,56,1,left_hand,0.0,0.7678571428571429,0.7678571428571428,0.7652083333333333,0.6904761904761905,,,43.0,0.14930555555555555,1.0,0.6744186046511628,0.05405405405405406,1.0,0.19578501489102007,1.5974743855832019,0.03366324828752346,1.1257467720746694
1,55,0train,1test,inductive,0.8,clean,288,232,56,1,left_hand,0.0,0.7678571428571429,0.7678571428571428,0.766405529953917,0.6904761904761905,,,,,,,,,,,,
1,55,0train,1test,inductive,0.8,poisoned,288,232,56,1,left_hand,0.5714285714285714,0.6964285714285714,0.6964285714285714,0.6915428321678322,0.5952380952380952,,,,,,,,,,,,
1,55,0train,1test,inductive,0.8,spectral_baseline,284,232,56,1,left_hand,0.5714285714285714,0.6964285714285714,0.6964285714285714,0.6915428321678322,0.5952380952380952,0.13235200944452036,0.024750409299164167,4.0,0.013888888888888888,0.0,0.0,0.015444015444015444,,,,,
1,55,0train,1test,inductive,0.8,crcs,245,232,56,1,left_hand,0.0,0.7678571428571429,0.7678571428571428,0.766405529953917,0.6904761904761905,,,43.0,0.14930555555555555,1.0,0.6744186046511628,0.05405405405405406,1.0,0.18279553840619947,1.3761113210082305,0.03398660801401498,0.987544031635918
1,11,0train,1test,transductive,0.0,clean,288,0,288,1,left_hand,0.0,0.7986111111111112,0.798611111111111,0.7992160144579733,0.7314814814814814,,,,,,,,,,,,
1,11,0train,1test,transductive,0.0,poisoned,288,0,288,1,left_hand,0.07407407407407407,0.7395833333333334,0.7395833333333334,0.7384088766703164,0.6527777777777778,,,,,,,,,,,,
1,11,0train,1test,transductive,0.0,spectral_baseline,283,0,288,1,left_hand,0.0787037037037037,0.7326388888888888,0.7326388888888888,0.7303833212288027,0.6435185185185186,0.1318846173064076,0.024134091478231222,5.0,0.017361111111111112,0.0,0.0,0.019305019305019305,,,,,
1,11,0train,1test,transductive,0.0,crcs,245,0,288,1,left_hand,0.032407407407407406,0.75,0.75,0.7482505262777123,0.6666666666666667,,,43.0,0.14930555555555555,0.0,0.0,0.16602316602316602,0.0,0.04135083917765224,1.0135232003832497,-0.04111024846588243,0.2618285064503132
1,22,0train,1test,transductive,0.0,clean,288,0,288,1,left_hand,0.0,0.7986111111111112,0.798611111111111,0.7992160144579733,0.7314814814814814,,,,,,,,,,,,
1,22,0train,1test,transductive,0.0,poisoned,288,0,288,1,left_hand,0.06944444444444445,0.7222222222222222,0.7222222222222223,0.7190735325857587,0.6296296296296297,,,,,,,,,,,,
1,22,0train,1test,transductive,0.0,spectral_baseline,284,0,288,1,left_hand,0.08333333333333333,0.7256944444444444,0.7256944444444444,0.7226480006697573,0.6342592592592593,0.13225858050238148,0.023976706726745463,4.0,0.013888888888888888,0.0,0.0,0.015444015444015444,,,,,
1,22,0train,1test,transductive,0.0,crcs,245,0,288,1,left_hand,0.05092592592592592,0.7256944444444444,0.7256944444444444,0.7231429872247038,0.6342592592592593,,,43.0,0.14930555555555555,0.0,0.0,0.16602316602316602,0.0,0.04320821916124376,0.907373607034832,-0.03810020917710264,0.2773127715433294
1,33,0train,1test,transductive,0.0,clean,288,0,288,1,left_hand,0.0,0.7986111111111112,0.798611111111111,0.7992160144579733,0.7314814814814814,,,,,,,,,,,,
1,33,0train,1test,transductive,0.0,poisoned,288,0,288,1,left_hand,0.14351851851851852,0.75,0.7499999999999999,0.7497340096824158,0.6666666666666667,,,,,,,,,,,,
1,33,0train,1test,transductive,0.0,spectral_baseline,284,0,288,1,left_hand,0.1574074074074074,0.7534722222222222,0.7534722222222222,0.7531555148082073,0.6712962962962963,0.13136481030219185,0.024192901677446095,4.0,0.013888888888888888,0.0,0.0,0.015444015444015444,,,,,
1,33,0train,1test,transductive,0.0,crcs,245,0,288,1,left_hand,0.05092592592592592,0.7430555555555556,0.7430555555555556,0.7420020124575315,0.6574074074074074,,,43.0,0.14930555555555555,0.0,0.0,0.16602316602316602,0.0,0.038650141637446525,0.47762461610419155,-0.04027135820205465,0.26161966503260875
1,44,0train,1test,transductive,0.0,clean,288,0,288,1,left_hand,0.0,0.7986111111111112,0.798611111111111,0.7992160144579733,0.7314814814814814,,,,,,,,,,,,
1,44,0train,1test,transductive,0.0,poisoned,288,0,288,1,left_hand,0.10648148148148148,0.7673611111111112,0.7673611111111112,0.7671146357093562,0.6898148148148149,,,,,,,,,,,,
1,44,0train,1test,transductive,0.0,spectral_baseline,284,0,288,1,left_hand,0.1111111111111111,0.7604166666666666,0.7604166666666667,0.7601603189324145,0.6805555555555556,0.13238187953762282,0.02393161308785395,4.0,0.013888888888888888,0.0,0.0,0.015444015444015444,,,,,
1,44,0train,1test,transductive,0.0,crcs,245,0,288,1,left_hand,0.046296296296296294,0.7638888888888888,0.7638888888888888,0.7625670498888389,0.6851851851851851,,,43.0,0.14930555555555555,0.0,0.0,0.16602316602316602,0.0,0.0430953956217133,0.7921475545565564,-0.04038803367318305,0.27878382331509577
1,55,0train,1test,transductive,0.0,clean,288,0,288,1,left_hand,0.0,0.7986111111111112,0.798611111111111,0.7992160144579733,0.7314814814814814,,,,,,,,,,,,
1,55,0train,1test,transductive,0.0,poisoned,288,0,288,1,left_hand,0.1574074074074074,0.7569444444444444,0.7569444444444444,0.7554865413441525,0.6759259259259259,,,,,,,,,,,,
1,55,0train,1test,transductive,0.0,spectral_baseline,284,0,288,1,left_hand,0.18055555555555555,0.7604166666666666,0.7604166666666666,0.7596971670783673,0.6805555555555556,0.13235200944452036,0.024750409299164167,4.0,0.013888888888888888,0.0,0.0,0.015444015444015444,,,,,
1,55,0train,1test,transductive,0.0,crcs,245,0,288,1,left_hand,0.14351851851851852,0.7673611111111112,0.7673611111111112,0.7664931980625411,0.6898148148148149,,,43.0,0.14930555555555555,0.0,0.0,0.16602316602316602,0.0,0.043974333033769596,0.7634002670728359,-0.03544632930886531,0.26405236385075725
1,11,0train,1test,transductive,0.1,clean,288,28,260,1,left_hand,0.0,0.7846153846153846,0.7846153846153846,0.7853603262139848,0.7128205128205128,,,,,,,,,,,,
1,11,0train,1test,transductive,0.1,poisoned,288,28,260,1,left_hand,0.06153846153846154,0.7461538461538462,0.7461538461538462,0.7443418803418804,0.6615384615384615,,,,,,,,,,,,
1,11,0train,1test,transductive,0.1,spectral_baseline,283,28,260,1,left_hand,0.07692307692307693,0.7461538461538462,0.7461538461538462,0.7440621733041403,0.6615384615384615,0.1318846173064076,0.024134091478231222,5.0,0.017361111111111112,0.0,0.0,0.019305019305019305,,,,,
1,11,0train,1test,transductive,0.1,crcs,245,28,260,1,left_hand,0.0,0.7846153846153846,0.7846153846153846,0.7848071418085731,0.7128205128205128,,,43.0,0.14930555555555555,1.0,0.6744186046511628,0.05405405405405406,1.0,0.1727868813925941,1.1611949462437188,0.0532667621500714,0.7855561007689271
1,22,0train,1test,transductive,0.1,clean,288,28,260,1,left_hand,0.0,0.7884615384615384,0.7884615384615385,0.788339987725577,0.717948717948718,,,,,,,,,,,,
1,22,0train,1test,transductive,0.1,poisoned,288,28,260,1,left_hand,0.06153846153846154,0.7461538461538462,0.7461538461538461,0.7435142912355839,0.6615384615384615,,,,,,,,,,,,
1,22,0train,1test,transductive,0.1,spectral_baseline,284,28,260,1,left_hand,0.05641025641025641,0.7538461538461538,0.7538461538461538,0.750881376707468,0.6717948717948719,0.13225858050238148,0.023976706726745463,4.0,0.013888888888888888,0.0,0.0,0.015444015444015444,,,,,
1,22,0train,1test,transductive,0.1,crcs,245,28,260,1,left_hand,0.6923076923076923,0.7692307692307693,0.7692307692307694,0.7681381118881119,0.6923076923076923,,,43.0,0.14930555555555555,0.9655172413793104,0.6511627906976745,0.05791505791505792,1.0,0.18681486302430395,1.4178794053201735,0.07067015800086852,0.5637665577480965
1,33,0train,1test,transductive,0.1,clean,288,28,260,1,left_hand,0.0,0.7961538461538461,0.7961538461538462,0.7968295797575584,0.7282051282051283,,,,,,,,,,,,
1,33,0train,1test,transductive,0.1,poisoned,288,28,260,1,left_hand,0.12307692307692308,0.75,0.75,0.7498374805343203,0.6666666666666667,,,,,,,,,,,,
1,33,0train,1test,transductive,0.1,spectral_baseline,284,28,260,1,left_hand,0.1282051282051282,0.7461538461538462,0.7461538461538462,0.7457395756222662,0.6615384615384615,0.13136481030219185,0.024192901677446095,4.0,0.013888888888888888,0.0,0.0,0.015444015444015444,,,,,
1,33,0train,1test,transductive,0.1,crcs,245,28,260,1,left_hand,0.0,0.7576923076923077,0.7576923076923077,0.7602248704295518,0.676923076923077,,,43.0,0.14930555555555555,1.0,0.6744186046511628,0.05405405405405406,1.0,0.423903276702919,3.8550835934352516,0.022594826786870154,2.020794307869302
1,44,0train,1test,transductive,0.1,clean,288,28,260,1,left_hand,0.0,0.7846153846153846,0.7846153846153846,0.784034009322278,0.7128205128205128,,,,,,,,,,,,
1,44,0train,1test,transductive,0.1,poisoned,288,28,260,1,left_hand,0.041025641025641026,0.7653846153846153,0.7653846153846153,0.7632107288278009,0.6871794871794872,,,,,,,,,,,,
1,44,0train,1test,transductive,0.1,spectral_baseline,284,28,260,1,left_hand,0.05128205128205128,0.7384615384615385,0.7384615384615385,0.7359156657168867,0.6512820512820513,0.13238187953762282,0.02393161308785395,4.0,0.013888888888888888,0.0,0.0,0.015444015444015444,,,,,
1,44,0train,1test,transductive,0.1,crcs,245,28,260,1,left_hand,0.8923076923076924,0.7615384615384615,0.7615384615384616,0.7576697841779423,0.6820512820512821,,,43.0,0.14930555555555555,0.896551724137931,0.6046511627906976,0.06563706563706563,1.0,0.1679112804509973,1.0508190607150791,0.040456584478240826,0.800338626870224
1,55,0train,1test,transductive,0.1,clean,288,28,260,1,left_hand,0.0,0.7846153846153846,0.7846153846153847,0.7846362840218732,0.7128205128205128,,,,,,,,,,,,
1,55,0train,1test,transductive,0.1,poisoned,288,28,260,1,left_hand,0.15384615384615385,0.75,0.75,0.7494542791363733,0.6666666666666667,,,,,,,,,,,,
1,55,0train,1test,transductive,0.1,spectral_baseline,284,28,260,1,left_hand,0.15384615384615385,0.7538461538461538,0.7538461538461538,0.7534495013183538,0.6717948717948719,0.13235200944452036,0.024750409299164167,4.0,0.013888888888888888,0.0,0.0,0.015444015444015444,,,,,
1,55,0train,1test,transductive,0.1,crcs,245,28,260,1,left_hand,0.0,0.7730769230769231,0.7730769230769231,0.7738787503445548,0.6974358974358974,,,43.0,0.14930555555555555,1.0,0.6744186046511628,0.05405405405405406,1.0,0.3504821286304816,2.771626125199385,0.03796822683992855,1.4379861493597443
1,11,0train,1test,transductive,0.25,clean,288,72,216,1,left_hand,0.0,0.7870370370370371,0.787037037037037,0.7876051419349323,0.7160493827160495,,,,,,,,,,,,
1,11,0train,1test,transductive,0.25,poisoned,288,72,216,1,left_hand,0.037037037037037035,0.7638888888888888,0.7638888888888888,0.7626299856225677,0.6851851851851851,,,,,,,,,,,,
1,11,0train,1test,transductive,0.25,spectral_baseline,283,72,216,1,left_hand,0.037037037037037035,0.7546296296296297,0.7546296296296295,0.7532637391239683,0.6728395061728395,0.1318846173064076,0.024134091478231222,5.0,0.017361111111111112,0.0,0.0,0.019305019305019305,,,,,
1,11,0train,1test,transductive,0.25,crcs,245,72,216,1,left_hand,0.0,0.7870370370370371,0.7870370370370371,0.7873241026479628,0.7160493827160495,,,43.0,0.14930555555555555,1.0,0.6744186046511628,0.05405405405405406,1.0,0.21230481540750878,1.5435709858290407,0.06083293103361467,1.0710144567512425
1,22,0train,1test,transductive,0.25,clean,288,72,216,1,left_hand,0.0,0.8101851851851852,0.8101851851851851,0.8091987468507351,0.7469135802469136,,,,,,,,,,,,
1,22,0train,1test,transductive,0.25,poisoned,288,72,216,1,left_hand,0.024691358024691357,0.7638888888888888,0.7638888888888888,0.7613228482676833,0.6851851851851851,,,,,,,,,,,,
1,22,0train,1test,transductive,0.25,spectral_baseline,284,72,216,1,left_hand,0.024691358024691357,0.7638888888888888,0.7638888888888888,0.7613228482676833,0.6851851851851851,0.13225858050238148,0.023976706726745463,4.0,0.013888888888888888,0.0,0.0,0.015444015444015444,,,,,
1,22,0train,1test,transductive,0.25,crcs,245,72,216,1,left_hand,0.0,0.8101851851851852,0.8101851851851851,0.8100016235426408,0.7469135802469136,,,43.0,0.14930555555555555,1.0,0.6744186046511628,0.05405405405405406,1.0,0.18662456461983992,1.937951058504723,0.029281018199250972,0.9848725993680681
1,33,0train,1test,transductive,0.25,clean,288,72,216,1,left_hand,0.0,0.7916666666666666,0.7916666666666666,0.7910085197821046,0.7222222222222222,,,,,,,,,,,,
1,33,0train,1test,transductive,0.25,poisoned,288,72,216,1,left_hand,0.1111111111111111,0.7546296296296297,0.7546296296296295,0.7542583797701241,0.6728395061728395,,,,,,,,,,,,
1,33,0train,1test,transductive,0.25,spectral_baseline,284,72,216,1,left_hand,0.9629629629629629,0.7129629629629629,0.712962962962963,0.7140775573810288,0.617283950617284,0.13136481030219185,0.024192901677446095,4.0,0.013888888888888888,0.0,0.0,0.015444015444015444,,,,,
1,33,0train,1test,transductive,0.25,crcs,245,72,216,1,left_hand,0.0,0.7916666666666666,0.7916666666666667,0.7913887300679754,0.7222222222222222,,,43.0,0.14930555555555555,1.0,0.6744186046511628,0.05405405405405406,1.0,0.22051592433805617,1.8030191137434763,0.03279768306195596,1.0886256482326877
1,44,0train,1test,transductive,0.25,clean,288,72,216,1,left_hand,0.0,0.7546296296296297,0.7546296296296295,0.753507328584728,0.6728395061728395,,,,,,,,,,,,
1,44,0train,1test,transductive,0.25,poisoned,288,72,216,1,left_hand,0.030864197530864196,0.7453703703703703,0.7453703703703705,0.7423827791986359,0.6604938271604939,,,,,,,,,,,,
1,44,0train,1test,transductive,0.25,spectral_baseline,284,72,216,1,left_hand,0.030864197530864196,0.7314814814814815,0.7314814814814815,0.7274169941353014,0.6419753086419753,0.13238187953762282,0.02393161308785395,4.0,0.013888888888888888,0.0,0.0,0.015444015444015444,,,,,
1,44,0train,1test,transductive,0.25,crcs,245,72,216,1,left_hand,0.0,0.7546296296296297,0.7546296296296295,0.7533266901322472,0.6728395061728395,,,43.0,0.14930555555555555,1.0,0.6744186046511628,0.05405405405405406,1.0,0.17803070577261199,1.4164774662930775,0.02042076884894081,1.0620187486669657
1,55,0train,1test,transductive,0.25,clean,288,72,216,1,left_hand,0.0,0.7777777777777778,0.7777777777777778,0.7774943115503035,0.7037037037037037,,,,,,,,,,,,
1,55,0train,1test,transductive,0.25,poisoned,288,72,216,1,left_hand,0.9012345679012346,0.6944444444444444,0.6944444444444444,0.6919306019772988,0.5925925925925926,,,,,,,,,,,,
1,55,0train,1test,transductive,0.25,spectral_baseline,284,72,216,1,left_hand,0.9012345679012346,0.6805555555555556,0.6805555555555556,0.6783394583887195,0.5740740740740741,0.13235200944452036,0.024750409299164167,4.0,0.013888888888888888,0.0,0.0,0.015444015444015444,,,,,
1,55,0train,1test,transductive,0.25,crcs,245,72,216,1,left_hand,0.0,0.7638888888888888,0.7638888888888888,0.7635815760815761,0.6851851851851851,,,43.0,0.14930555555555555,1.0,0.6744186046511628,0.05405405405405406,1.0,0.19091455596583504,1.3254583323072389,0.0453968237717712,0.949898023974493
1,11,0train,1test,transductive,0.5,clean,288,144,144,1,left_hand,0.0,0.7638888888888888,0.7638888888888888,0.7649856894910496,0.6851851851851851,,,,,,,,,,,,
1,11,0train,1test,transductive,0.5,poisoned,288,144,144,1,left_hand,0.6203703703703703,0.7638888888888888,0.7638888888888888,0.7630584631954496,0.6851851851851851,,,,,,,,,,,,
1,11,0train,1test,transductive,0.5,spectral_baseline,283,144,144,1,left_hand,0.6111111111111112,0.75,0.75,0.7489845144620565,0.6666666666666667,0.1318846173064076,0.024134091478231222,5.0,0.017361111111111112,0.0,0.0,0.019305019305019305,,,,,
1,11,0train,1test,transductive,0.5,crcs,245,144,144,1,left_hand,0.0,0.75,0.75,0.7512848035389019,0.6666666666666667,,,43.0,0.14930555555555555,1.0,0.6744186046511628,0.05405405405405406,1.0,0.17600557658773366,1.3376763911994702,0.03262699646499423,1.037536042557556
1,22,0train,1test,transductive,0.5,clean,288,144,144,1,left_hand,0.0,0.8125,0.8125,0.8113245389689057,0.75,,,,,,,,,,,,
1,22,0train,1test,transductive,0.5,poisoned,288,144,144,1,left_hand,0.7037037037037037,0.7430555555555556,0.7430555555555556,0.7326940639269406,0.6574074074074074,,,,,,,,,,,,
1,22,0train,1test,transductive,0.5,spectral_baseline,284,144,144,1,left_hand,0.7037037037037037,0.7361111111111112,0.7361111111111112,0.7260387531539827,0.6481481481481481,0.13225858050238148,0.023976706726745463,4.0,0.013888888888888888,0.0,0.0,0.015444015444015444,,,,,
1,22,0train,1test,transductive,0.5,crcs,245,144,144,1,left_hand,0.0,0.7847222222222222,0.7847222222222222,0.7826739102575113,0.712962962962963,,,43.0,0.14930555555555555,1.0,0.6744186046511628,0.05405405405405406,1.0,0.17821741185379866,1.3446718762859537,0.02965571584468739,1.044125296477084
1,33,0train,1test,transductive,0.5,clean,288,144,144,1,left_hand,0.0,0.7708333333333334,0.7708333333333334,0.7677101018675722,0.6944444444444444,,,,,,,,,,,,
1,33,0train,1test,transductive,0.5,poisoned,288,144,144,1,left_hand,0.8333333333333334,0.6805555555555556,0.6805555555555556,0.6801822117706655,0.5740740740740741,,,,,,,,,,,,
1,33,0train,1test,transductive,0.5,spectral_baseline,284,144,144,1,left_hand,0.8333333333333334,0.6805555555555556,0.6805555555555556,0.6801822117706655,0.5740740740740741,0.13136481030219185,0.024192901677446095,4.0,0.013888888888888888,0.0,0.0,0.015444015444015444,,,,,
1,33,0train,1test,transductive,0.5,crcs,245,144,144,1,left_hand,0.0,0.7777777777777778,0.7777777777777778,0.7758617508617509,0.7037037037037037,,,43.0,0.14930555555555555,1.0,0.6744186046511628,0.05405405405405406,1.0,0.1838455861083007,1.4865939164493944,0.028584739755548334,0.9779463311501237
1,44,0train,1test,transductive,0.5,clean,288,144,144,1,left_hand,0.0,0.7569444444444444,0.7569444444444444,0.7558599604974325,0.6759259259259259,,,,,,,,,,,,
1,44,0train,1test,transductive,0.5,poisoned,288,144,144,1,left_hand,0.6666666666666666,0.7847222222222222,0.7847222222222221,0.7821969696969697,0.712962962962963,,,,,,,,,,,,
1,44,0train,1test,transductive,0.5,spectral_baseline,284,144,144,1,left_hand,0.7592592592592593,0.7430555555555556,0.7430555555555555,0.7391099014039562,0.6574074074074074,0.13238187953762282,0.02393161308785395,4.0,0.013888888888888888,0.0,0.0,0.015444015444015444,,,,,
1,44,0train,1test,transductive,0.5,crcs,245,144,144,1,left_hand,0.0,0.7777777777777778,0.7777777777777778,0.7771301861732065,0.7037037037037037,,,43.0,0.14930555555555555,1.0,0.6744186046511628,0.05405405405405406,1.0,0.18578618491478402,1.7741491607200013,0.0420757732498916,1.0397889937311708
1,55,0train,1test,transductive,0.5,clean,288,144,144,1,left_hand,0.0,0.7708333333333334,0.7708333333333333,0.7714534624231812,0.6944444444444444,,,,,,,,,,,,
1,55,0train,1test,transductive,0.5,poisoned,288,144,144,1,left_hand,0.7129629629629629,0.7083333333333334,0.7083333333333333,0.7058499456324755,0.6111111111111112,,,,,,,,,,,,
1,55,0train,1test,transductive,0.5,spectral_baseline,284,144,144,1,left_hand,0.7129629629629629,0.7083333333333334,0.7083333333333333,0.7058499456324755,0.6111111111111112,0.13235200944452036,0.024750409299164167,4.0,0.013888888888888888,0.0,0.0,0.015444015444015444,,,,,
1,55,0train,1test,transductive,0.5,crcs,245,144,144,1,left_hand,0.0,0.7361111111111112,0.7361111111111112,0.7362371936170894,0.6481481481481481,,,43.0,0.14930555555555555,1.0,0.6744186046511628,0.05405405405405406,1.0,0.19858744246424717,1.4303536938419177,0.05063031229053968,0.9410748628950425
1,11,0train,1test,transductive,0.75,clean,288,216,72,1,left_hand,0.0,0.7638888888888888,0.763888888888889,0.7664324935400516,0.6851851851851851,,,,,,,,,,,,
1,11,0train,1test,transductive,0.75,poisoned,288,216,72,1,left_hand,0.5740740740740741,0.7777777777777778,0.7777777777777779,0.7753322259136213,0.7037037037037037,,,,,,,,,,,,
1,11,0train,1test,transductive,0.75,spectral_baseline,283,216,72,1,left_hand,0.5555555555555556,0.7777777777777778,0.7777777777777779,0.7753322259136213,0.7037037037037037,0.1318846173064076,0.024134091478231222,5.0,0.017361111111111112,0.0,0.0,0.019305019305019305,,,,,
1,11,0train,1test,transductive,0.75,crcs,245,216,72,1,left_hand,0.0,0.7361111111111112,0.736111111111111,0.741026664730933,0.6481481481481481,,,43.0,0.14930555555555555,1.0,0.6744186046511628,0.05405405405405406,1.0,0.177207459443412,1.3628888930138414,0.026834379682768937,1.0390176356674656
1,22,0train,1test,transductive,0.75,clean,288,216,72,1,left_hand,0.0,0.8055555555555556,0.8055555555555555,0.8035607035607035,0.7407407407407407,,,,,,,,,,,,
1,22,0train,1test,transductive,0.75,poisoned,288,216,72,1,left_hand,0.5925925925925926,0.7777777777777778,0.7777777777777778,0.7703353210612738,0.7037037037037037,,,,,,,,,,,,
1,22,0train,1test,transductive,0.75,spectral_baseline,284,216,72,1,left_hand,0.5740740740740741,0.7638888888888888,0.7638888888888888,0.7532967032967033,0.6851851851851851,0.13225858050238148,0.023976706726745463,4.0,0.013888888888888888,0.0,0.0,0.015444015444015444,,,,,
1,22,0train,1test,transductive,0.75,crcs,245,216,72,1,left_hand,0.0,0.8194444444444444,0.8194444444444444,0.8174495924495926,0.7592592592592593,,,43.0,0.14930555555555555,1.0,0.6744186046511628,0.05405405405405406,1.0,0.1835629866539545,1.4709141788630282,0.025546012533619947,1.0620550696318964
1,33,0train,1test,transductive,0.75,clean,288,216,72,1,left_hand,0.0,0.7777777777777778,0.7777777777777777,0.7754614370468029,0.7037037037037037,,,,,,,,,,,,
1,33,0train,1test,transductive,0.75,poisoned,288,216,72,1,left_hand,0.6851851851851852,0.7222222222222222,0.7222222222222222,0.7098137973137972,0.6296296296296297,,,,,,,,,,,,
1,33,0train,1test,transductive,0.75,spectral_baseline,284,216,72,1,left_hand,0.6481481481481481,0.7222222222222222,0.7222222222222222,0.7098137973137972,0.6296296296296297,0.13136481030219185,0.024192901677446095,4.0,0.013888888888888888,0.0,0.0,0.015444015444015444,,,,,
1,33,0train,1test,transductive,0.75,crcs,245,216,72,1,left_hand,0.0,0.7638888888888888,0.7638888888888888,0.7587947703801363,0.6851851851851851,,,43.0,0.14930555555555555,1.0,0.6744186046511628,0.05405405405405406,1.0,0.1692330394943176,1.319340050521812,0.029749199024310183,0.9214238913792671
1,44,0train,1test,transductive,0.75,clean,288,216,72,1,left_hand,0.0,0.7361111111111112,0.736111111111111,0.7370259287925697,0.6481481481481481,,,,,,,,,,,,
1,44,0train,1test,transductive,0.75,poisoned,288,216,72,1,left_hand,0.5,0.7916666666666666,0.7916666666666666,0.7893923335099805,0.7222222222222222,,,,,,,,,,,,
1,44,0train,1test,transductive,0.75,spectral_baseline,284,216,72,1,left_hand,0.5,0.7777777777777778,0.7777777777777778,0.7753861003861003,0.7037037037037037,0.13238187953762282,0.02393161308785395,4.0,0.013888888888888888,0.0,0.0,0.015444015444015444,,,,,
1,44,0train,1test,transductive,0.75,crcs,245,216,72,1,left_hand,0.0,0.7916666666666666,0.7916666666666666,0.7906299840510367,0.7222222222222222,,,43.0,0.14930555555555555,1.0,0.6744186046511628,0.05405405405405406,1.0,0.18847200126028824,1.5390658311085927,0.030296449283957114,1.098696987708801
1,55,0train,1test,transductive,0.75,clean,288,216,72,1,left_hand,0.0,0.75,0.75,0.7502788502788503,0.6666666666666667,,,,,,,,,,,,
1,55,0train,1test,transductive,0.75,poisoned,288,216,72,1,left_hand,0.5925925925925926,0.7361111111111112,0.736111111111111,0.7381485238021741,0.6481481481481481,,,,,,,,,,,,
1,55,0train,1test,transductive,0.75,spectral_baseline,284,216,72,1,left_hand,0.5925925925925926,0.7222222222222222,0.7222222222222222,0.7227409922656103,0.6296296296296297,0.13235200944452036,0.024750409299164167,4.0,0.013888888888888888,0.0,0.0,0.015444015444015444,,,,,
1,55,0train,1test,transductive,0.75,crcs,245,216,72,1,left_hand,0.0,0.7361111111111112,0.7361111111111112,0.7343922206151309,0.6481481481481481,,,43.0,0.14930555555555555,1.0,0.6744186046511628,0.05405405405405406,1.0,0.18924820382230484,1.4247777512916977,0.039974111804179945,1.012973765935076
1,11,0train,1test,transductive,0.8,clean,288,232,56,1,left_hand,0.0,0.7678571428571429,0.7678571428571428,0.7691808191808192,0.6904761904761905,,,,,,,,,,,,
1,11,0train,1test,transductive,0.8,poisoned,288,232,56,1,left_hand,0.5476190476190477,0.7678571428571429,0.7678571428571428,0.7689614307261365,0.6904761904761905,,,,,,,,,,,,
1,11,0train,1test,transductive,0.8,spectral_baseline,283,232,56,1,left_hand,0.5238095238095238,0.7678571428571429,0.7678571428571428,0.7689614307261365,0.6904761904761905,0.1318846173064076,0.024134091478231222,5.0,0.017361111111111112,0.0,0.0,0.019305019305019305,,,,,
1,11,0train,1test,transductive,0.8,crcs,245,232,56,1,left_hand,0.0,0.75,0.75,0.7524193548387097,0.6666666666666667,,,43.0,0.14930555555555555,1.0,0.6744186046511628,0.05405405405405406,1.0,0.17475088910868986,1.353446442564243,0.02690850169945728,1.0324261611389807
1,22,0train,1test,transductive,0.8,clean,288,232,56,1,left_hand,0.0,0.8035714285714286,0.8035714285714286,0.8035714285714286,0.7380952380952381,,,,,,,,,,,,
1,22,0train,1test,transductive,0.8,poisoned,288,232,56,1,left_hand,0.5,0.8035714285714286,0.8035714285714286,0.7961101398601399,0.7380952380952381,,,,,,,,,,,,
1,22,0train,1test,transductive,0.8,spectral_baseline,284,232,56,1,left_hand,0.5,0.7857142857142857,0.7857142857142857,0.7741945554445555,0.7142857142857143,0.13225858050238148,0.023976706726745463,4.0,0.013888888888888888,0.0,0.0,0.015444015444015444,,,,,
1,22,0train,1test,transductive,0.8,crcs,245,232,56,1,left_hand,0.0,0.7857142857142857,0.7857142857142858,0.7854634190841088,0.7142857142857143,,,43.0,0.14930555555555555,1.0,0.6744186046511628,0.05405405405405406,1.0,0.17790496735339337,1.4507622496689796,0.02724300731393406,1.046879018063156
1,33,0train,1test,transductive,0.8,clean,288,232,56,1,left_hand,0.0,0.7321428571428571,0.7321428571428571,0.7251883512025499,0.6428571428571428,,,,,,,,,,,,
1,33,0train,1test,transductive,0.8,poisoned,288,232,56,1,left_hand,0.5238095238095238,0.6785714285714286,0.6785714285714285,0.6576170539986329,0.5714285714285714,,,,,,,,,,,,
1,33,0train,1test,transductive,0.8,spectral_baseline,284,232,56,1,left_hand,0.5476190476190477,0.6785714285714286,0.6785714285714285,0.6576170539986329,0.5714285714285714,0.13136481030219185,0.024192901677446095,4.0,0.013888888888888888,0.0,0.0,0.015444015444015444,,,,,
1,33,0train,1test,transductive,0.8,crcs,245,232,56,1,left_hand,0.0,0.7321428571428571,0.7321428571428571,0.7235968054933571,0.6428571428571428,,,43.0,0.14930555555555555,1.0,0.6744186046511628,0.05405405405405406,1.0,0.1741029676631143,1.388807451107051,0.02753495800081176,0.9641671996779535
1,44,0train,1test,transductive,0.8,clean,288,232,56,1,left_hand,0.0,0.75,0.75,0.7484698097601323,0.6666666666666667,,,,,,,,,,,,
1,44,0train,1test,transductive,0.8,poisoned,288,232,56,1,left_hand,0.5476190476190477,0.7678571428571429,0.7678571428571428,0.7646835922697992,0.6904761904761905,,,,,,,,,,,,
1,44,0train,1test,transductive,0.8,spectral_baseline,284,232,56,1,left_hand,0.5476190476190477,0.7678571428571429,0.7678571428571428,0.7646835922697992,0.6904761904761905,0.13238187953762282,0.02393161308785395,4.0,0.013888888888888888,0.0,0.0,0.015444015444015444,,,,,
1,44,0train,1test,transductive,0.8,crcs,245,232,56,1,left_hand,0.0,0.75,0.75,0.7484698097601323,0.6666666666666667,,,43.0,0.14930555555555555,1.0,0.6744186046511628,0.05405405405405406,1.0,0.19396892705694693,1.600606236780175,0.033761559135648975,1.1037250949134045
1,55,0train,1test,transductive,0.8,clean,288,232,56,1,left_hand,0.0,0.7678571428571429,0.7678571428571428,0.766405529953917,0.6904761904761905,,,,,,,,,,,,
1,55,0train,1test,transductive,0.8,poisoned,288,232,56,1,left_hand,0.5714285714285714,0.6964285714285714,0.6964285714285714,0.6915428321678322,0.5952380952380952,,,,,,,,,,,,
1,55,0train,1test,transductive,0.8,spectral_baseline,284,232,56,1,left_hand,0.5714285714285714,0.6964285714285714,0.6964285714285714,0.6915428321678322,0.5952380952380952,0.13235200944452036,0.024750409299164167,4.0,0.013888888888888888,0.0,0.0,0.015444015444015444,,,,,
1,55,0train,1test,transductive,0.8,crcs,245,232,56,1,left_hand,0.0,0.75,0.75,0.7492673992673993,0.6666666666666667,,,43.0,0.14930555555555555,1.0,0.6744186046511628,0.05405405405405406,1.0,0.1828405632505404,1.3739135342112883,0.034111153843189204,0.9877833799699359
2,11,0train,1test,inductive,0.0,clean,288,0,288,1,left_hand,0.0,0.5381944444444444,0.5381944444444444,0.4912409200968523,0.3842592592592593,,,,,,,,,,,,
2,11,0train,1test,inductive,0.0,poisoned,288,0,288,1,left_hand,0.14351851851851852,0.5,0.5,0.4392509395669798,0.33333333333333337,,,,,,,,,,,,
2,11,0train,1test,inductive,0.0,spectral_baseline,285,0,288,1,left_hand,0.1111111111111111,0.4861111111111111,0.48611111111111105,0.4206226948475011,0.31481481481481477,0.14922186317430017,0.02657110845934843,3.0,0.010416666666666666,0.0,0.0,0.011583011583011582,,,,,
2,11,0train,1test,inductive,0.0,crcs,245,0,288,1,left_hand,0.09722222222222222,0.4895833333333333,0.48958333333333337,0.42558639062426196,0.3194444444444444,,,43.0,0.14930555555555555,0.0,0.0,0.16602316602316602,0.0,0.05901008710564196,0.6193910551345219,-0.00035215890065883976,0.35506637709318145
2,22,0train,1test,inductive,0.0,clean,288,0,288,1,left_hand,0.0,0.5381944444444444,0.5381944444444444,0.4912409200968523,0.3842592592592593,,,,,,,,,,,,
2,22,0train,1test,inductive,0.0,poisoned,288,0,288,1,left_hand,0.1527777777777778,0.4444444444444444,0.4444444444444444,0.3902429655238644,0.2592592592592593,,,,,,,,,,,,
2,22,0train,1test,inductive,0.0,spectral_baseline,286,0,288,1,left_hand,0.12962962962962962,0.4375,0.4375,0.38486351167119565,0.25,0.14969114676339607,0.027463600298488253,2.0,0.006944444444444444,0.0,0.0,0.007722007722007722,,,,,
2,22,0train,1test,inductive,0.0,crcs,245,0,288,1,left_hand,0.11574074074074074,0.4930555555555556,0.4930555555555556,0.4604624327467495,0.32407407407407407,,,43.0,0.14930555555555555,0.0,0.0,0.16602316602316602,0.0,0.06137072547256127,0.6849220644059295,0.0004611568862691372,0.33197293299978303
2,33,0train,1test,inductive,0.0,clean,288,0,288,1,left_hand,0.0,0.5381944444444444,0.5381944444444444,0.4912409200968523,0.3842592592592593,,,,,,,,,,,,
2,33,0train,1test,inductive,0.0,poisoned,288,0,288,1,left_hand,0.18055555555555555,0.4965277777777778,0.4965277777777778,0.4458076563958917,0.3287037037037037,,,,,,,,,,,,
2,33,0train,1test,inductive,0.0,spectral_baseline,286,0,288,1,left_hand,0.16203703703703703,0.4895833333333333,0.48958333333333337,0.43469209818314675,0.3194444444444444,0.14952850160060954,0.027160021716521418,2.0,0.006944444444444444,0.0,0.0,0.007722007722007722,,,,,
2,33,0train,1test,inductive,0.0,crcs,245,0,288,1,left_hand,0.19907407407407407,0.5034722222222222,0.5034722222222222,0.45196948153056904,0.3379629629629629,,,43.0,0.14930555555555555,0.0,0.0,0.16602316602316602,0.0,0.05771664809860355,0.6710612403546867,3.4096930822877354e-05,0.31854120061730345
2,44,0train,1test,inductive,0.0,clean,288,0,288,1,left_hand,0.0,0.5381944444444444,0.5381944444444444,0.4912409200968523,0.3842592592592593,,,,,,,,,,,,
2,44,0train,1test,inductive,0.0,poisoned,288,0,288,1,left_hand,0.16666666666666666,0.4861111111111111,0.4861111111111111,0.43932421076044853,0.31481481481481477,,,,,,,,,,,,
2,44,0train,1test,inductive,0.0,spectral_baseline,286,0,288,1,left_hand,0.16203703703703703,0.4895833333333333,0.48958333333333337,0.4483068156356245,0.3194444444444444,0.14975466381021552,0.027400083251668803,2.0,0.006944444444444444,0.0,0.0,0.007722007722007722,,,,,
2,44,0train,1test,inductive,0.0,crcs,245,0,288,1,left_hand,0.14351851851851852,0.4791666666666667,0.47916666666666663,0.4542922040159068,0.3055555555555556,,,43.0,0.14930555555555555,0.0,0.0,0.16602316602316602,0.0,0.05906939688510531,0.6039360810403817,0.0008543429529567816,0.30909087071134256
2,55,0train,1test,inductive,0.0,clean,288,0,288,1,left_hand,0.0,0.5381944444444444,0.5381944444444444,0.4912409200968523,0.3842592592592593,,,,,,,,,,,,
2,55,0train,1test,inductive,0.0,poisoned,288,0,288,1,left_hand,0.25,0.4930555555555556,0.4930555555555556,0.42629452728026557,0.32407407407407407,,,,,,,,,,,,
2,55,0train,1test,inductive,0.0,spectral_baseline,286,0,288,1,left_hand,0.16203703703703703,0.4756944444444444,0.4756944444444444,0.3982562361604112,0.30092592592592593,0.14952850160060954,0.027210085061984725,2.0,0.006944444444444444,0.0,0.0,0.007722007722007722,,,,,
2,55,0train,1test,inductive,0.0,crcs,245,0,288,1,left_hand,0.18981481481481483,0.5138888888888888,0.513888888888889,0.4798205320406733,0.35185185185185186,,,43.0,0.14930555555555555,0.0,0.0,0.16602316602316602,0.0,0.057471560881390604,0.5968615864065202,0.002648226164949875,0.3076002497113147
2,11,0train,1test,inductive,0.1,clean,288,28,260,1,left_hand,0.0,0.5615384615384615,0.5615384615384615,0.521885528527485,0.41538461538461535,,,,,,,,,,,,
2,11,0train,1test,inductive,0.1,poisoned,288,28,260,1,left_hand,0.12307692307692308,0.5576923076923077,0.5576923076923077,0.539836342503735,0.41025641025641024,,,,,,,,,,,,
2,11,0train,1test,inductive,0.1,spectral_baseline,285,28,260,1,left_hand,0.10256410256410256,0.5538461538461539,0.5538461538461539,0.5314759076997392,0.40512820512820513,0.14922186317430017,0.02657110845934843,3.0,0.010416666666666666,0.0,0.0,0.011583011583011582,,,,,
2,11,0train,1test,inductive,0.1,crcs,245,28,260,1,left_hand,0.0,0.5807692307692308,0.5807692307692307,0.5491890332985885,0.441025641025641,,,43.0,0.14930555555555555,1.0,0.6744186046511628,0.05405405405405406,1.0,0.3833465437703474,3.083945107262175,0.11217605470097314,0.9634562094191309
2,22,0train,1test,inductive,0.1,clean,288,28,260,1,left_hand,0.0,0.5615384615384615,0.5615384615384615,0.542738249973273,0.41538461538461535,,,,,,,,,,,,
2,22,0train,1test,inductive,0.1,poisoned,288,28,260,1,left_hand,0.0,0.5538461538461539,0.5538461538461539,0.5348778838859141,0.40512820512820513,,,,,,,,,,,,
2,22,0train,1test,inductive,0.1,spectral_baseline,286,28,260,1,left_hand,0.0,0.5153846153846153,0.5153846153846153,0.49201329937747595,0.3538461538461538,0.14969114676339607,0.027463600298488253,2.0,0.006944444444444444,0.0,0.0,0.007722007722007722,,,,,
2,22,0train,1test,inductive,0.1,crcs,245,28,260,1,left_hand,0.0,0.5653846153846154,0.5653846153846154,0.5570121794211556,0.42051282051282046,,,43.0,0.14930555555555555,1.0,0.6744186046511628,0.05405405405405406,1.0,0.22147290928682872,1.6401272824138093,0.08008902653790331,0.49903254988193907
2,33,0train,1test,inductive,0.1,clean,288,28,260,1,left_hand,0.0,0.5307692307692308,0.5307692307692308,0.4656434201378393,0.37435897435897436,,,,,,,,,,,,
2,33,0train,1test,inductive,0.1,poisoned,288,28,260,1,left_hand,0.0,0.5192307692307693,0.5192307692307693,0.5002297936397381,0.3589743589743589,,,,,,,,,,,,
2,33,0train,1test,inductive,0.1,spectral_baseline,286,28,260,1,left_hand,0.0,0.5269230769230769,0.526923076923077,0.5059703916440159,0.36923076923076925,0.14952850160060954,0.027160021716521418,2.0,0.006944444444444444,0.0,0.0,0.007722007722007722,,,,,
2,33,0train,1test,inductive,0.1,crcs,245,28,260,1,left_hand,0.0,0.5461538461538461,0.5461538461538461,0.49625010856385265,0.3948717948717949,,,43.0,0.14930555555555555,1.0,0.6744186046511628,0.05405405405405406,1.0,0.660379514310602,6.486690757508911,0.07041778784560804,2.164712160948685
2,44,0train,1test,inductive,0.1,clean,288,28,260,1,left_hand,0.0,0.5615384615384615,0.5615384615384615,0.5093428302482524,0.41538461538461535,,,,,,,,,,,,
2,44,0train,1test,inductive,0.1,poisoned,288,28,260,1,left_hand,0.0,0.5653846153846154,0.5653846153846154,0.5233828403733493,0.42051282051282046,,,,,,,,,,,,
2,44,0train,1test,inductive,0.1,spectral_baseline,286,28,260,1,left_hand,0.0,0.5653846153846154,0.5653846153846154,0.5238446318149306,0.42051282051282046,0.14975466381021552,0.027400083251668803,2.0,0.006944444444444444,0.0,0.0,0.007722007722007722,,,,,
2,44,0train,1test,inductive,0.1,crcs,245,28,260,1,left_hand,0.0,0.5692307692307692,0.5692307692307692,0.525886417950037,0.4256410256410257,,,43.0,0.14930555555555555,1.0,0.6744186046511628,0.05405405405405406,1.0,0.22909697774078866,1.723834783900621,0.07041158675435262,0.7006726067249931
2,55,0train,1test,inductive,0.1,clean,288,28,260,1,left_hand,0.0,0.5461538461538461,0.5461538461538462,0.5083342874113534,0.3948717948717949,,,,,,,,,,,,
2,55,0train,1test,inductive,0.1,poisoned,288,28,260,1,left_hand,0.0,0.5346153846153846,0.5346153846153846,0.48747687754347024,0.37948717948717947,,,,,,,,,,,,
2,55,0train,1test,inductive,0.1,spectral_baseline,286,28,260,1,left_hand,0.0,0.5192307692307693,0.5192307692307692,0.46765255946804507,0.3589743589743589,0.14952850160060954,0.027210085061984725,2.0,0.006944444444444444,0.0,0.0,0.007722007722007722,,,,,
2,55,0train,1test,inductive,0.1,crcs,245,28,260,1,left_hand,0.0,0.5384615384615384,0.5384615384615384,0.4721597106296868,0.3846153846153846,,,43.0,0.14930555555555555,1.0,0.6744186046511628,0.05405405405405406,1.0,1.0453285186473815,10.213027750675487,0.09515970103972216,4.135996273042625
2,11,0train,1test,inductive,0.25,clean,288,72,216,1,left_hand,0.0,0.5925925925925926,0.5925925925925927,0.5660625598915134,0.45679012345679015,,,,,,,,,,,,
2,11,0train,1test,inductive,0.25,poisoned,288,72,216,1,left_hand,1.0,0.49074074074074076,0.49074074074074076,0.4763475686228877,0.32098765432098764,,,,,,,,,,,,
2,11,0train,1test,inductive,0.25,spectral_baseline,285,72,216,1,left_hand,0.9938271604938271,0.5277777777777778,0.5277777777777778,0.5190801550149174,0.37037037037037035,0.14922186317430017,0.02657110845934843,3.0,0.010416666666666666,0.0,0.0,0.011583011583011582,,,,,
2,11,0train,1test,inductive,0.25,crcs,245,72,216,1,left_hand,0.0,0.5787037037037037,0.5787037037037037,0.5549025062709743,0.43827160493827155,,,43.0,0.14930555555555555,1.0,0.6744186046511628,0.05405405405405406,1.0,0.3835674987572079,3.6922553580650206,0.0525796396128197,1.3586329962013655
2,22,0train,1test,inductive,0.25,clean,288,72,216,1,left_hand,0.0,0.5833333333333334,0.5833333333333333,0.5568203726098463,0.4444444444444444,,,,,,,,,,,,
2,22,0train,1test,inductive,0.25,poisoned,288,72,216,1,left_hand,0.9135802469135802,0.5555555555555556,0.5555555555555556,0.5459808535280234,0.40740740740740744,,,,,,,,,,,,
2,22,0train,1test,inductive,0.25,spectral_baseline,286,72,216,1,left_hand,0.9074074074074074,0.5462962962962963,0.5462962962962963,0.5364661498248811,0.3950617283950617,0.14969114676339607,0.027463600298488253,2.0,0.006944444444444444,0.0,0.0,0.007722007722007722,,,,,
2,22,0train,1test,inductive,0.25,crcs,245,72,216,1,left_hand,0.0,0.5879629629629629,0.5879629629629629,0.5651354571005424,0.4506172839506173,,,43.0,0.14930555555555555,1.0,0.6744186046511628,0.05405405405405406,1.0,0.2513074805952812,2.1176409610427283,0.046323052525732836,1.027915986712691
2,33,0train,1test,inductive,0.25,clean,288,72,216,1,left_hand,0.0,0.5694444444444444,0.5694444444444444,0.5356714992932736,0.42592592592592593,,,,,,,,,,,,
2,33,0train,1test,inductive,0.25,poisoned,288,72,216,1,left_hand,0.9938271604938271,0.5462962962962963,0.5462962962962963,0.5390873015873016,0.3950617283950617,,,,,,,,,,,,
2,33,0train,1test,inductive,0.25,spectral_baseline,286,72,216,1,left_hand,0.9938271604938271,0.5509259259259259,0.5509259259259259,0.5445328886268953,0.4012345679012346,0.14952850160060954,0.027160021716521418,2.0,0.006944444444444444,0.0,0.0,0.007722007722007722,,,,,
2,33,0train,1test,inductive,0.25,crcs,245,72,216,1,left_hand,0.0,0.5833333333333334,0.5833333333333334,0.5497776033490319,0.4444444444444444,,,43.0,0.14930555555555555,1.0,0.6744186046511628,0.05405405405405406,1.0,0.540899582999725,5.473464986262864,0.038818326706816814,1.8477691968464964
2,44,0train,1test,inductive,0.25,clean,288,72,216,1,left_hand,0.0,0.5879629629629629,0.587962962962963,0.5742479182308375,0.4506172839506173,,,,,,,,,,,,
2,44,0train,1test,inductive,0.25,poisoned,288,72,216,1,left_hand,0.9876543209876543,0.5092592592592593,0.5092592592592593,0.5117399234719165,0.345679012345679,,,,,,,,,,,,
2,44,0train,1test,inductive,0.25,spectral_baseline,286,72,216,1,left_hand,0.9876543209876543,0.5,0.5,0.502365882598859,0.33333333333333337,0.14975466381021552,0.027400083251668803,2.0,0.006944444444444444,0.0,0.0,0.007722007722007722,,,,,
2,44,0train,1test,inductive,0.25,crcs,245,72,216,1,left_hand,0.0,0.5694444444444444,0.5694444444444444,0.5570659629486854,0.42592592592592593,,,43.0,0.14930555555555555,1.0,0.6744186046511628,0.05405405405405406,1.0,0.2717568440971002,2.583017137735725,0.03298486720525895,1.3286463831413977
2,55,0train,1test,inductive,0.25,clean,288,72,216,1,left_hand,0.0,0.5787037037037037,0.5787037037037037,0.5506318587758486,0.43827160493827155,,,,,,,,,,,,
2,55,0train,1test,inductive,0.25,poisoned,288,72,216,1,left_hand,1.0,0.5462962962962963,0.5462962962962963,0.5518192205130112,0.3950617283950617,,,,,,,,,,,,
2,55,0train,1test,inductive,0.25,spectral_baseline,286,72,216,1,left_hand,1.0,0.5509259259259259,0.5509259259259258,0.5534402638903206,0.4012345679012346,0.14952850160060954,0.027210085061984725,2.0,0.006944444444444444,0.0,0.0,0.007722007722007722,,,,,
2,55,0train,1test,inductive,0.25,crcs,245,72,216,1,left_hand,0.0,0.5462962962962963,0.5462962962962963,0.523884653522723,0.3950617283950617,,,43.0,0.14930555555555555,1.0,0.6744186046511628,0.05405405405405406,1.0,0.4450733573586603,4.405365685434835,0.04784970968937375,1.8861993186616661
2,11,0train,1test,inductive,0.5,clean,288,144,144,1,left_hand,0.0,0.5208333333333334,0.5208333333333334,0.5012540663995649,0.36111111111111116,,,,,,,,,,,,
2,11,0train,1test,inductive,0.5,poisoned,288,144,144,1,left_hand,1.0,0.5486111111111112,0.5486111111111112,0.5500876810735802,0.39814814814814814,,,,,,,,,,,,
2,11,0train,1test,inductive,0.5,spectral_baseline,285,144,144,1,left_hand,0.9814814814814815,0.5416666666666666,0.5416666666666667,0.5437417476513242,0.38888888888888884,0.14922186317430017,0.02657110845934843,3.0,0.010416666666666666,0.0,0.0,0.011583011583011582,,,,,
2,11,0train,1test,inductive,0.5,crcs,245,144,144,1,left_hand,0.0,0.5763888888888888,0.5763888888888888,0.5640913834227788,0.43518518518518523,,,43.0,0.14930555555555555,1.0,0.6744186046511628,0.05405405405405406,1.0,0.3310311409459074,3.2403593871891134,0.04022830372671714,1.2959683378134998
2,22,0train,1test,inductive,0.5,clean,288,144,144,1,left_hand,0.0,0.5416666666666666,0.5416666666666667,0.5232399750296348,0.38888888888888884,,,,,,,,,,,,
2,22,0train,1test,inductive,0.5,poisoned,288,144,144,1,left_hand,0.9907407407407407,0.5277777777777778,0.5277777777777778,0.511271186440678,0.37037037037037035,,,,,,,,,,,,
2,22,0train,1test,inductive,0.5,spectral_baseline,286,144,144,1,left_hand,0.9907407407407407,0.5208333333333334,0.5208333333333334,0.5041313739939601,0.36111111111111116,0.14969114676339607,0.027463600298488253,2.0,0.006944444444444444,0.0,0.0,0.007722007722007722,,,,,
2,22,0train,1test,inductive,0.5,crcs,245,144,144,1,left_hand,0.0,0.5763888888888888,0.5763888888888888,0.5558868001490952,0.43518518518518523,,,43.0,0.14930555555555555,1.0,0.6744186046511628,0.05405405405405406,1.0,0.26655841135858854,2.4233567657356994,0.03963066248998238,1.0221940605370015
2,33,0train,1test,inductive,0.5,clean,288,144,144,1,left_hand,0.0,0.5833333333333334,0.5833333333333334,0.5563423222053983,0.4444444444444444,,,,,,,,,,,,
2,33,0train,1test,inductive,0.5,poisoned,288,144,144,1,left_hand,0.9907407407407407,0.5694444444444444,0.5694444444444444,0.5659588675213676,0.42592592592592593,,,,,,,,,,,,
2,33,0train,1test,inductive,0.5,spectral_baseline,286,144,144,1,left_hand,0.9907407407407407,0.5694444444444444,0.5694444444444444,0.5659588675213676,0.42592592592592593,0.14952850160060954,0.027160021716521418,2.0,0.006944444444444444,0.0,0.0,0.007722007722007722,,,,,
2,33,0train,1test,inductive,0.5,crcs,245,144,144,1,left_hand,0.0,0.5902777777777778,0.5902777777777778,0.5668867649204727,0.4537037037037037,,,43.0,0.14930555555555555,1.0,0.6744186046511628,0.05405405405405406,1.0,0.39528746848815544,3.9926732134956735,0.0323167246124272,1.4343568103447388
2,44,0train,1test,inductive,0.5,clean,288,144,144,1,left_hand,0.0,0.6180555555555556,0.6180555555555556,0.6017258352616408,0.4907407407407407,,,,,,,,,,,,
2,44,0train,1test,inductive,0.5,poisoned,288,144,144,1,left_hand,0.9722222222222222,0.5555555555555556,0.5555555555555556,0.5394610509442195,0.40740740740740744,,,,,,,,,,,,
2,44,0train,1test,inductive,0.5,spectral_baseline,286,144,144,1,left_hand,0.9722222222222222,0.5625,0.5625,0.5470734792767565,0.41666666666666663,0.14975466381021552,0.027400083251668803,2.0,0.006944444444444444,0.0,0.0,0.007722007722007722,,,,,
2,44,0train,1test,inductive,0.5,crcs,245,144,144,1,left_hand,0.0,0.6041666666666666,0.6041666666666667,0.5803661479145654,0.4722222222222222,,,43.0,0.14930555555555555,1.0,0.6744186046511628,0.05405405405405406,1.0,0.3291830604950604,3.3801990573932317,0.0280473834386066,1.4004404223142706
2,55,0train,1test,inductive,0.5,clean,288,144,144,1,left_hand,0.0,0.5625,0.5625,0.5463554323242948,0.41666666666666663,,,,,,,,,,,,
2,55,0train,1test,inductive,0.5,poisoned,288,144,144,1,left_hand,0.9907407407407407,0.5763888888888888,0.576388888888889,0.5782677527085365,0.43518518518518523,,,,,,,,,,,,
2,55,0train,1test,inductive,0.5,spectral_baseline,286,144,144,1,left_hand,0.9907407407407407,0.5763888888888888,0.576388888888889,0.5772696976027623,0.43518518518518523,0.14952850160060954,0.027210085061984725,2.0,0.006944444444444444,0.0,0.0,0.007722007722007722,,,,,
2,55,0train,1test,inductive,0.5,crcs,245,144,144,1,left_hand,0.0,0.5694444444444444,0.5694444444444444,0.5475841747913616,0.42592592592592593,,,43.0,0.14930555555555555,1.0,0.6744186046511628,0.05405405405405406,1.0,0.3054788378627144,2.961668844430717,0.03304197506286893,1.2861723281200517
2,11,0train,1test,inductive,0.75,clean,288,216,72,1,left_hand,0.0,0.5972222222222222,0.5972222222222222,0.571498925151456,0.4629629629629629,,,,,,,,,,,,
2,11,0train,1test,inductive,0.75,poisoned,288,216,72,1,left_hand,1.0,0.6527777777777778,0.6527777777777778,0.6480931988464269,0.537037037037037,,,,,,,,,,,,
2,11,0train,1test,inductive,0.75,spectral_baseline,285,216,72,1,left_hand,1.0,0.6527777777777778,0.6527777777777778,0.6480931988464269,0.537037037037037,0.14922186317430017,0.02657110845934843,3.0,0.010416666666666666,0.0,0.0,0.011583011583011582,,,,,
2,11,0train,1test,inductive,0.75,crcs,245,216,72,1,left_hand,0.0,0.6111111111111112,0.6111111111111112,0.5912518853695324,0.4814814814814815,,,43.0,0.14930555555555555,1.0,0.6744186046511628,0.05405405405405406,1.0,0.2882510787140127,2.8152963025917237,0.03408138988104611,1.1526751986802541
2,22,0train,1test,inductive,0.75,clean,288,216,72,1,left_hand,0.0,0.5833333333333334,0.5833333333333333,0.5714631782945736,0.4444444444444444,,,,,,,,,,,,
2,22,0train,1test,inductive,0.75,poisoned,288,216,72,1,left_hand,0.9814814814814815,0.5138888888888888,0.5138888888888888,0.504884370015949,0.35185185185185186,,,,,,,,,,,,
2,22,0train,1test,inductive,0.75,spectral_baseline,286,216,72,1,left_hand,0.9814814814814815,0.5277777777777778,0.5277777777777778,0.5210983041865395,0.37037037037037035,0.14969114676339607,0.027463600298488253,2.0,0.006944444444444444,0.0,0.0,0.007722007722007722,,,,,
2,22,0train,1test,inductive,0.75,crcs,245,216,72,1,left_hand,0.0,0.5694444444444444,0.5694444444444444,0.5585047391049442,0.42592592592592593,,,43.0,0.14930555555555555,1.0,0.6744186046511628,0.05405405405405406,1.0,0.2887516563189675,2.7544298892862185,0.037506243923259394,1.1717794957779128
2,33,0train,1test,inductive,0.75,clean,288,216,72,1,left_hand,0.0,0.5555555555555556,0.5555555555555556,0.5354423234811165,0.40740740740740744,,,,,,,,,,,,
2,33,0train,1test,inductive,0.75,poisoned,288,216,72,1,left_hand,0.9629629629629629,0.5416666666666666,0.5416666666666666,0.5339125039936399,0.38888888888888884,,,,,,,,,,,,
2,33,0train,1test,inductive,0.75,spectral_baseline,286,216,72,1,left_hand,0.9444444444444444,0.5555555555555556,0.5555555555555556,0.5469678310195552,0.40740740740740744,0.14952850160060954,0.027160021716521418,2.0,0.006944444444444444,0.0,0.0,0.007722007722007722,,,,,
2,33,0train,1test,inductive,0.75,crcs,245,216,72,1,left_hand,0.0,0.5555555555555556,0.5555555555555556,0.5446778711484593,0.40740740740740744,,,43.0,0.14930555555555555,1.0,0.6744186046511628,0.05405405405405406,1.0,0.411575614890414,4.26387342206235,0.029240416410674208,1.6353141191404947
2,44,0train,1test,inductive,0.75,clean,288,216,72,1,left_hand,0.0,0.5416666666666666,0.5416666666666667,0.5136621315192744,0.38888888888888884,,,,,,,,,,,,
2,44,0train,1test,inductive,0.75,poisoned,288,216,72,1,left_hand,1.0,0.5833333333333334,0.5833333333333333,0.5636430510422445,0.4444444444444444,,,,,,,,,,,,
2,44,0train,1test,inductive,0.75,spectral_baseline,286,216,72,1,left_hand,1.0,0.5694444444444444,0.5694444444444444,0.5468877968877969,0.42592592592592593,0.14975466381021552,0.027400083251668803,2.0,0.006944444444444444,0.0,0.0,0.007722007722007722,,,,,
2,44,0train,1test,inductive,0.75,crcs,245,216,72,1,left_hand,0.0,0.5555555555555556,0.5555555555555556,0.5279034690799397,0.40740740740740744,,,43.0,0.14930555555555555,1.0,0.6744186046511628,0.05405405405405406,1.0,0.31985989742133425,3.3012178327376542,0.031103949727274278,1.3283043320603134
2,55,0train,1test,inductive,0.75,clean,288,216,72,1,left_hand,0.0,0.5555555555555556,0.5555555555555556,0.5448717948717948,0.40740740740740744,,,,,,,,,,,,
2,55,0train,1test,inductive,0.75,poisoned,288,216,72,1,left_hand,0.9814814814814815,0.5,0.5,0.5064104427007653,0.33333333333333337,,,,,,,,,,,,
2,55,0train,1test,inductive,0.75,spectral_baseline,286,216,72,1,left_hand,0.9814814814814815,0.5,0.5,0.5064104427007653,0.33333333333333337,0.14952850160060954,0.027210085061984725,2.0,0.006944444444444444,0.0,0.0,0.007722007722007722,,,,,
2,55,0train,1test,inductive,0.75,crcs,245,216,72,1,left_hand,0.0,0.5416666666666666,0.5416666666666667,0.5313016568638758,0.38888888888888884,,,43.0,0.14930555555555555,1.0,0.6744186046511628,0.05405405405405406,1.0,0.2867638888157829,2.7787144605851357,0.03227215786840379,1.1762551365012541
2,11,0train,1test,inductive,0.8,clean,288,232,56,1,left_hand,0.0,0.6071428571428571,0.6071428571428571,0.588375350140056,0.47619047619047616,,,,,,,,,,,,
2,11,0train,1test,inductive,0.8,poisoned,288,232,56,1,left_hand,1.0,0.6607142857142857,0.6607142857142857,0.6528621378621379,0.5476190476190477,,,,,,,,,,,,
2,11,0train,1test,inductive,0.8,spectral_baseline,285,232,56,1,left_hand,1.0,0.6607142857142857,0.6607142857142857,0.6528621378621379,0.5476190476190477,0.14922186317430017,0.02657110845934843,3.0,0.010416666666666666,0.0,0.0,0.011583011583011582,,,,,
2,11,0train,1test,inductive,0.8,crcs,245,232,56,1,left_hand,0.0,0.6428571428571429,0.6428571428571428,0.6346733050587006,0.5238095238095238,,,43.0,0.14930555555555555,1.0,0.6744186046511628,0.05405405405405406,1.0,0.2942820979956935,2.9200114589996855,0.030883971936033008,1.1933180084829116
2,22,0train,1test,inductive,0.8,clean,288,232,56,1,left_hand,0.0,0.6428571428571429,0.6428571428571429,0.6324529569892474,0.5238095238095238,,,,,,,,,,,,
2,22,0train,1test,inductive,0.8,poisoned,288,232,56,1,left_hand,0.9761904761904762,0.48214285714285715,0.4821428571428571,0.47703612479474544,0.30952380952380953,,,,,,,,,,,,
2,22,0train,1test,inductive,0.8,spectral_baseline,286,232,56,1,left_hand,0.9761904761904762,0.48214285714285715,0.4821428571428571,0.47703612479474544,0.30952380952380953,0.14969114676339607,0.027463600298488253,2.0,0.006944444444444444,0.0,0.0,0.007722007722007722,,,,,
2,22,0train,1test,inductive,0.8,crcs,245,232,56,1,left_hand,0.0,0.6071428571428571,0.6071428571428571,0.5985079575596817,0.47619047619047616,,,43.0,0.14930555555555555,1.0,0.6744186046511628,0.05405405405405406,1.0,0.28181476551236906,2.690338723683404,0.03666264079256834,1.1292474156008605
2,33,0train,1test,inductive,0.8,clean,288,232,56,1,left_hand,0.0,0.5714285714285714,0.5714285714285714,0.5557142857142857,0.4285714285714286,,,,,,,,,,,,
2,33,0train,1test,inductive,0.8,poisoned,288,232,56,1,left_hand,0.9523809523809523,0.5535714285714286,0.5535714285714286,0.548730985003776,0.40476190476190477,,,,,,,,,,,,
2,33,0train,1test,inductive,0.8,spectral_baseline,286,232,56,1,left_hand,0.9523809523809523,0.5535714285714286,0.5535714285714286,0.548730985003776,0.40476190476190477,0.14952850160060954,0.027160021716521418,2.0,0.006944444444444444,0.0,0.0,0.007722007722007722,,,,,
2,33,0train,1test,inductive,0.8,crcs,245,232,56,1,left_hand,0.0,0.5714285714285714,0.5714285714285714,0.5656845238095238,0.4285714285714286,,,43.0,0.14930555555555555,1.0,0.6744186046511628,0.05405405405405406,1.0,0.41294018048002445,4.303862307338214,0.028611034189108406,1.6449009747932697
2,44,0train,1test,inductive,0.8,clean,288,232,56,1,left_hand,0.0,0.625,0.625,0.6007078039927405,0.5,,,,,,,,,,,,
2,44,0train,1test,inductive,0.8,poisoned,288,232,56,1,left_hand,1.0,0.6071428571428571,0.6071428571428572,0.5837027914614121,0.47619047619047616,,,,,,,,,,,,
2,44,0train,1test,inductive,0.8,spectral_baseline,286,232,56,1,left_hand,1.0,0.6071428571428571,0.6071428571428572,0.5837027914614121,0.47619047619047616,0.14975466381021552,0.027400083251668803,2.0,0.006944444444444444,0.0,0.0,0.007722007722007722,,,,,
2,44,0train,1test,inductive,0.8,crcs,245,232,56,1,left_hand,0.0,0.625,0.625,0.6005863465028618,0.5,,,43.0,0.14930555555555555,1.0,0.6744186046511628,0.05405405405405406,1.0,0.3071811280984211,3.1572695843582963,0.03076805033528513,1.2908823169298311
2,55,0train,1test,inductive,0.8,clean,288,232,56,1,left_hand,0.0,0.625,0.625,0.614094239094239,0.5,,,,,,,,,,,,
2,55,0train,1test,inductive,0.8,poisoned,288,232,56,1,left_hand,1.0,0.5714285714285714,0.5714285714285714,0.5769574628270281,0.4285714285714286,,,,,,,,,,,,
2,55,0train,1test,inductive,0.8,spectral_baseline,286,232,56,1,left_hand,1.0,0.5714285714285714,0.5714285714285714,0.5764349967873207,0.4285714285714286,0.14952850160060954,0.027210085061984725,2.0,0.006944444444444444,0.0,0.0,0.007722007722007722,,,,,
2,55,0train,1test,inductive,0.8,crcs,245,232,56,1,left_hand,0.0,0.5714285714285714,0.5714285714285714,0.5604629629629629,0.4285714285714286,,,43.0,0.14930555555555555,1.0,0.6744186046511628,0.05405405405405406,1.0,0.292237153704785,2.888023785480444,0.030947176419867536,1.198562115915799
2,11,0train,1test,transductive,0.0,clean,288,0,288,1,left_hand,0.0,0.4722222222222222,0.4722222222222222,0.3970894036298132,0.2962962962962963,,,,,,,,,,,,
2,11,0train,1test,transductive,0.0,poisoned,288,0,288,1,left_hand,0.004629629629629629,0.5243055555555556,0.5243055555555556,0.4884389388656004,0.3657407407407407,,,,,,,,,,,,
2,11,0train,1test,transductive,0.0,spectral_baseline,285,0,288,1,left_hand,0.0,0.5069444444444444,0.5069444444444444,0.4635791461359661,0.34259259259259256,0.14922186317430017,0.02657110845934843,3.0,0.010416666666666666,0.0,0.0,0.011583011583011582,,,,,
2,11,0train,1test,transductive,0.0,crcs,245,0,288,1,left_hand,0.0,0.5208333333333334,0.5208333333333334,0.4826368814688088,0.36111111111111116,,,43.0,0.14930555555555555,0.0,0.0,0.16602316602316602,0.0,0.05901008710564196,0.6193910551345219,-0.00035215890065883976,0.35506637709318145
2,22,0train,1test,transductive,0.0,clean,288,0,288,1,left_hand,0.0,0.4722222222222222,0.4722222222222222,0.3970894036298132,0.2962962962962963,,,,,,,,,,,,
2,22,0train,1test,transductive,0.0,poisoned,288,0,288,1,left_hand,0.0,0.46875,0.46875,0.41104661199183773,0.29166666666666663,,,,,,,,,,,,
2,22,0train,1test,transductive,0.0,spectral_baseline,286,0,288,1,left_hand,0.0,0.4722222222222222,0.4722222222222222,0.41108195177962614,0.2962962962962963,0.14969114676339607,0.027463600298488253,2.0,0.006944444444444444,0.0,0.0,0.007722007722007722,,,,,
2,22,0train,1test,transductive,0.0,crcs,245,0,288,1,left_hand,0.0,0.53125,0.53125,0.47584924344770685,0.375,,,43.0,0.14930555555555555,0.0,0.0,0.16602316602316602,0.0,0.06137072547256127,0.6849220644059295,0.0004611568862691372,0.33197293299978303
2,33,0train,1test,transductive,0.0,clean,288,0,288,1,left_hand,0.0,0.4722222222222222,0.4722222222222222,0.3970894036298132,0.2962962962962963,,,,,,,,,,,,
2,33,0train,1test,transductive,0.0,poisoned,288,0,288,1,left_hand,0.0,0.5034722222222222,0.5034722222222222,0.46975708797556304,0.3379629629629629,,,,,,,,,,,,
2,33,0train,1test,transductive,0.0,spectral_baseline,286,0,288,1,left_hand,0.0,0.4930555555555556,0.4930555555555555,0.45748489501319684,0.32407407407407407,0.14952850160060954,0.027160021716521418,2.0,0.006944444444444444,0.0,0.0,0.007722007722007722,,,,,
2,33,0train,1test,transductive,0.0,crcs,245,0,288,1,left_hand,0.0,0.4791666666666667,0.47916666666666663,0.4375582037897362,0.3055555555555556,,,43.0,0.14930555555555555,0.0,0.0,0.16602316602316602,0.0,0.05771664809860355,0.6710612403546867,3.4096930822877354e-05,0.31854120061730345
2,44,0train,1test,transductive,0.0,clean,288,0,288,1,left_hand,0.0,0.4722222222222222,0.4722222222222222,0.3970894036298132,0.2962962962962963,,,,,,,,,,,,
2,44,0train,1test,transductive,0.0,poisoned,288,0,288,1,left_hand,0.0,0.5,0.49999999999999994,0.4441240123546835,0.33333333333333337,,,,,,,,,,,,
2,44,0train,1test,transductive,0.0,spectral_baseline,286,0,288,1,left_hand,0.0,0.4965277777777778,0.4965277777777778,0.43466884363668445,0.3287037037037037,0.14975466381021552,0.027400083251668803,2.0,0.006944444444444444,0.0,0.0,0.007722007722007722,,,,,
2,44,0train,1test,transductive,0.0,crcs,245,0,288,1,left_hand,0.0,0.53125,0.53125,0.461730594035059,0.375,,,43.0,0.14930555555555555,0.0,0.0,0.16602316602316602,0.0,0.05906939688510531,0.6039360810403817,0.0008543429529567816,0.30909087071134256
2,55,0train,1test,transductive,0.0,clean,288,0,288,1,left_hand,0.0,0.4722222222222222,0.4722222222222222,0.3970894036298132,0.2962962962962963,,,,,,,,,,,,
2,55,0train,1test,transductive,0.0,poisoned,288,0,288,1,left_hand,0.0,0.46875,0.46875,0.3855774777946824,0.29166666666666663,,,,,,,,,,,,
2,55,0train,1test,transductive,0.0,spectral_baseline,286,0,288,1,left_hand,0.0,0.4618055555555556,0.4618055555555555,0.37308915946582877,0.28240740740740744,0.14952850160060954,0.027210085061984725,2.0,0.006944444444444444,0.0,0.0,0.007722007722007722,,,,,
2,55,0train,1test,transductive,0.0,crcs,245,0,288,1,left_hand,0.0,0.4895833333333333,0.48958333333333337,0.40633922314623605,0.3194444444444444,,,43.0,0.14930555555555555,0.0,0.0,0.16602316602316602,0.0,0.057471560881390604,0.5968615864065202,0.002648226164949875,0.3076002497113147
2,11,0train,1test,transductive,0.1,clean,288,28,260,1,left_hand,0.0,0.5384615384615384,0.5384615384615384,0.49798763342392,0.3846153846153846,,,,,,,,,,,,
2,11,0train,1test,transductive,0.1,poisoned,288,28,260,1,left_hand,0.15384615384615385,0.55,0.55,0.5331990172044202,0.4,,,,,,,,,,,,
2,11,0train,1test,transductive,0.1,spectral_baseline,285,28,260,1,left_hand,0.09743589743589744,0.5423076923076923,0.5423076923076923,0.5242013107221101,0.3897435897435897,0.14922186317430017,0.02657110845934843,3.0,0.010416666666666666,0.0,0.0,0.011583011583011582,,,,,
2,11,0train,1test,transductive,0.1,crcs,245,28,260,1,left_hand,0.0,0.573076923076923,0.573076923076923,0.5422355545513721,0.4307692307692308,,,43.0,0.14930555555555555,1.0,0.6744186046511628,0.05405405405405406,1.0,0.36800583296011696,2.939494199244751,0.10791912013171337,0.8865913065240394
2,22,0train,1test,transductive,0.1,clean,288,28,260,1,left_hand,0.0,0.5615384615384615,0.5615384615384615,0.5318834281555668,0.41538461538461535,,,,,,,,,,,,
2,22,0train,1test,transductive,0.1,poisoned,288,28,260,1,left_hand,0.0,0.5153846153846153,0.5153846153846153,0.4875888671371902,0.3538461538461538,,,,,,,,,,,,
2,22,0train,1test,transductive,0.1,spectral_baseline,286,28,260,1,left_hand,0.0,0.5,0.5,0.46843570942020274,0.33333333333333337,0.14969114676339607,0.027463600298488253,2.0,0.006944444444444444,0.0,0.0,0.007722007722007722,,,,,
2,22,0train,1test,transductive,0.1,crcs,245,28,260,1,left_hand,0.0,0.55,0.55,0.5258982320998575,0.4,,,43.0,0.14930555555555555,1.0,0.6744186046511628,0.05405405405405406,1.0,0.2273672121089335,1.7371115205107088,0.08205260963888089,0.5730285137742466
2,33,0train,1test,transductive,0.1,clean,288,28,260,1,left_hand,0.0,0.5384615384615384,0.5384615384615384,0.4734923403791268,0.3846153846153846,,,,,,,,,,,,
2,33,0train,1test,transductive,0.1,poisoned,288,28,260,1,left_hand,0.0,0.5230769230769231,0.5230769230769231,0.5010530169082984,0.36410256410256414,,,,,,,,,,,,
2,33,0train,1test,transductive,0.1,spectral_baseline,286,28,260,1,left_hand,0.0,0.5269230769230769,0.5269230769230769,0.5054117253465923,0.36923076923076925,0.14952850160060954,0.027160021716521418,2.0,0.006944444444444444,0.0,0.0,0.007722007722007722,,,,,
2,33,0train,1test,transductive,0.1,crcs,245,28,260,1,left_hand,0.0,0.5653846153846154,0.5653846153846154,0.5227431321328035,0.42051282051282046,,,43.0,0.14930555555555555,1.0,0.6744186046511628,0.05405405405405406,1.0,0.6649183082053434,6.505495389431114,0.07184967864049664,2.246817989811436
2,44,0train,1test,transductive,0.1,clean,288,28,260,1,left_hand,0.0,0.5576923076923077,0.5576923076923077,0.5059174176938114,0.41025641025641024,,,,,,,,,,,,
2,44,0train,1test,transductive,0.1,poisoned,288,28,260,1,left_hand,0.0,0.5307692307692308,0.5307692307692308,0.4815150608930285,0.37435897435897436,,,,,,,,,,,,
2,44,0train,1test,transductive,0.1,spectral_baseline,286,28,260,1,left_hand,0.0,0.5192307692307693,0.5192307692307693,0.47329152386093715,0.3589743589743589,0.14975466381021552,0.027400083251668803,2.0,0.006944444444444444,0.0,0.0,0.007722007722007722,,,,,
2,44,0train,1test,transductive,0.1,crcs,245,28,260,1,left_hand,0.0,0.5769230769230769,0.5769230769230769,0.5374134086865463,0.4358974358974359,,,43.0,0.14930555555555555,1.0,0.6744186046511628,0.05405405405405406,1.0,0.2373251915508216,1.7505286641065751,0.06717567102894284,0.8001898849877905
2,55,0train,1test,transductive,0.1,clean,288,28,260,1,left_hand,0.0,0.55,0.55,0.5139253823864444,0.4,,,,,,,,,,,,
2,55,0train,1test,transductive,0.1,poisoned,288,28,260,1,left_hand,0.0,0.5230769230769231,0.523076923076923,0.4750289170995251,0.36410256410256414,,,,,,,,,,,,
2,55,0train,1test,transductive,0.1,spectral_baseline,286,28,260,1,left_hand,0.0,0.5115384615384615,0.5115384615384615,0.4599925681227257,0.3487179487179487,0.14952850160060954,0.027210085061984725,2.0,0.006944444444444444,0.0,0.0,0.007722007722007722,,,,,
2,55,0train,1test,transductive,0.1,crcs,245,28,260,1,left_hand,0.0,0.5346153846153846,0.5346153846153846,0.4864382096396196,0.37948717948717947,,,43.0,0.14930555555555555,1.0,0.6744186046511628,0.05405405405405406,1.0,1.0849692884886957,10.69068571547946,0.09531326759848525,4.285804519906957
2,11,0train,1test,transductive,0.25,clean,288,72,216,1,left_hand,0.0,0.5787037037037037,0.5787037037037037,0.5502384491514927,0.43827160493827155,,,,,,,,,,,,
2,11,0train,1test,transductive,0.25,poisoned,288,72,216,1,left_hand,1.0,0.5324074074074074,0.5324074074074074,0.5249230769230769,0.3765432098765432,,,,,,,,,,,,
2,11,0train,1test,transductive,0.25,spectral_baseline,285,72,216,1,left_hand,1.0,0.5370370370370371,0.5370370370370371,0.530989414545734,0.3827160493827161,0.14922186317430017,0.02657110845934843,3.0,0.010416666666666666,0.0,0.0,0.011583011583011582,,,,,
2,11,0train,1test,transductive,0.25,crcs,245,72,216,1,left_hand,0.0,0.5787037037037037,0.5787037037037037,0.5583778003479627,0.43827160493827155,,,43.0,0.14930555555555555,1.0,0.6744186046511628,0.05405405405405406,1.0,0.3826358101540518,3.672138843885776,0.05440116860771868,1.3312357239307167
2,22,0train,1test,transductive,0.25,clean,288,72,216,1,left_hand,0.0,0.5787037037037037,0.5787037037037037,0.5520057481094474,0.43827160493827155,,,,,,,,,,,,
2,22,0train,1test,transductive,0.25,poisoned,288,72,216,1,left_hand,0.9382716049382716,0.5601851851851852,0.5601851851851851,0.5519901456318071,0.4135802469135802,,,,,,,,,,,,
2,22,0train,1test,transductive,0.25,spectral_baseline,286,72,216,1,left_hand,0.9197530864197531,0.5462962962962963,0.5462962962962963,0.5363448049276927,0.3950617283950617,0.14969114676339607,0.027463600298488253,2.0,0.006944444444444444,0.0,0.0,0.007722007722007722,,,,,
2,22,0train,1test,transductive,0.25,crcs,245,72,216,1,left_hand,0.0,0.5972222222222222,0.5972222222222222,0.5760989181433945,0.4629629629629629,,,43.0,0.14930555555555555,1.0,0.6744186046511628,0.05405405405405406,1.0,0.2525705653526891,2.129044940785343,0.04664694196390621,1.0318533428891679
2,33,0train,1test,transductive,0.25,clean,288,72,216,1,left_hand,0.0,0.5694444444444444,0.5694444444444444,0.5360303969079231,0.42592592592592593,,,,,,,,,,,,
2,33,0train,1test,transductive,0.25,poisoned,288,72,216,1,left_hand,0.9938271604938271,0.5509259259259259,0.5509259259259259,0.5459192864551716,0.4012345679012346,,,,,,,,,,,,
2,33,0train,1test,transductive,0.25,spectral_baseline,286,72,216,1,left_hand,0.9938271604938271,0.5416666666666666,0.5416666666666666,0.5356050323909632,0.38888888888888884,0.14952850160060954,0.027160021716521418,2.0,0.006944444444444444,0.0,0.0,0.007722007722007722,,,,,
2,33,0train,1test,transductive,0.25,crcs,245,72,216,1,left_hand,0.0,0.5787037037037037,0.5787037037037037,0.5480620569906285,0.43827160493827155,,,43.0,0.14930555555555555,1.0,0.6744186046511628,0.05405405405405406,1.0,0.5517622803762521,5.5824390090479,0.039231166073603226,1.8876355305164207
2,44,0train,1test,transductive,0.25,clean,288,72,216,1,left_hand,0.0,0.5972222222222222,0.5972222222222222,0.5827936048071248,0.4629629629629629,,,,,,,,,,,,
2,44,0train,1test,transductive,0.25,poisoned,288,72,216,1,left_hand,1.0,0.5231481481481481,0.5231481481481481,0.5237333216372485,0.3641975308641975,,,,,,,,,,,,
2,44,0train,1test,transductive,0.25,spectral_baseline,286,72,216,1,left_hand,0.9938271604938271,0.5046296296296297,0.5046296296296297,0.5046319060429909,0.3395061728395061,0.14975466381021552,0.027400083251668803,2.0,0.006944444444444444,0.0,0.0,0.007722007722007722,,,,,
2,44,0train,1test,transductive,0.25,crcs,245,72,216,1,left_hand,0.0,0.6018518518518519,0.6018518518518519,0.5909529538561797,0.4691358024691358,,,43.0,0.14930555555555555,1.0,0.6744186046511628,0.05405405405405406,1.0,0.2730632773880536,2.6021140625089774,0.032483979544242904,1.3286321507934387
2,55,0train,1test,transductive,0.25,clean,288,72,216,1,left_hand,0.0,0.5740740740740741,0.5740740740740741,0.5324869534377059,0.4320987654320988,,,,,,,,,,,,
2,55,0train,1test,transductive,0.25,poisoned,288,72,216,1,left_hand,0.9814814814814815,0.5509259259259259,0.550925925925926,0.5502384844884392,0.4012345679012346,,,,,,,,,,,,
2,55,0train,1test,transductive,0.25,spectral_baseline,286,72,216,1,left_hand,0.9814814814814815,0.5138888888888888,0.5138888888888888,0.5149943318452518,0.35185185185185186,0.14952850160060954,0.027210085061984725,2.0,0.006944444444444444,0.0,0.0,0.007722007722007722,,,,,
2,55,0train,1test,transductive,0.25,crcs,245,72,216,1,left_hand,0.0,0.5509259259259259,0.5509259259259259,0.5264044149234989,0.4012345679012346,,,43.0,0.14930555555555555,1.0,0.6744186046511628,0.05405405405405406,1.0,0.44272382425949075,4.396363037369006,0.047576984963647234,1.8626577199800443
2,11,0train,1test,transductive,0.5,clean,288,144,144,1,left_hand,0.0,0.5486111111111112,0.5486111111111112,0.5248289951040823,0.39814814814814814,,,,,,,,,,,,
2,11,0train,1test,transductive,0.5,poisoned,288,144,144,1,left_hand,0.9907407407407407,0.5625,0.5625,0.5632777149321266,0.41666666666666663,,,,,,,,,,,,
2,11,0train,1test,transductive,0.5,spectral_baseline,285,144,144,1,left_hand,0.9907407407407407,0.5555555555555556,0.5555555555555556,0.5573373994426627,0.40740740740740744,0.14922186317430017,0.02657110845934843,3.0,0.010416666666666666,0.0,0.0,0.011583011583011582,,,,,
2,11,0train,1test,transductive,0.5,crcs,245,144,144,1,left_hand,0.0,0.5833333333333334,0.5833333333333334,0.5709615965429918,0.4444444444444444,,,43.0,0.14930555555555555,1.0,0.6744186046511628,0.05405405405405406,1.0,0.3297425167878555,3.223786309892581,0.040842269565262136,1.2851975538684564
2,22,0train,1test,transductive,0.5,clean,288,144,144,1,left_hand,0.0,0.5486111111111112,0.5486111111111112,0.5311914412268421,0.39814814814814814,,,,,,,,,,,,
2,22,0train,1test,transductive,0.5,poisoned,288,144,144,1,left_hand,0.9907407407407407,0.5277777777777778,0.5277777777777778,0.512266294693237,0.37037037037037035,,,,,,,,,,,,
2,22,0train,1test,transductive,0.5,spectral_baseline,286,144,144,1,left_hand,0.9907407407407407,0.5208333333333334,0.5208333333333334,0.5050741721658605,0.36111111111111116,0.14969114676339607,0.027463600298488253,2.0,0.006944444444444444,0.0,0.0,0.007722007722007722,,,,,
2,22,0train,1test,transductive,0.5,crcs,245,144,144,1,left_hand,0.0,0.5833333333333334,0.5833333333333333,0.5673387096774194,0.4444444444444444,,,43.0,0.14930555555555555,1.0,0.6744186046511628,0.05405405405405406,1.0,0.2658416580626006,2.4147027351930768,0.03900033180098122,1.0304947893444405
2,33,0train,1test,transductive,0.5,clean,288,144,144,1,left_hand,0.0,0.5833333333333334,0.5833333333333334,0.5563423222053983,0.4444444444444444,,,,,,,,,,,,
2,33,0train,1test,transductive,0.5,poisoned,288,144,144,1,left_hand,0.9907407407407407,0.5694444444444444,0.5694444444444444,0.5659588675213676,0.42592592592592593,,,,,,,,,,,,
2,33,0train,1test,transductive,0.5,spectral_baseline,286,144,144,1,left_hand,0.9907407407407407,0.5694444444444444,0.5694444444444444,0.5659588675213676,0.42592592592592593,0.14952850160060954,0.027160021716521418,2.0,0.006944444444444444,0.0,0.0,0.007722007722007722,,,,,
2,33,0train,1test,transductive,0.5,crcs,245,144,144,1,left_hand,0.0,0.5833333333333334,0.5833333333333333,0.5534743079730546,0.4444444444444444,,,43.0,0.14930555555555555,1.0,0.6744186046511628,0.05405405405405406,1.0,0.39426499280496485,3.9745968602314954,0.03258185696886034,1.4623508457176446
2,44,0train,1test,transductive,0.5,clean,288,144,144,1,left_hand,0.0,0.6180555555555556,0.6180555555555556,0.6013888888888889,0.4907407407407407,,,,,,,,,,,,
2,44,0train,1test,transductive,0.5,poisoned,288,144,144,1,left_hand,0.9814814814814815,0.5555555555555556,0.5555555555555556,0.538651892638427,0.40740740740740744,,,,,,,,,,,,
2,44,0train,1test,transductive,0.5,spectral_baseline,286,144,144,1,left_hand,0.9814814814814815,0.5486111111111112,0.5486111111111112,0.5315904476633557,0.39814814814814814,0.14975466381021552,0.027400083251668803,2.0,0.006944444444444444,0.0,0.0,0.007722007722007722,,,,,
2,44,0train,1test,transductive,0.5,crcs,245,144,144,1,left_hand,0.0,0.6041666666666666,0.6041666666666667,0.5803661479145654,0.4722222222222222,,,43.0,0.14930555555555555,1.0,0.6744186046511628,0.05405405405405406,1.0,0.32903963442010603,3.385527437721554,0.026997698789659415,1.4086777190111668
2,55,0train,1test,transductive,0.5,clean,288,144,144,1,left_hand,0.0,0.5486111111111112,0.548611111111111,0.5315002094663112,0.39814814814814814,,,,,,,,,,,,
2,55,0train,1test,transductive,0.5,poisoned,288,144,144,1,left_hand,0.9907407407407407,0.5833333333333334,0.5833333333333334,0.5855353647541838,0.4444444444444444,,,,,,,,,,,,
2,55,0train,1test,transductive,0.5,spectral_baseline,286,144,144,1,left_hand,0.9907407407407407,0.5625,0.5625,0.5648478956891073,0.41666666666666663,0.14952850160060954,0.027210085061984725,2.0,0.006944444444444444,0.0,0.0,0.007722007722007722,,,,,
2,55,0train,1test,transductive,0.5,crcs,245,144,144,1,left_hand,0.0,0.5555555555555556,0.5555555555555556,0.535347124939634,0.40740740740740744,,,43.0,0.14930555555555555,1.0,0.6744186046511628,0.05405405405405406,1.0,0.3064618163029137,2.9767468829618204,0.0329193384835321,1.2959973441778747
2,11,0train,1test,transductive,0.75,clean,288,216,72,1,left_hand,0.0,0.5972222222222222,0.5972222222222222,0.571498925151456,0.4629629629629629,,,,,,,,,,,,
2,11,0train,1test,transductive,0.75,poisoned,288,216,72,1,left_hand,1.0,0.6527777777777778,0.6527777777777778,0.6480931988464269,0.537037037037037,,,,,,,,,,,,
2,11,0train,1test,transductive,0.75,spectral_baseline,285,216,72,1,left_hand,1.0,0.6527777777777778,0.6527777777777778,0.6477519485051766,0.537037037037037,0.14922186317430017,0.02657110845934843,3.0,0.010416666666666666,0.0,0.0,0.011583011583011582,,,,,
2,11,0train,1test,transductive,0.75,crcs,245,216,72,1,left_hand,0.0,0.6111111111111112,0.6111111111111112,0.5904047172339856,0.4814814814814815,,,43.0,0.14930555555555555,1.0,0.6744186046511628,0.05405405405405406,1.0,0.2869838127643255,2.803017497858178,0.034087750533420245,1.1326530529202172
2,22,0train,1test,transductive,0.75,clean,288,216,72,1,left_hand,0.0,0.5833333333333334,0.5833333333333333,0.5724431818181819,0.4444444444444444,,,,,,,,,,,,
2,22,0train,1test,transductive,0.75,poisoned,288,216,72,1,left_hand,0.9814814814814815,0.5277777777777778,0.5277777777777778,0.5210983041865395,0.37037037037037035,,,,,,,,,,,,
2,22,0train,1test,transductive,0.75,spectral_baseline,286,216,72,1,left_hand,0.9814814814814815,0.5277777777777778,0.5277777777777778,0.5210983041865395,0.37037037037037035,0.14969114676339607,0.027463600298488253,2.0,0.006944444444444444,0.0,0.0,0.007722007722007722,,,,,
2,22,0train,1test,transductive,0.75,crcs,245,216,72,1,left_hand,0.0,0.5694444444444444,0.5694444444444444,0.5585047391049442,0.42592592592592593,,,43.0,0.14930555555555555,1.0,0.6744186046511628,0.05405405405405406,1.0,0.28794636980888244,2.744218863188899,0.0379594909652579,1.1681873511372605
2,33,0train,1test,transductive,0.75,clean,288,216,72,1,left_hand,0.0,0.5694444444444444,0.5694444444444444,0.550100205492722,0.42592592592592593,,,,,,,,,,,,
2,33,0train,1test,transductive,0.75,poisoned,288,216,72,1,left_hand,0.9444444444444444,0.5555555555555556,0.5555555555555556,0.5458506047498899,0.40740740740740744,,,,,,,,,,,,
2,33,0train,1test,transductive,0.75,spectral_baseline,286,216,72,1,left_hand,0.9444444444444444,0.5416666666666666,0.5416666666666666,0.5337181741723374,0.38888888888888884,0.14952850160060954,0.027160021716521418,2.0,0.006944444444444444,0.0,0.0,0.007722007722007722,,,,,
2,33,0train,1test,transductive,0.75,crcs,245,216,72,1,left_hand,0.0,0.5555555555555556,0.5555555555555556,0.5446778711484593,0.40740740740740744,,,43.0,0.14930555555555555,1.0,0.6744186046511628,0.05405405405405406,1.0,0.41182177957926835,4.260436150070545,0.0295326347027728,1.6437412547237242
2,44,0train,1test,transductive,0.75,clean,288,216,72,1,left_hand,0.0,0.5416666666666666,0.5416666666666667,0.5137301587301587,0.38888888888888884,,,,,,,,,,,,
2,44,0train,1test,transductive,0.75,poisoned,288,216,72,1,left_hand,1.0,0.5833333333333334,0.5833333333333333,0.5636430510422445,0.4444444444444444,,,,,,,,,,,,
2,44,0train,1test,transductive,0.75,spectral_baseline,286,216,72,1,left_hand,1.0,0.5694444444444444,0.5694444444444444,0.5468877968877969,0.42592592592592593,0.14975466381021552,0.027400083251668803,2.0,0.006944444444444444,0.0,0.0,0.007722007722007722,,,,,
2,44,0train,1test,transductive,0.75,crcs,245,216,72,1,left_hand,0.0,0.5555555555555556,0.5555555555555556,0.5279034690799397,0.40740740740740744,,,43.0,0.14930555555555555,1.0,0.6744186046511628,0.05405405405405406,1.0,0.319670071411689,3.2999620658867737,0.030903557879201182,1.3352903160850778
2,55,0train,1test,transductive,0.75,clean,288,216,72,1,left_hand,0.0,0.5555555555555556,0.5555555555555556,0.5428692699490661,0.40740740740740744,,,,,,,,,,,,
2,55,0train,1test,transductive,0.75,poisoned,288,216,72,1,left_hand,0.9814814814814815,0.5138888888888888,0.5138888888888888,0.5206111819015045,0.35185185185185186,,,,,,,,,,,,
2,55,0train,1test,transductive,0.75,spectral_baseline,286,216,72,1,left_hand,0.9814814814814815,0.5,0.5,0.5064104427007653,0.33333333333333337,0.14952850160060954,0.027210085061984725,2.0,0.006944444444444444,0.0,0.0,0.007722007722007722,,,,,
2,55,0train,1test,transductive,0.75,crcs,245,216,72,1,left_hand,0.0,0.5416666666666666,0.5416666666666667,0.5313016568638758,0.38888888888888884,,,43.0,0.14930555555555555,1.0,0.6744186046511628,0.05405405405405406,1.0,0.2869905872800744,2.781029650612007,0.032431512075480326,1.1737187586422648
2,11,0train,1test,transductive,0.8,clean,288,232,56,1,left_hand,0.0,0.6071428571428571,0.6071428571428571,0.588375350140056,0.47619047619047616,,,,,,,,,,,,
2,11,0train,1test,transductive,0.8,poisoned,288,232,56,1,left_hand,1.0,0.6607142857142857,0.6607142857142857,0.6528621378621379,0.5476190476190477,,,,,,,,,,,,
2,11,0train,1test,transductive,0.8,spectral_baseline,285,232,56,1,left_hand,1.0,0.6785714285714286,0.6785714285714286,0.6720929070929071,0.5714285714285714,0.14922186317430017,0.02657110845934843,3.0,0.010416666666666666,0.0,0.0,0.011583011583011582,,,,,
2,11,0train,1test,transductive,0.8,crcs,245,232,56,1,left_hand,0.0,0.6428571428571429,0.6428571428571428,0.6351547077140163,0.5238095238095238,,,43.0,0.14930555555555555,1.0,0.6744186046511628,0.05405405405405406,1.0,0.2934113782633656,2.9119056532826053,0.030651029045880226,1.1815524195757288
2,22,0train,1test,transductive,0.8,clean,288,232,56,1,left_hand,0.0,0.5892857142857143,0.5892857142857143,0.5768817204301074,0.45238095238095233,,,,,,,,,,,,
2,22,0train,1test,transductive,0.8,poisoned,288,232,56,1,left_hand,0.9761904761904762,0.48214285714285715,0.4821428571428571,0.47703612479474544,0.30952380952380953,,,,,,,,,,,,
2,22,0train,1test,transductive,0.8,spectral_baseline,286,232,56,1,left_hand,0.9761904761904762,0.48214285714285715,0.4821428571428571,0.47703612479474544,0.30952380952380953,0.14969114676339607,0.027463600298488253,2.0,0.006944444444444444,0.0,0.0,0.007722007722007722,,,,,
2,22,0train,1test,transductive,0.8,crcs,245,232,56,1,left_hand,0.0,0.6071428571428571,0.6071428571428571,0.5985079575596817,0.47619047619047616,,,43.0,0.14930555555555555,1.0,0.6744186046511628,0.05405405405405406,1.0,0.2804309398251157,2.6788718552520607,0.036006505575347236,1.1231721947679736
2,33,0train,1test,transductive,0.8,clean,288,232,56,1,left_hand,0.0,0.5714285714285714,0.5714285714285714,0.5557142857142857,0.4285714285714286,,,,,,,,,,,,
2,33,0train,1test,transductive,0.8,poisoned,288,232,56,1,left_hand,0.9523809523809523,0.5714285714285714,0.5714285714285714,0.5674516908212561,0.4285714285714286,,,,,,,,,,,,
2,33,0train,1test,transductive,0.8,spectral_baseline,286,232,56,1,left_hand,0.9523809523809523,0.5714285714285714,0.5714285714285714,0.5674516908212561,0.4285714285714286,0.14952850160060954,0.027160021716521418,2.0,0.006944444444444444,0.0,0.0,0.007722007722007722,,,,,
2,33,0train,1test,transductive,0.8,crcs,245,232,56,1,left_hand,0.0,0.5714285714285714,0.5714285714285714,0.5656845238095238,0.4285714285714286,,,43.0,0.14930555555555555,1.0,0.6744186046511628,0.05405405405405406,1.0,0.412844767491263,4.293366168335535,0.02843821134547729,1.6497548843082328
2,44,0train,1test,transductive,0.8,clean,288,232,56,1,left_hand,0.0,0.625,0.625,0.6007078039927405,0.5,,,,,,,,,,,,
2,44,0train,1test,transductive,0.8,poisoned,288,232,56,1,left_hand,1.0,0.6071428571428571,0.6071428571428572,0.5837027914614121,0.47619047619047616,,,,,,,,,,,,
2,44,0train,1test,transductive,0.8,spectral_baseline,286,232,56,1,left_hand,1.0,0.625,0.625,0.6040651103019918,0.5,0.14975466381021552,0.027400083251668803,2.0,0.006944444444444444,0.0,0.0,0.007722007722007722,,,,,
2,44,0train,1test,transductive,0.8,crcs,245,232,56,1,left_hand,0.0,0.625,0.625,0.599009009009009,0.5,,,43.0,0.14930555555555555,1.0,0.6744186046511628,0.05405405405405406,1.0,0.30706633514597875,3.157193762176845,0.03037060118137627,1.29338674383628
2,55,0train,1test,transductive,0.8,clean,288,232,56,1,left_hand,0.0,0.6071428571428571,0.6071428571428571,0.5965873900656509,0.47619047619047616,,,,,,,,,,,,
2,55,0train,1test,transductive,0.8,poisoned,288,232,56,1,left_hand,1.0,0.5714285714285714,0.5714285714285714,0.5769574628270281,0.4285714285714286,,,,,,,,,,,,
2,55,0train,1test,transductive,0.8,spectral_baseline,286,232,56,1,left_hand,1.0,0.5714285714285714,0.5714285714285714,0.5769574628270281,0.4285714285714286,0.14952850160060954,0.027210085061984725,2.0,0.006944444444444444,0.0,0.0,0.007722007722007722,,,,,
2,55,0train,1test,transductive,0.8,crcs,245,232,56,1,left_hand,0.0,0.5714285714285714,0.5714285714285714,0.5604629629629629,0.4285714285714286,,,43.0,0.14930555555555555,1.0,0.6744186046511628,0.05405405405405406,1.0,0.2929379285083536,2.8913623916965245,0.031402281150498784,1.202595192363704
3,11,0train,1test,inductive,0.0,clean,288,0,288,1,left_hand,0.0,0.7256944444444444,0.7256944444444444,0.7094451523047249,0.6342592592592593,,,,,,,,,,,,
3,11,0train,1test,inductive,0.0,poisoned,288,0,288,1,left_hand,0.05092592592592592,0.7847222222222222,0.7847222222222222,0.7745099852161681,0.712962962962963,,,,,,,,,,,,
3,11,0train,1test,inductive,0.0,spectral_baseline,284,0,288,1,left_hand,0.05092592592592592,0.7777777777777778,0.7777777777777778,0.764379361561572,0.7037037037037037,0.1459297406429707,0.02976600411051014,4.0,0.013888888888888888,0.0,0.0,0.015444015444015444,,,,,
3,11,0train,1test,inductive,0.0,crcs,245,0,288,1,left_hand,0.041666666666666664,0.7881944444444444,0.7881944444444444,0.7806963447518226,0.7175925925925926,,,43.0,0.14930555555555555,0.0,0.0,0.16602316602316602,0.0,0.032056621634150524,0.2686370197656545,-0.052196404974491614,0.15409321121552938
3,22,0train,1test,inductive,0.0,clean,288,0,288,1,left_hand,0.0,0.7256944444444444,0.7256944444444444,0.7094451523047249,0.6342592592592593,,,,,,,,,,,,
3,22,0train,1test,inductive,0.0,poisoned,288,0,288,1,left_hand,0.041666666666666664,0.8194444444444444,0.8194444444444444,0.8124637532626138,0.7592592592592593,,,,,,,,,,,,
3,22,0train,1test,inductive,0.0,spectral_baseline,285,0,288,1,left_hand,0.046296296296296294,0.8229166666666666,0.8229166666666666,0.8162342874865451,0.7638888888888888,0.145705594459475,0.029722178932050855,3.0,0.010416666666666666,0.0,0.0,0.011583011583011582,,,,,
3,22,0train,1test,inductive,0.0,crcs,245,0,288,1,left_hand,0.041666666666666664,0.7916666666666666,0.7916666666666667,0.7839068340131594,0.7222222222222222,,,43.0,0.14930555555555555,0.0,0.0,0.16602316602316602,0.0,0.03171459482731406,0.29836290171007385,-0.053129224011984416,0.13918755673799957
3,33,0train,1test,inductive,0.0,clean,288,0,288,1,left_hand,0.0,0.7256944444444444,0.7256944444444444,0.7094451523047249,0.6342592592592593,,,,,,,,,,,,
3,33,0train,1test,inductive,0.0,poisoned,288,0,288,1,left_hand,0.018518518518518517,0.7569444444444444,0.7569444444444444,0.7406817100768267,0.6759259259259259,,,,,,,,,,,,
3,33,0train,1test,inductive,0.0,spectral_baseline,284,0,288,1,left_hand,0.018518518518518517,0.7604166666666666,0.7604166666666666,0.7432923699875129,0.6805555555555556,0.14312239613868183,0.03113054377283886,4.0,0.013888888888888888,0.0,0.0,0.015444015444015444,,,,,
3,33,0train,1test,inductive,0.0,crcs,245,0,288,1,left_hand,0.023148148148148147,0.7430555555555556,0.7430555555555556,0.7208274881371264,0.6574074074074074,,,43.0,0.14930555555555555,0.0,0.0,0.16602316602316602,0.0,0.03276815129619516,0.3140016539622477,-0.055443981807041215,0.13838442315381594
3,44,0train,1test,inductive,0.0,clean,288,0,288,1,left_hand,0.0,0.7256944444444444,0.7256944444444444,0.7094451523047249,0.6342592592592593,,,,,,,,,,,,
3,44,0train,1test,inductive,0.0,poisoned,288,0,288,1,left_hand,0.027777777777777776,0.8055555555555556,0.8055555555555556,0.7921179856919294,0.7407407407407407,,,,,,,,,,,,
3,44,0train,1test,inductive,0.0,spectral_baseline,284,0,288,1,left_hand,0.023148148148148147,0.7951388888888888,0.7951388888888888,0.7808608511054163,0.7268518518518519,0.14491787480339102,0.03146902248386894,4.0,0.013888888888888888,0.0,0.0,0.015444015444015444,,,,,
3,44,0train,1test,inductive,0.0,crcs,245,0,288,1,left_hand,0.032407407407407406,0.7708333333333334,0.7708333333333334,0.7623708830721228,0.6944444444444444,,,43.0,0.14930555555555555,0.0,0.0,0.16602316602316602,0.0,0.0310692309298405,0.2671172367680175,-0.05446731222343076,0.12515317922313207
3,55,0train,1test,inductive,0.0,clean,288,0,288,1,left_hand,0.0,0.7256944444444444,0.7256944444444444,0.7094451523047249,0.6342592592592593,,,,,,,,,,,,
3,55,0train,1test,inductive,0.0,poisoned,288,0,288,1,left_hand,0.013888888888888888,0.7673611111111112,0.7673611111111112,0.756650249500083,0.6898148148148149,,,,,,,,,,,,
3,55,0train,1test,inductive,0.0,spectral_baseline,284,0,288,1,left_hand,0.013888888888888888,0.78125,0.78125,0.7702074967333311,0.7083333333333333,0.14454675447097268,0.03040952603060401,4.0,0.013888888888888888,0.0,0.0,0.015444015444015444,,,,,
3,55,0train,1test,inductive,0.0,crcs,245,0,288,1,left_hand,0.013888888888888888,0.7777777777777778,0.7777777777777778,0.761747913921827,0.7037037037037037,,,43.0,0.14930555555555555,0.0,0.0,0.16602316602316602,0.0,0.030619188432994937,0.30060102496493457,-0.056689343876403044,0.12126142654588569
3,11,0train,1test,inductive,0.1,clean,288,28,260,1,left_hand,0.0,0.8346153846153846,0.8346153846153846,0.8350546459280704,0.7794871794871795,,,,,,,,,,,,
3,11,0train,1test,inductive,0.1,poisoned,288,28,260,1,left_hand,0.06153846153846154,0.823076923076923,0.823076923076923,0.8221571229761356,0.764102564102564,,,,,,,,,,,,
3,11,0train,1test,inductive,0.1,spectral_baseline,284,28,260,1,left_hand,0.06666666666666667,0.8269230769230769,0.826923076923077,0.8260543165374512,0.7692307692307692,0.1459297406429707,0.02976600411051014,4.0,0.013888888888888888,0.0,0.0,0.015444015444015444,,,,,
3,11,0train,1test,inductive,0.1,crcs,245,28,260,1,left_hand,0.0,0.823076923076923,0.8230769230769232,0.8240724089841457,0.764102564102564,,,43.0,0.14930555555555555,1.0,0.6744186046511628,0.05405405405405406,1.0,0.11019191354858963,0.7109022215136956,0.030822202347640826,0.19631381666773604
3,22,0train,1test,inductive,0.1,clean,288,28,260,1,left_hand,0.0,0.8423076923076923,0.8423076923076924,0.8401564879106433,0.7897435897435897,,,,,,,,,,,,
3,22,0train,1test,inductive,0.1,poisoned,288,28,260,1,left_hand,0.05128205128205128,0.7961538461538461,0.7961538461538462,0.7944319906663704,0.7282051282051283,,,,,,,,,,,,
3,22,0train,1test,inductive,0.1,spectral_baseline,285,28,260,1,left_hand,0.05641025641025641,0.7961538461538461,0.7961538461538462,0.7946071549012725,0.7282051282051283,0.145705594459475,0.029722178932050855,3.0,0.010416666666666666,0.0,0.0,0.011583011583011582,,,,,
3,22,0train,1test,inductive,0.1,crcs,245,28,260,1,left_hand,0.035897435897435895,0.8076923076923077,0.8076923076923077,0.8055908452622766,0.7435897435897436,,,43.0,0.14930555555555555,0.10344827586206896,0.06976744186046512,0.15444015444015444,1.0,0.10139591669454469,0.6446332482961634,0.025846136440315477,0.3029783754065767
3,33,0train,1test,inductive,0.1,clean,288,28,260,1,left_hand,0.0,0.8538461538461538,0.8538461538461539,0.85413360361275,0.8051282051282052,,,,,,,,,,,,
3,33,0train,1test,inductive,0.1,poisoned,288,28,260,1,left_hand,0.035897435897435895,0.8653846153846154,0.8653846153846154,0.8632158125956181,0.8205128205128205,,,,,,,,,,,,
3,33,0train,1test,inductive,0.1,spectral_baseline,284,28,260,1,left_hand,0.035897435897435895,0.8576923076923076,0.8576923076923078,0.8554434483568342,0.8102564102564103,0.14312239613868183,0.03113054377283886,4.0,0.013888888888888888,0.0,0.0,0.015444015444015444,,,,,
3,33,0train,1test,inductive,0.1,crcs,245,28,260,1,left_hand,0.02564102564102564,0.85,0.85,0.8481806088648194,0.8,,,43.0,0.14930555555555555,0.5517241379310345,0.37209302325581395,0.10424710424710425,1.0,0.10837541174135369,0.9151489539838336,0.021998245524418782,0.43362999105136163
3,44,0train,1test,inductive,0.1,clean,288,28,260,1,left_hand,0.0,0.8384615384615385,0.8384615384615385,0.840144002667041,0.7846153846153846,,,,,,,,,,,,
3,44,0train,1test,inductive,0.1,poisoned,288,28,260,1,left_hand,0.03076923076923077,0.8115384615384615,0.8115384615384615,0.8111503570510158,0.7487179487179487,,,,,,,,,,,,
3,44,0train,1test,inductive,0.1,spectral_baseline,284,28,260,1,left_hand,0.03076923076923077,0.8115384615384615,0.8115384615384615,0.8108263009427169,0.7487179487179487,0.14491787480339102,0.03146902248386894,4.0,0.013888888888888888,0.0,0.0,0.015444015444015444,,,,,
3,44,0train,1test,inductive,0.1,crcs,245,28,260,1,left_hand,0.0,0.8346153846153846,0.8346153846153845,0.836505809362795,0.7794871794871795,,,43.0,0.14930555555555555,1.0,0.6744186046511628,0.05405405405405406,1.0,0.1553680003359752,1.1272292284269605,-0.011039246128781969,0.823694017514669
3,55,0train,1test,inductive,0.1,clean,288,28,260,1,left_hand,0.0,0.8461538461538461,0.8461538461538463,0.8449309317529486,0.7948717948717949,,,,,,,,,,,,
3,55,0train,1test,inductive,0.1,poisoned,288,28,260,1,left_hand,0.03076923076923077,0.8346153846153846,0.8346153846153846,0.8316605339255821,0.7794871794871795,,,,,,,,,,,,
3,55,0train,1test,inductive,0.1,spectral_baseline,284,28,260,1,left_hand,0.035897435897435895,0.8384615384615385,0.8384615384615385,0.8351722183820266,0.7846153846153846,0.14454675447097268,0.03040952603060401,4.0,0.013888888888888888,0.0,0.0,0.015444015444015444,,,,,
3,55,0train,1test,inductive,0.1,crcs,245,28,260,1,left_hand,0.0,0.8615384615384616,0.8615384615384616,0.8596994058573006,0.8153846153846154,,,43.0,0.14930555555555555,1.0,0.6744186046511628,0.05405405405405406,1.0,0.1494529836726978,1.0190201668868748,0.016386102391933846,0.49871681117092
3,11,0train,1test,inductive,0.25,clean,288,72,216,1,left_hand,0.0,0.8425925925925926,0.8425925925925926,0.8425289496042998,0.7901234567901234,,,,,,,,,,,,
3,11,0train,1test,inductive,0.25,poisoned,288,72,216,1,left_hand,0.030864197530864196,0.8333333333333334,0.8333333333333333,0.8320231996702585,0.7777777777777778,,,,,,,,,,,,
3,11,0train,1test,inductive,0.25,spectral_baseline,284,72,216,1,left_hand,0.037037037037037035,0.8287037037037037,0.8287037037037037,0.8262078486082911,0.7716049382716049,0.1459297406429707,0.02976600411051014,4.0,0.013888888888888888,0.0,0.0,0.015444015444015444,,,,,
3,11,0train,1test,inductive,0.25,crcs,245,72,216,1,left_hand,0.0,0.8518518518518519,0.8518518518518519,0.8519725557461406,0.8024691358024691,,,43.0,0.14930555555555555,1.0,0.6744186046511628,0.05405405405405406,1.0,0.12640877493594127,0.9460037517717717,-0.009967498748479998,0.6857270528681954
3,22,0train,1test,inductive,0.25,clean,288,72,216,1,left_hand,0.0,0.8333333333333334,0.8333333333333333,0.8309193121693121,0.7777777777777778,,,,,,,,,,,,
3,22,0train,1test,inductive,0.25,poisoned,288,72,216,1,left_hand,0.037037037037037035,0.8194444444444444,0.8194444444444445,0.8193683235342555,0.7592592592592593,,,,,,,,,,,,
3,22,0train,1test,inductive,0.25,spectral_baseline,285,72,216,1,left_hand,0.037037037037037035,0.8240740740740741,0.824074074074074,0.8234570381727211,0.7654320987654322,0.145705594459475,0.029722178932050855,3.0,0.010416666666666666,0.0,0.0,0.011583011583011582,,,,,
3,22,0train,1test,inductive,0.25,crcs,245,72,216,1,left_hand,0.7654320987654321,0.8009259259259259,0.8009259259259258,0.7985793556744882,0.7345679012345678,,,43.0,0.14930555555555555,0.5517241379310345,0.37209302325581395,0.10424710424710425,1.0,0.08722978330377246,0.5653132906113942,0.008030205463992275,0.3223348026265546
3,33,0train,1test,inductive,0.25,clean,288,72,216,1,left_hand,0.0,0.8657407407407407,0.8657407407407407,0.8642801234544355,0.8209876543209876,,,,,,,,,,,,
3,33,0train,1test,inductive,0.25,poisoned,288,72,216,1,left_hand,0.012345679012345678,0.8518518518518519,0.8518518518518519,0.849974991237087,0.8024691358024691,,,,,,,,,,,,
3,33,0train,1test,inductive,0.25,spectral_baseline,284,72,216,1,left_hand,0.012345679012345678,0.8518518518518519,0.8518518518518519,0.8498909545223978,0.8024691358024691,0.14312239613868183,0.03113054377283886,4.0,0.013888888888888888,0.0,0.0,0.015444015444015444,,,,,
3,33,0train,1test,inductive,0.25,crcs,245,72,216,1,left_hand,0.6975308641975309,0.8425925925925926,0.8425925925925926,0.8380494911094092,0.7901234567901234,,,43.0,0.14930555555555555,0.5862068965517241,0.3953488372093023,0.10038610038610038,1.0,0.08842754779557316,0.8618912189775947,-0.00945060067460076,0.4907727592672091
3,44,0train,1test,inductive,0.25,clean,288,72,216,1,left_hand,0.0,0.8472222222222222,0.8472222222222222,0.8460760180409241,0.7962962962962963,,,,,,,,,,,,
3,44,0train,1test,inductive,0.25,poisoned,288,72,216,1,left_hand,0.037037037037037035,0.8148148148148148,0.8148148148148148,0.8111628649338125,0.7530864197530864,,,,,,,,,,,,
3,44,0train,1test,inductive,0.25,spectral_baseline,284,72,216,1,left_hand,0.037037037037037035,0.8101851851851852,0.8101851851851852,0.8054364172785226,0.7469135802469136,0.14491787480339102,0.03146902248386894,4.0,0.013888888888888888,0.0,0.0,0.015444015444015444,,,,,
3,44,0train,1test,inductive,0.25,crcs,245,72,216,1,left_hand,0.7037037037037037,0.8379629629629629,0.8379629629629629,0.8343882047607505,0.7839506172839507,,,43.0,0.14930555555555555,0.7241379310344828,0.4883720930232558,0.08494208494208494,1.0,0.07777486067102614,0.5107393194371079,-0.03202633387817545,0.6269318550787631
3,55,0train,1test,inductive,0.25,clean,288,72,216,1,left_hand,0.0,0.8518518518518519,0.8518518518518519,0.8518070075147852,0.8024691358024691,,,,,,,,,,,,
3,55,0train,1test,inductive,0.25,poisoned,288,72,216,1,left_hand,0.024691358024691357,0.8657407407407407,0.8657407407407407,0.8641459531194688,0.8209876543209876,,,,,,,,,,,,
3,55,0train,1test,inductive,0.25,spectral_baseline,284,72,216,1,left_hand,0.024691358024691357,0.8611111111111112,0.8611111111111112,0.8595197255574614,0.8148148148148149,0.14454675447097268,0.03040952603060401,4.0,0.013888888888888888,0.0,0.0,0.015444015444015444,,,,,
3,55,0train,1test,inductive,0.25,crcs,245,72,216,1,left_hand,0.0,0.8611111111111112,0.8611111111111112,0.8597950166842439,0.8148148148148149,,,43.0,0.14930555555555555,1.0,0.6744186046511628,0.05405405405405406,1.0,0.1234562569376883,0.8230886801708142,-0.005052173074092289,0.677789084510173
3,11,0train,1test,inductive,0.5,clean,288,144,144,1,left_hand,0.0,0.8819444444444444,0.8819444444444445,0.8827898900250819,0.8425925925925926,,,,,,,,,,,,
3,11,0train,1test,inductive,0.5,poisoned,288,144,144,1,left_hand,0.7314814814814815,0.8333333333333334,0.8333333333333334,0.8313760935912328,0.7777777777777778,,,,,,,,,,,,
3,11,0train,1test,inductive,0.5,spectral_baseline,284,144,144,1,left_hand,0.7314814814814815,0.8263888888888888,0.8263888888888888,0.8239695087521175,0.7685185185185185,0.1459297406429707,0.02976600411051014,4.0,0.013888888888888888,0.0,0.0,0.015444015444015444,,,,,
3,11,0train,1test,inductive,0.5,crcs,245,144,144,1,left_hand,0.0,0.8958333333333334,0.8958333333333334,0.8967907344803383,0.8611111111111112,,,43.0,0.14930555555555555,1.0,0.6744186046511628,0.05405405405405406,1.0,0.09088109309390188,0.5437395468880899,-0.0032937773093801117,0.4784196977591281
3,22,0train,1test,inductive,0.5,clean,288,144,144,1,left_hand,0.0,0.8402777777777778,0.8402777777777779,0.8407858260675163,0.787037037037037,,,,,,,,,,,,
3,22,0train,1test,inductive,0.5,poisoned,288,144,144,1,left_hand,0.7129629629629629,0.8055555555555556,0.8055555555555556,0.8036915784475596,0.7407407407407407,,,,,,,,,,,,
3,22,0train,1test,inductive,0.5,spectral_baseline,285,144,144,1,left_hand,0.7037037037037037,0.8055555555555556,0.8055555555555556,0.8035258490157906,0.7407407407407407,0.145705594459475,0.029722178932050855,3.0,0.010416666666666666,0.0,0.0,0.011583011583011582,,,,,
3,22,0train,1test,inductive,0.5,crcs,245,144,144,1,left_hand,0.7037037037037037,0.8402777777777778,0.8402777777777778,0.8401545115441507,0.787037037037037,,,43.0,0.14930555555555555,0.896551724137931,0.6046511627906976,0.06563706563706563,1.0,0.09657138936355755,0.7685655544244169,-0.0017440299973492206,0.5337132791271226
3,33,0train,1test,inductive,0.5,clean,288,144,144,1,left_hand,0.0,0.8472222222222222,0.8472222222222223,0.8438742843920972,0.7962962962962963,,,,,,,,,,,,
3,33,0train,1test,inductive,0.5,poisoned,288,144,144,1,left_hand,0.75,0.8194444444444444,0.8194444444444444,0.8124672291338959,0.7592592592592593,,,,,,,,,,,,
3,33,0train,1test,inductive,0.5,spectral_baseline,284,144,144,1,left_hand,0.7222222222222222,0.8194444444444444,0.8194444444444444,0.8124204722826145,0.7592592592592593,0.14312239613868183,0.03113054377283886,4.0,0.013888888888888888,0.0,0.0,0.015444015444015444,,,,,
3,33,0train,1test,inductive,0.5,crcs,245,144,144,1,left_hand,0.5925925925925926,0.8472222222222222,0.8472222222222223,0.8433746759161936,0.7962962962962963,,,43.0,0.14930555555555555,0.6551724137931034,0.4418604651162791,0.09266409266409266,1.0,0.08414033330121823,0.841077267991156,-0.006828811115511054,0.4344741098662983
3,44,0train,1test,inductive,0.5,clean,288,144,144,1,left_hand,0.0,0.875,0.875,0.8742182956923454,0.8333333333333334,,,,,,,,,,,,
3,44,0train,1test,inductive,0.5,poisoned,288,144,144,1,left_hand,0.7314814814814815,0.8611111111111112,0.8611111111111112,0.8582199245905502,0.8148148148148149,,,,,,,,,,,,
3,44,0train,1test,inductive,0.5,spectral_baseline,284,144,144,1,left_hand,0.7222222222222222,0.8611111111111112,0.8611111111111112,0.8582199245905502,0.8148148148148149,0.14491787480339102,0.03146902248386894,4.0,0.013888888888888888,0.0,0.0,0.015444015444015444,,,,,
3,44,0train,1test,inductive,0.5,crcs,245,144,144,1,left_hand,0.5277777777777778,0.8958333333333334,0.8958333333333334,0.8941133470932232,0.8611111111111112,,,43.0,0.14930555555555555,0.7241379310344828,0.4883720930232558,0.08494208494208494,1.0,0.06638819592017536,0.4009780635795478,-0.03212111328443015,0.3739372716888791
3,55,0train,1test,inductive,0.5,clean,288,144,144,1,left_hand,0.0,0.8888888888888888,0.8888888888888888,0.8873320767841316,0.8518518518518519,,,,,,,,,,,,
3,55,0train,1test,inductive,0.5,poisoned,288,144,144,1,left_hand,0.6944444444444444,0.8611111111111112,0.8611111111111112,0.8578209410573027,0.8148148148148149,,,,,,,,,,,,
3,55,0train,1test,inductive,0.5,spectral_baseline,284,144,144,1,left_hand,0.6944444444444444,0.8611111111111112,0.8611111111111112,0.8578209410573027,0.8148148148148149,0.14454675447097268,0.03040952603060401,4.0,0.013888888888888888,0.0,0.0,0.015444015444015444,,,,,
3,55,0train,1test,inductive,0.5,crcs,245,144,144,1,left_hand,0.4722222222222222,0.8680555555555556,0.8680555555555556,0.8656667114876071,0.8240740740740741,,,43.0,0.14930555555555555,0.7241379310344828,0.4883720930232558,0.08494208494208494,1.0,0.07818232800415369,0.7751924075143021,-0.01311844882839657,0.47796308981836944
3,11,0train,1test,inductive,0.75,clean,288,216,72,1,left_hand,0.0,0.9305555555555556,0.9305555555555556,0.9298503861003862,0.9074074074074074,,,,,,,,,,,,
3,11,0train,1test,inductive,0.75,poisoned,288,216,72,1,left_hand,0.5185185185185185,0.8472222222222222,0.8472222222222222,0.8459150326797386,0.7962962962962963,,,,,,,,,,,,
3,11,0train,1test,inductive,0.75,spectral_baseline,284,216,72,1,left_hand,0.5,0.8472222222222222,0.8472222222222222,0.8459150326797386,0.7962962962962963,0.1459297406429707,0.02976600411051014,4.0,0.013888888888888888,0.0,0.0,0.015444015444015444,,,,,
3,11,0train,1test,inductive,0.75,crcs,245,216,72,1,left_hand,0.0,0.9166666666666666,0.9166666666666666,0.9161703161703162,0.8888888888888888,,,43.0,0.14930555555555555,1.0,0.6744186046511628,0.05405405405405406,1.0,0.09860865748734676,0.6539558416438449,-0.010657894123803241,0.5549752611359382
3,22,0train,1test,inductive,0.75,clean,288,216,72,1,left_hand,0.0,0.8055555555555556,0.8055555555555555,0.8058129558129558,0.7407407407407407,,,,,,,,,,,,
3,22,0train,1test,inductive,0.75,poisoned,288,216,72,1,left_hand,0.5925925925925926,0.7916666666666666,0.7916666666666666,0.7852925040425041,0.7222222222222222,,,,,,,,,,,,
3,22,0train,1test,inductive,0.75,spectral_baseline,285,216,72,1,left_hand,0.5925925925925926,0.7916666666666666,0.7916666666666666,0.7840277777777777,0.7222222222222222,0.145705594459475,0.029722178932050855,3.0,0.010416666666666666,0.0,0.0,0.011583011583011582,,,,,
3,22,0train,1test,inductive,0.75,crcs,245,216,72,1,left_hand,0.0,0.8194444444444444,0.8194444444444444,0.8223209796739208,0.7592592592592593,,,43.0,0.14930555555555555,1.0,0.6744186046511628,0.05405405405405406,1.0,0.1046760827665647,0.7542329102762964,-0.0009407813165266091,0.5343498861120479
3,33,0train,1test,inductive,0.75,clean,288,216,72,1,left_hand,0.0,0.8333333333333334,0.8333333333333334,0.8290584992887624,0.7777777777777778,,,,,,,,,,,,
3,33,0train,1test,inductive,0.75,poisoned,288,216,72,1,left_hand,0.6296296296296297,0.8194444444444444,0.8194444444444444,0.8109784722687948,0.7592592592592593,,,,,,,,,,,,
3,33,0train,1test,inductive,0.75,spectral_baseline,284,216,72,1,left_hand,0.6296296296296297,0.8194444444444444,0.8194444444444444,0.8109784722687948,0.7592592592592593,0.14312239613868183,0.03113054377283886,4.0,0.013888888888888888,0.0,0.0,0.015444015444015444,,,,,
3,33,0train,1test,inductive,0.75,crcs,245,216,72,1,left_hand,0.018518518518518517,0.8472222222222222,0.8472222222222222,0.8426802635206709,0.7962962962962963,,,43.0,0.14930555555555555,0.9655172413793104,0.6511627906976745,0.05791505791505792,1.0,0.09435294542530001,0.7360626841795753,-0.008243935159377179,0.4623438104898489
3,44,0train,1test,inductive,0.75,clean,288,216,72,1,left_hand,0.0,0.875,0.875,0.8739261583011583,0.8333333333333334,,,,,,,,,,,,
3,44,0train,1test,inductive,0.75,poisoned,288,216,72,1,left_hand,0.5925925925925926,0.875,0.875,0.8721833721833723,0.8333333333333334,,,,,,,,,,,,
3,44,0train,1test,inductive,0.75,spectral_baseline,284,216,72,1,left_hand,0.5925925925925926,0.875,0.875,0.8721833721833723,0.8333333333333334,0.14491787480339102,0.03146902248386894,4.0,0.013888888888888888,0.0,0.0,0.015444015444015444,,,,,
3,44,0train,1test,inductive,0.75,crcs,245,216,72,1,left_hand,0.48148148148148145,0.8888888888888888,0.8888888888888888,0.8879394099982336,0.8518518518518519,,,43.0,0.14930555555555555,0.7586206896551724,0.5116279069767442,0.08108108108108109,1.0,0.07169963842637476,0.4720394426443988,-0.02469418423733004,0.3802206508257272
3,55,0train,1test,inductive,0.75,clean,288,216,72,1,left_hand,0.0,0.9027777777777778,0.9027777777777778,0.9012237762237763,0.8703703703703703,,,,,,,,,,,,
3,55,0train,1test,inductive,0.75,poisoned,288,216,72,1,left_hand,0.48148148148148145,0.8888888888888888,0.8888888888888888,0.8866515837104072,0.8518518518518519,,,,,,,,,,,,
3,55,0train,1test,inductive,0.75,spectral_baseline,284,216,72,1,left_hand,0.48148148148148145,0.875,0.875,0.8720588235294118,0.8333333333333334,0.14454675447097268,0.03040952603060401,4.0,0.013888888888888888,0.0,0.0,0.015444015444015444,,,,,
3,55,0train,1test,inductive,0.75,crcs,245,216,72,1,left_hand,0.5740740740740741,0.9027777777777778,0.9027777777777778,0.9012237762237763,0.8703703703703703,,,43.0,0.14930555555555555,0.9310344827586207,0.627906976744186,0.06177606177606178,1.0,0.08867301978615123,0.7395967933761541,-0.009427519772268673,0.531509596635912
3,11,0train,1test,inductive,0.8,clean,288,232,56,1,left_hand,0.0,0.9285714285714286,0.9285714285714286,0.9279265026984715,0.9047619047619048,,,,,,,,,,,,
3,11,0train,1test,inductive,0.8,poisoned,288,232,56,1,left_hand,0.4523809523809524,0.8392857142857143,0.8392857142857143,0.8382554945054945,0.7857142857142857,,,,,,,,,,,,
3,11,0train,1test,inductive,0.8,spectral_baseline,284,232,56,1,left_hand,0.42857142857142855,0.8392857142857143,0.8392857142857143,0.8382554945054945,0.7857142857142857,0.1459297406429707,0.02976600411051014,4.0,0.013888888888888888,0.0,0.0,0.015444015444015444,,,,,
3,11,0train,1test,inductive,0.8,crcs,245,232,56,1,left_hand,0.0,0.9285714285714286,0.9285714285714286,0.9279265026984715,0.9047619047619048,,,43.0,0.14930555555555555,1.0,0.6744186046511628,0.05405405405405406,1.0,0.11140574469123961,0.7926962052006601,-0.00811825306834075,0.6270293393384252
3,22,0train,1test,inductive,0.8,clean,288,232,56,1,left_hand,0.0,0.8392857142857143,0.8392857142857143,0.8362542629784009,0.7857142857142857,,,,,,,,,,,,
3,22,0train,1test,inductive,0.8,poisoned,288,232,56,1,left_hand,0.5714285714285714,0.8214285714285714,0.8214285714285715,0.8162114170178687,0.7619047619047619,,,,,,,,,,,,
3,22,0train,1test,inductive,0.8,spectral_baseline,285,232,56,1,left_hand,0.5476190476190477,0.8214285714285714,0.8214285714285715,0.8162114170178687,0.7619047619047619,0.145705594459475,0.029722178932050855,3.0,0.010416666666666666,0.0,0.0,0.011583011583011582,,,,,
3,22,0train,1test,inductive,0.8,crcs,245,232,56,1,left_hand,0.0,0.875,0.875,0.8749771939427111,0.8333333333333334,,,43.0,0.14930555555555555,1.0,0.6744186046511628,0.05405405405405406,1.0,0.09689924786713622,0.7313387506564382,-0.004343241772439095,0.48672430509128023
3,33,0train,1test,inductive,0.8,clean,288,232,56,1,left_hand,0.0,0.8035714285714286,0.8035714285714286,0.8008045977011494,0.7380952380952381,,,,,,,,,,,,
3,33,0train,1test,inductive,0.8,poisoned,288,232,56,1,left_hand,0.5714285714285714,0.8214285714285714,0.8214285714285714,0.8166666666666667,0.7619047619047619,,,,,,,,,,,,
3,33,0train,1test,inductive,0.8,spectral_baseline,284,232,56,1,left_hand,0.5714285714285714,0.8214285714285714,0.8214285714285714,0.8166666666666667,0.7619047619047619,0.14312239613868183,0.03113054377283886,4.0,0.013888888888888888,0.0,0.0,0.015444015444015444,,,,,
3,33,0train,1test,inductive,0.8,crcs,245,232,56,1,left_hand,0.5952380952380952,0.8035714285714286,0.8035714285714286,0.7988505747126436,0.7380952380952381,,,43.0,0.14930555555555555,0.7931034482758621,0.5348837209302325,0.07722007722007722,1.0,0.08350888214845914,0.7707929500240049,-0.009158715832215399,0.43944053584137155
3,44,0train,1test,inductive,0.8,clean,288,232,56,1,left_hand,0.0,0.9107142857142857,0.9107142857142858,0.9076619524339213,0.8809523809523809,,,,,,,,,,,,
3,44,0train,1test,inductive,0.8,poisoned,288,232,56,1,left_hand,0.5476190476190477,0.875,0.875,0.8722350230414746,0.8333333333333334,,,,,,,,,,,,
3,44,0train,1test,inductive,0.8,spectral_baseline,284,232,56,1,left_hand,0.5476190476190477,0.875,0.875,0.8722350230414746,0.8333333333333334,0.14491787480339102,0.03146902248386894,4.0,0.013888888888888888,0.0,0.0,0.015444015444015444,,,,,
3,44,0train,1test,inductive,0.8,crcs,245,232,56,1,left_hand,0.5238095238095238,0.9107142857142857,0.9107142857142857,0.909198560060629,0.8809523809523809,,,43.0,0.14930555555555555,0.6896551724137931,0.46511627906976744,0.0888030888030888,1.0,0.07016991500619243,0.4785544084540858,-0.023340651476841136,0.37213681500984885
3,55,0train,1test,inductive,0.8,clean,288,232,56,1,left_hand,0.0,0.9285714285714286,0.9285714285714286,0.9287979046043562,0.9047619047619048,,,,,,,,,,,,
3,55,0train,1test,inductive,0.8,poisoned,288,232,56,1,left_hand,0.5476190476190477,0.8928571428571429,0.8928571428571429,0.8909722222222222,0.8571428571428572,,,,,,,,,,,,
3,55,0train,1test,inductive,0.8,spectral_baseline,284,232,56,1,left_hand,0.5476190476190477,0.8928571428571429,0.8928571428571429,0.8909722222222222,0.8571428571428572,0.14454675447097268,0.03040952603060401,4.0,0.013888888888888888,0.0,0.0,0.015444015444015444,,,,,
3,55,0train,1test,inductive,0.8,crcs,245,232,56,1,left_hand,0.0,0.9285714285714286,0.9285714285714286,0.9287979046043562,0.9047619047619048,,,43.0,0.14930555555555555,1.0,0.6744186046511628,0.05405405405405406,1.0,0.10079953828504101,0.7359795169243216,-0.010041419886543237,0.5659756758219393
3,11,0train,1test,transductive,0.0,clean,288,0,288,1,left_hand,0.0,0.8472222222222222,0.8472222222222222,0.8457415128052412,0.7962962962962963,,,,,,,,,,,,
3,11,0train,1test,transductive,0.0,poisoned,288,0,288,1,left_hand,0.07407407407407407,0.8402777777777778,0.8402777777777778,0.837082699700791,0.787037037037037,,,,,,,,,,,,
3,11,0train,1test,transductive,0.0,spectral_baseline,284,0,288,1,left_hand,0.06481481481481481,0.8402777777777778,0.8402777777777778,0.8360595182141835,0.787037037037037,0.1459297406429707,0.02976600411051014,4.0,0.013888888888888888,0.0,0.0,0.015444015444015444,,,,,
3,11,0train,1test,transductive,0.0,crcs,245,0,288,1,left_hand,0.06481481481481481,0.8506944444444444,0.8506944444444444,0.8464715158789815,0.8009259259259259,,,43.0,0.14930555555555555,0.0,0.0,0.16602316602316602,0.0,0.032056621634150524,0.2686370197656545,-0.052196404974491614,0.15409321121552938
3,22,0train,1test,transductive,0.0,clean,288,0,288,1,left_hand,0.0,0.8472222222222222,0.8472222222222222,0.8457415128052412,0.7962962962962963,,,,,,,,,,,,
3,22,0train,1test,transductive,0.0,poisoned,288,0,288,1,left_hand,0.05092592592592592,0.84375,0.84375,0.8420980499326234,0.7916666666666666,,,,,,,,,,,,
3,22,0train,1test,transductive,0.0,spectral_baseline,285,0,288,1,left_hand,0.05092592592592592,0.8333333333333334,0.8333333333333333,0.8311965811965811,0.7777777777777778,0.145705594459475,0.029722178932050855,3.0,0.010416666666666666,0.0,0.0,0.011583011583011582,,,,,
3,22,0train,1test,transductive,0.0,crcs,245,0,288,1,left_hand,0.032407407407407406,0.8333333333333334,0.8333333333333334,0.8321994671994671,0.7777777777777778,,,43.0,0.14930555555555555,0.0,0.0,0.16602316602316602,0.0,0.03171459482731406,0.29836290171007385,-0.053129224011984416,0.13918755673799957
3,33,0train,1test,transductive,0.0,clean,288,0,288,1,left_hand,0.0,0.8472222222222222,0.8472222222222222,0.8457415128052412,0.7962962962962963,,,,,,,,,,,,
3,33,0train,1test,transductive,0.0,poisoned,288,0,288,1,left_hand,0.05092592592592592,0.8263888888888888,0.8263888888888888,0.8217229593651936,0.7685185185185185,,,,,,,,,,,,
3,33,0train,1test,transductive,0.0,spectral_baseline,284,0,288,1,left_hand,0.046296296296296294,0.8194444444444444,0.8194444444444444,0.813906985833464,0.7592592592592593,0.14312239613868183,0.03113054377283886,4.0,0.013888888888888888,0.0,0.0,0.015444015444015444,,,,,
3,33,0train,1test,transductive,0.0,crcs,245,0,288,1,left_hand,0.037037037037037035,0.8194444444444444,0.8194444444444444,0.8139403449273122,0.7592592592592593,,,43.0,0.14930555555555555,0.0,0.0,0.16602316602316602,0.0,0.03276815129619516,0.3140016539622477,-0.055443981807041215,0.13838442315381594
3,44,0train,1test,transductive,0.0,clean,288,0,288,1,left_hand,0.0,0.8472222222222222,0.8472222222222222,0.8457415128052412,0.7962962962962963,,,,,,,,,,,,
3,44,0train,1test,transductive,0.0,poisoned,288,0,288,1,left_hand,0.037037037037037035,0.8159722222222222,0.8159722222222222,0.8114874701107649,0.7546296296296297,,,,,,,,,,,,
3,44,0train,1test,transductive,0.0,spectral_baseline,284,0,288,1,left_hand,0.037037037037037035,0.8090277777777778,0.8090277777777778,0.8041362670924714,0.7453703703703703,0.14491787480339102,0.03146902248386894,4.0,0.013888888888888888,0.0,0.0,0.015444015444015444,,,,,
3,44,0train,1test,transductive,0.0,crcs,245,0,288,1,left_hand,0.023148148148148147,0.8159722222222222,0.8159722222222223,0.8136676001726986,0.7546296296296297,,,43.0,0.14930555555555555,0.0,0.0,0.16602316602316602,0.0,0.0310692309298405,0.2671172367680175,-0.05446731222343076,0.12515317922313207
3,55,0train,1test,transductive,0.0,clean,288,0,288,1,left_hand,0.0,0.8472222222222222,0.8472222222222222,0.8457415128052412,0.7962962962962963,,,,,,,,,,,,
3,55,0train,1test,transductive,0.0,poisoned,288,0,288,1,left_hand,0.037037037037037035,0.8402777777777778,0.8402777777777778,0.8370304023906872,0.787037037037037,,,,,,,,,,,,
3,55,0train,1test,transductive,0.0,spectral_baseline,284,0,288,1,left_hand,0.046296296296296294,0.8263888888888888,0.826388888888889,0.8224287548432951,0.7685185185185185,0.14454675447097268,0.03040952603060401,4.0,0.013888888888888888,0.0,0.0,0.015444015444015444,,,,,
3,55,0train,1test,transductive,0.0,crcs,245,0,288,1,left_hand,0.027777777777777776,0.8263888888888888,0.826388888888889,0.8229357439228859,0.7685185185185185,,,43.0,0.14930555555555555,0.0,0.0,0.16602316602316602,0.0,0.030619188432994937,0.30060102496493457,-0.056689343876403044,0.12126142654588569
3,11,0train,1test,transductive,0.1,clean,288,28,260,1,left_hand,0.0,0.8423076923076923,0.8423076923076924,0.8402804405692723,0.7897435897435897,,,,,,,,,,,,
3,11,0train,1test,transductive,0.1,poisoned,288,28,260,1,left_hand,0.06666666666666667,0.8461538461538461,0.8461538461538461,0.8445099304023086,0.7948717948717949,,,,,,,,,,,,
3,11,0train,1test,transductive,0.1,spectral_baseline,284,28,260,1,left_hand,0.06666666666666667,0.8384615384615385,0.8384615384615386,0.8366339614100606,0.7846153846153846,0.1459297406429707,0.02976600411051014,4.0,0.013888888888888888,0.0,0.0,0.015444015444015444,,,,,
3,11,0train,1test,transductive,0.1,crcs,245,28,260,1,left_hand,0.0,0.8461538461538461,0.8461538461538463,0.8442140495659197,0.7948717948717949,,,43.0,0.14930555555555555,1.0,0.6744186046511628,0.05405405405405406,1.0,0.11223400987820914,0.7355880924537138,0.03346774466165704,0.21099859155185352
3,22,0train,1test,transductive,0.1,clean,288,28,260,1,left_hand,0.0,0.8423076923076923,0.8423076923076924,0.8403629353103037,0.7897435897435897,,,,,,,,,,,,
3,22,0train,1test,transductive,0.1,poisoned,288,28,260,1,left_hand,0.046153846153846156,0.8192307692307692,0.8192307692307692,0.8167069029162053,0.7589743589743589,,,,,,,,,,,,
3,22,0train,1test,transductive,0.1,spectral_baseline,285,28,260,1,left_hand,0.046153846153846156,0.7961538461538461,0.7961538461538461,0.7934571215019777,0.7282051282051283,0.145705594459475,0.029722178932050855,3.0,0.010416666666666666,0.0,0.0,0.011583011583011582,,,,,
3,22,0train,1test,transductive,0.1,crcs,245,28,260,1,left_hand,0.010256410256410256,0.8461538461538461,0.8461538461538461,0.8453444984380424,0.7948717948717949,,,43.0,0.14930555555555555,0.41379310344827586,0.27906976744186046,0.11969111969111969,1.0,0.10367131192412278,0.649024724071483,0.013088509153221272,0.3074479832186483
3,33,0train,1test,transductive,0.1,clean,288,28,260,1,left_hand,0.0,0.8615384615384616,0.8615384615384616,0.8598950309444224,0.8153846153846154,,,,,,,,,,,,
3,33,0train,1test,transductive,0.1,poisoned,288,28,260,1,left_hand,0.03076923076923077,0.8423076923076923,0.8423076923076923,0.839116964629712,0.7897435897435897,,,,,,,,,,,,
3,33,0train,1test,transductive,0.1,spectral_baseline,284,28,260,1,left_hand,0.02564102564102564,0.8423076923076923,0.8423076923076923,0.839026744831178,0.7897435897435897,0.14312239613868183,0.03113054377283886,4.0,0.013888888888888888,0.0,0.0,0.015444015444015444,,,,,
3,33,0train,1test,transductive,0.1,crcs,245,28,260,1,left_hand,0.9076923076923077,0.8038461538461539,0.8038461538461539,0.7991889329595459,0.7384615384615385,,,43.0,0.14930555555555555,0.6551724137931034,0.4418604651162791,0.09266409266409266,1.0,0.10421261341089179,0.8448583488727233,0.01820271054597568,0.38862902317027054
3,44,0train,1test,transductive,0.1,clean,288,28,260,1,left_hand,0.0,0.8423076923076923,0.8423076923076924,0.8407198704603285,0.7897435897435897,,,,,,,,,,,,
3,44,0train,1test,transductive,0.1,poisoned,288,28,260,1,left_hand,0.035897435897435895,0.8153846153846154,0.8153846153846154,0.8113808786192483,0.7538461538461538,,,,,,,,,,,,
3,44,0train,1test,transductive,0.1,spectral_baseline,284,28,260,1,left_hand,0.035897435897435895,0.8115384615384615,0.8115384615384615,0.8070271757438531,0.7487179487179487,0.14491787480339102,0.03146902248386894,4.0,0.013888888888888888,0.0,0.0,0.015444015444015444,,,,,
3,44,0train,1test,transductive,0.1,crcs,245,28,260,1,left_hand,0.0,0.85,0.8500000000000001,0.8484848484848485,0.8,,,43.0,0.14930555555555555,1.0,0.6744186046511628,0.05405405405405406,1.0,0.16395164804958962,1.2233030059875676,-0.01753920725056718,0.8912545521276605
3,55,0train,1test,transductive,0.1,clean,288,28,260,1,left_hand,0.0,0.8461538461538461,0.8461538461538461,0.8454649275710765,0.7948717948717949,,,,,,,,,,,,
3,55,0train,1test,transductive,0.1,poisoned,288,28,260,1,left_hand,0.046153846153846156,0.8461538461538461,0.8461538461538461,0.8432480454868514,0.7948717948717949,,,,,,,,,,,,
3,55,0train,1test,transductive,0.1,spectral_baseline,284,28,260,1,left_hand,0.041025641025641026,0.8461538461538461,0.8461538461538463,0.842747146619842,0.7948717948717949,0.14454675447097268,0.03040952603060401,4.0,0.013888888888888888,0.0,0.0,0.015444015444015444,,,,,
3,55,0train,1test,transductive,0.1,crcs,245,28,260,1,left_hand,0.0,0.8615384615384616,0.8615384615384616,0.8592767242014032,0.8153846153846154,,,43.0,0.14930555555555555,1.0,0.6744186046511628,0.05405405405405406,1.0,0.15419319131125303,1.0405923196120206,0.020967612037822145,0.43672840606935
3,11,0train,1test,transductive,0.25,clean,288,72,216,1,left_hand,0.0,0.8518518518518519,0.8518518518518519,0.8507654085635736,0.8024691358024691,,,,,,,,,,,,
3,11,0train,1test,transductive,0.25,poisoned,288,72,216,1,left_hand,0.030864197530864196,0.8472222222222222,0.8472222222222221,0.8451771406152964,0.7962962962962963,,,,,,,,,,,,
3,11,0train,1test,transductive,0.25,spectral_baseline,284,72,216,1,left_hand,0.030864197530864196,0.8287037037037037,0.8287037037037037,0.8262431330852382,0.7716049382716049,0.1459297406429707,0.02976600411051014,4.0,0.013888888888888888,0.0,0.0,0.015444015444015444,,,,,
3,11,0train,1test,transductive,0.25,crcs,245,72,216,1,left_hand,0.0,0.8611111111111112,0.8611111111111112,0.8608335014612567,0.8148148148148149,,,43.0,0.14930555555555555,1.0,0.6744186046511628,0.05405405405405406,1.0,0.12889401258640962,0.972776776905095,-0.008523705744161222,0.7035807424166473
3,22,0train,1test,transductive,0.25,clean,288,72,216,1,left_hand,0.0,0.8287037037037037,0.8287037037037036,0.8270459338420504,0.7716049382716049,,,,,,,,,,,,
3,22,0train,1test,transductive,0.25,poisoned,288,72,216,1,left_hand,0.037037037037037035,0.8333333333333334,0.8333333333333333,0.8324995958198497,0.7777777777777778,,,,,,,,,,,,
3,22,0train,1test,transductive,0.25,spectral_baseline,285,72,216,1,left_hand,0.037037037037037035,0.8333333333333334,0.8333333333333333,0.8324995958198497,0.7777777777777778,0.145705594459475,0.029722178932050855,3.0,0.010416666666666666,0.0,0.0,0.011583011583011582,,,,,
3,22,0train,1test,transductive,0.25,crcs,245,72,216,1,left_hand,0.7839506172839507,0.8240740740740741,0.824074074074074,0.8193959736149247,0.7654320987654322,,,43.0,0.14930555555555555,0.6206896551724138,0.4186046511627907,0.09652509652509653,1.0,0.08885834651796551,0.5642981161457283,0.009342510765992853,0.3568229318967256
3,33,0train,1test,transductive,0.25,clean,288,72,216,1,left_hand,0.0,0.8611111111111112,0.8611111111111112,0.8593531781605177,0.8148148148148149,,,,,,,,,,,,
3,33,0train,1test,transductive,0.25,poisoned,288,72,216,1,left_hand,0.018518518518518517,0.8425925925925926,0.8425925925925926,0.8389727271611455,0.7901234567901234,,,,,,,,,,,,
3,33,0train,1test,transductive,0.25,spectral_baseline,284,72,216,1,left_hand,0.018518518518518517,0.8379629629629629,0.837962962962963,0.8348796115389036,0.7839506172839507,0.14312239613868183,0.03113054377283886,4.0,0.013888888888888888,0.0,0.0,0.015444015444015444,,,,,
3,33,0train,1test,transductive,0.25,crcs,245,72,216,1,left_hand,0.6728395061728395,0.8333333333333334,0.8333333333333333,0.8281230921453817,0.7777777777777778,,,43.0,0.14930555555555555,0.5862068965517241,0.3953488372093023,0.10038610038610038,1.0,0.08962793422517724,0.88567646341081,-0.006081488951976748,0.44073469886939054
3,44,0train,1test,transductive,0.25,clean,288,72,216,1,left_hand,0.0,0.8657407407407407,0.8657407407407407,0.8646299801116315,0.8209876543209876,,,,,,,,,,,,
3,44,0train,1test,transductive,0.25,poisoned,288,72,216,1,left_hand,0.043209876543209874,0.8194444444444444,0.8194444444444444,0.8157222794778289,0.7592592592592593,,,,,,,,,,,,
3,44,0train,1test,transductive,0.25,spectral_baseline,284,72,216,1,left_hand,0.043209876543209874,0.8148148148148148,0.8148148148148148,0.8103548605677089,0.7530864197530864,0.14491787480339102,0.03146902248386894,4.0,0.013888888888888888,0.0,0.0,0.015444015444015444,,,,,
3,44,0train,1test,transductive,0.25,crcs,245,72,216,1,left_hand,0.7345679012345679,0.8564814814814815,0.8564814814814814,0.8539919057073284,0.808641975308642,,,43.0,0.14930555555555555,0.7931034482758621,0.5348837209302325,0.07722007722007722,1.0,0.08049867808680006,0.4860842876257001,-0.030485376237819724,0.6593331983095461
3,55,0train,1test,transductive,0.25,clean,288,72,216,1,left_hand,0.0,0.8564814814814815,0.8564814814814814,0.8560703684470345,0.808641975308642,,,,,,,,,,,,
3,55,0train,1test,transductive,0.25,poisoned,288,72,216,1,left_hand,0.030864197530864196,0.8657407407407407,0.8657407407407407,0.8641056370414169,0.8209876543209876,,,,,,,,,,,,
3,55,0train,1test,transductive,0.25,spectral_baseline,284,72,216,1,left_hand,0.030864197530864196,0.8564814814814815,0.8564814814814814,0.8544036534327797,0.808641975308642,0.14454675447097268,0.03040952603060401,4.0,0.013888888888888888,0.0,0.0,0.015444015444015444,,,,,
3,55,0train,1test,transductive,0.25,crcs,245,72,216,1,left_hand,0.0,0.8611111111111112,0.861111111111111,0.8594034672907034,0.8148148148148149,,,43.0,0.14930555555555555,1.0,0.6744186046511628,0.05405405405405406,1.0,0.13424210476951817,0.9322914455734956,-0.004223243018138127,0.7094176068443242
3,11,0train,1test,transductive,0.5,clean,288,144,144,1,left_hand,0.0,0.8888888888888888,0.888888888888889,0.8892627071408665,0.8518518518518519,,,,,,,,,,,,
3,11,0train,1test,transductive,0.5,poisoned,288,144,144,1,left_hand,0.7685185185185185,0.8263888888888888,0.8263888888888888,0.8242191738355421,0.7685185185185185,,,,,,,,,,,,
3,11,0train,1test,transductive,0.5,spectral_baseline,284,144,144,1,left_hand,0.7685185185185185,0.8194444444444444,0.8194444444444444,0.8166699455702013,0.7592592592592593,0.1459297406429707,0.02976600411051014,4.0,0.013888888888888888,0.0,0.0,0.015444015444015444,,,,,
3,11,0train,1test,transductive,0.5,crcs,245,144,144,1,left_hand,0.0,0.9027777777777778,0.9027777777777778,0.9033102353476654,0.8703703703703703,,,43.0,0.14930555555555555,1.0,0.6744186046511628,0.05405405405405406,1.0,0.09200685207625033,0.5502263245337253,-0.004427207334883179,0.4925388237710422
3,22,0train,1test,transductive,0.5,clean,288,144,144,1,left_hand,0.0,0.8402777777777778,0.8402777777777779,0.8407858260675163,0.787037037037037,,,,,,,,,,,,
3,22,0train,1test,transductive,0.5,poisoned,288,144,144,1,left_hand,0.6944444444444444,0.8125,0.8125,0.8100459501767834,0.75,,,,,,,,,,,,
3,22,0train,1test,transductive,0.5,spectral_baseline,285,144,144,1,left_hand,0.6944444444444444,0.8055555555555556,0.8055555555555556,0.8035258490157906,0.7407407407407407,0.145705594459475,0.029722178932050855,3.0,0.010416666666666666,0.0,0.0,0.011583011583011582,,,,,
3,22,0train,1test,transductive,0.5,crcs,245,144,144,1,left_hand,0.6666666666666666,0.8472222222222222,0.8472222222222222,0.8462845183735594,0.7962962962962963,,,43.0,0.14930555555555555,0.896551724137931,0.6046511627906976,0.06563706563706563,1.0,0.09748091476722703,0.7693238472486277,-0.0015695133714845044,0.5539667677133844
3,33,0train,1test,transductive,0.5,clean,288,144,144,1,left_hand,0.0,0.8472222222222222,0.8472222222222223,0.8438742843920972,0.7962962962962963,,,,,,,,,,,,
3,33,0train,1test,transductive,0.5,poisoned,288,144,144,1,left_hand,0.7592592592592593,0.8125,0.8125,0.8045841446706906,0.75,,,,,,,,,,,,
3,33,0train,1test,transductive,0.5,spectral_baseline,284,144,144,1,left_hand,0.7314814814814815,0.8194444444444444,0.8194444444444444,0.8124204722826145,0.7592592592592593,0.14312239613868183,0.03113054377283886,4.0,0.013888888888888888,0.0,0.0,0.015444015444015444,,,,,
3,33,0train,1test,transductive,0.5,crcs,245,144,144,1,left_hand,0.6018518518518519,0.8541666666666666,0.8541666666666667,0.8502144103875071,0.8055555555555556,,,43.0,0.14930555555555555,0.6551724137931034,0.4418604651162791,0.09266409266409266,1.0,0.0844989627700811,0.830297136481005,-0.007483940005008278,0.3961282500454477
3,44,0train,1test,transductive,0.5,clean,288,144,144,1,left_hand,0.0,0.875,0.875,0.8742182956923454,0.8333333333333334,,,,,,,,,,,,
3,44,0train,1test,transductive,0.5,poisoned,288,144,144,1,left_hand,0.7407407407407407,0.8680555555555556,0.8680555555555556,0.8652777777777778,0.8240740740740741,,,,,,,,,,,,
3,44,0train,1test,transductive,0.5,spectral_baseline,284,144,144,1,left_hand,0.75,0.8680555555555556,0.8680555555555556,0.8652777777777778,0.8240740740740741,0.14491787480339102,0.03146902248386894,4.0,0.013888888888888888,0.0,0.0,0.015444015444015444,,,,,
3,44,0train,1test,transductive,0.5,crcs,245,144,144,1,left_hand,0.5555555555555556,0.8958333333333334,0.8958333333333334,0.8941133470932232,0.8611111111111112,,,43.0,0.14930555555555555,0.7241379310344828,0.4883720930232558,0.08494208494208494,1.0,0.06519349048500075,0.3893953584547869,-0.031643763964910455,0.3693543422579206
3,55,0train,1test,transductive,0.5,clean,288,144,144,1,left_hand,0.0,0.8888888888888888,0.8888888888888888,0.8873320767841316,0.8518518518518519,,,,,,,,,,,,
3,55,0train,1test,transductive,0.5,poisoned,288,144,144,1,left_hand,0.6944444444444444,0.8611111111111112,0.8611111111111112,0.8578209410573027,0.8148148148148149,,,,,,,,,,,,
3,55,0train,1test,transductive,0.5,spectral_baseline,284,144,144,1,left_hand,0.6944444444444444,0.8611111111111112,0.8611111111111112,0.8578209410573027,0.8148148148148149,0.14454675447097268,0.03040952603060401,4.0,0.013888888888888888,0.0,0.0,0.015444015444015444,,,,,
3,55,0train,1test,transductive,0.5,crcs,245,144,144,1,left_hand,0.5185185185185185,0.8819444444444444,0.8819444444444444,0.8800738424992156,0.8425925925925926,,,43.0,0.14930555555555555,0.8620689655172413,0.5813953488372093,0.0694980694980695,1.0,0.08268657077311266,0.7774906532462262,-0.01424640884159272,0.47802557294431774
3,11,0train,1test,transductive,0.75,clean,288,216,72,1,left_hand,0.0,0.8888888888888888,0.8888888888888888,0.8886308909528724,0.8518518518518519,,,,,,,,,,,,
3,11,0train,1test,transductive,0.75,poisoned,288,216,72,1,left_hand,0.5,0.8611111111111112,0.861111111111111,0.8602941176470589,0.8148148148148149,,,,,,,,,,,,
3,11,0train,1test,transductive,0.75,spectral_baseline,284,216,72,1,left_hand,0.5,0.8611111111111112,0.861111111111111,0.8602941176470589,0.8148148148148149,0.1459297406429707,0.02976600411051014,4.0,0.013888888888888888,0.0,0.0,0.015444015444015444,,,,,
3,11,0train,1test,transductive,0.75,crcs,245,216,72,1,left_hand,0.0,0.9027777777777778,0.9027777777777777,0.9025090548310362,0.8703703703703703,,,43.0,0.14930555555555555,1.0,0.6744186046511628,0.05405405405405406,1.0,0.09752125963722322,0.6309937712381413,-0.009720699466782248,0.5652967988308336
3,22,0train,1test,transductive,0.75,clean,288,216,72,1,left_hand,0.0,0.8333333333333334,0.8333333333333334,0.8313384813384814,0.7777777777777778,,,,,,,,,,,,
3,22,0train,1test,transductive,0.75,poisoned,288,216,72,1,left_hand,0.5925925925925926,0.7916666666666666,0.7916666666666666,0.7852925040425041,0.7222222222222222,,,,,,,,,,,,
3,22,0train,1test,transductive,0.75,spectral_baseline,285,216,72,1,left_hand,0.5925925925925926,0.7916666666666666,0.7916666666666666,0.7840277777777777,0.7222222222222222,0.145705594459475,0.029722178932050855,3.0,0.010416666666666666,0.0,0.0,0.011583011583011582,,,,,
3,22,0train,1test,transductive,0.75,crcs,245,216,72,1,left_hand,0.0,0.8333333333333334,0.8333333333333333,0.8344951286127757,0.7777777777777778,,,43.0,0.14930555555555555,1.0,0.6744186046511628,0.05405405405405406,1.0,0.10563187992798152,0.7714075041099783,-0.0008498847941470427,0.5573430069646014
3,33,0train,1test,transductive,0.75,clean,288,216,72,1,left_hand,0.0,0.8333333333333334,0.8333333333333334,0.8290584992887624,0.7777777777777778,,,,,,,,,,,,
3,33,0train,1test,transductive,0.75,poisoned,288,216,72,1,left_hand,0.6851851851851852,0.8194444444444444,0.8194444444444444,0.8109784722687948,0.7592592592592593,,,,,,,,,,,,
3,33,0train,1test,transductive,0.75,spectral_baseline,284,216,72,1,left_hand,0.7037037037037037,0.8194444444444444,0.8194444444444444,0.8109784722687948,0.7592592592592593,0.14312239613868183,0.03113054377283886,4.0,0.013888888888888888,0.0,0.0,0.015444015444015444,,,,,
3,33,0train,1test,transductive,0.75,crcs,245,216,72,1,left_hand,0.0,0.8333333333333334,0.8333333333333333,0.828945572366625,0.7777777777777778,,,43.0,0.14930555555555555,0.9655172413793104,0.6511627906976745,0.05791505791505792,1.0,0.0937574260559555,0.7250234451650209,-0.009795840456850212,0.4456337469159317
3,44,0train,1test,transductive,0.75,clean,288,216,72,1,left_hand,0.0,0.875,0.875,0.8739261583011583,0.8333333333333334,,,,,,,,,,,,
3,44,0train,1test,transductive,0.75,poisoned,288,216,72,1,left_hand,0.5925925925925926,0.875,0.875,0.8725694444444445,0.8333333333333334,,,,,,,,,,,,
3,44,0train,1test,transductive,0.75,spectral_baseline,284,216,72,1,left_hand,0.5925925925925926,0.875,0.875,0.8725694444444445,0.8333333333333334,0.14491787480339102,0.03146902248386894,4.0,0.013888888888888888,0.0,0.0,0.015444015444015444,,,,,
3,44,0train,1test,transductive,0.75,crcs,245,216,72,1,left_hand,0.5,0.8888888888888888,0.8888888888888888,0.8879394099982336,0.8518518518518519,,,43.0,0.14930555555555555,0.7241379310344828,0.4883720930232558,0.08494208494208494,1.0,0.07123376909564828,0.47235313847611105,-0.02508916772112722,0.3731126580673619
3,55,0train,1test,transductive,0.75,clean,288,216,72,1,left_hand,0.0,0.9027777777777778,0.9027777777777778,0.9012237762237763,0.8703703703703703,,,,,,,,,,,,
3,55,0train,1test,transductive,0.75,poisoned,288,216,72,1,left_hand,0.5,0.875,0.875,0.8720588235294118,0.8333333333333334,,,,,,,,,,,,
3,55,0train,1test,transductive,0.75,spectral_baseline,284,216,72,1,left_hand,0.48148148148148145,0.875,0.875,0.8720588235294118,0.8333333333333334,0.14454675447097268,0.03040952603060401,4.0,0.013888888888888888,0.0,0.0,0.015444015444015444,,,,,
3,55,0train,1test,transductive,0.75,crcs,245,216,72,1,left_hand,0.5185185185185185,0.8888888888888888,0.8888888888888888,0.8878998968008256,0.8518518518518519,,,43.0,0.14930555555555555,0.9655172413793104,0.6511627906976745,0.05791505791505792,1.0,0.09085911811940461,0.7434604043966122,-0.009213659467976344,0.5341071262502156
3,11,0train,1test,transductive,0.8,clean,288,232,56,1,left_hand,0.0,0.9285714285714286,0.9285714285714286,0.9279265026984715,0.9047619047619048,,,,,,,,,,,,
3,11,0train,1test,transductive,0.8,poisoned,288,232,56,1,left_hand,0.4523809523809524,0.8571428571428571,0.8571428571428571,0.8569266381766383,0.8095238095238095,,,,,,,,,,,,
3,11,0train,1test,transductive,0.8,spectral_baseline,284,232,56,1,left_hand,0.4523809523809524,0.8571428571428571,0.8571428571428571,0.8569266381766383,0.8095238095238095,0.1459297406429707,0.02976600411051014,4.0,0.013888888888888888,0.0,0.0,0.015444015444015444,,,,,
3,11,0train,1test,transductive,0.8,crcs,245,232,56,1,left_hand,0.0,0.9107142857142857,0.9107142857142857,0.9103251792906966,0.8809523809523809,,,43.0,0.14930555555555555,1.0,0.6744186046511628,0.05405405405405406,1.0,0.11137520537163587,0.7894706034639494,-0.007408867475980772,0.627102465418656
3,22,0train,1test,transductive,0.8,clean,288,232,56,1,left_hand,0.0,0.8392857142857143,0.8392857142857143,0.8362542629784009,0.7857142857142857,,,,,,,,,,,,
3,22,0train,1test,transductive,0.8,poisoned,288,232,56,1,left_hand,0.5714285714285714,0.8214285714285714,0.8214285714285715,0.8162114170178687,0.7619047619047619,,,,,,,,,,,,
3,22,0train,1test,transductive,0.8,spectral_baseline,285,232,56,1,left_hand,0.5476190476190477,0.8214285714285714,0.8214285714285715,0.8162114170178687,0.7619047619047619,0.145705594459475,0.029722178932050855,3.0,0.010416666666666666,0.0,0.0,0.011583011583011582,,,,,
3,22,0train,1test,transductive,0.8,crcs,245,232,56,1,left_hand,0.0,0.8571428571428571,0.8571428571428571,0.858232284956423,0.8095238095238095,,,43.0,0.14930555555555555,1.0,0.6744186046511628,0.05405405405405406,1.0,0.09766365161940985,0.7357272533044428,-0.004464101673273574,0.4991038762219918
3,33,0train,1test,transductive,0.8,clean,288,232,56,1,left_hand,0.0,0.8035714285714286,0.8035714285714286,0.8008045977011494,0.7380952380952381,,,,,,,,,,,,
3,33,0train,1test,transductive,0.8,poisoned,288,232,56,1,left_hand,0.5952380952380952,0.8214285714285714,0.8214285714285714,0.8166666666666667,0.7619047619047619,,,,,,,,,,,,
3,33,0train,1test,transductive,0.8,spectral_baseline,284,232,56,1,left_hand,0.5714285714285714,0.8214285714285714,0.8214285714285714,0.8166666666666667,0.7619047619047619,0.14312239613868183,0.03113054377283886,4.0,0.013888888888888888,0.0,0.0,0.015444015444015444,,,,,
3,33,0train,1test,transductive,0.8,crcs,245,232,56,1,left_hand,0.5238095238095238,0.8035714285714286,0.8035714285714286,0.7988505747126436,0.7380952380952381,,,43.0,0.14930555555555555,0.8620689655172413,0.5813953488372093,0.0694980694980695,1.0,0.08619111410913272,0.7404688918345955,-0.009313892891151643,0.4404892532494497
3,44,0train,1test,transductive,0.8,clean,288,232,56,1,left_hand,0.0,0.9107142857142857,0.9107142857142858,0.9076619524339213,0.8809523809523809,,,,,,,,,,,,
3,44,0train,1test,transductive,0.8,poisoned,288,232,56,1,left_hand,0.5476190476190477,0.875,0.875,0.8722350230414746,0.8333333333333334,,,,,,,,,,,,
3,44,0train,1test,transductive,0.8,spectral_baseline,284,232,56,1,left_hand,0.5476190476190477,0.875,0.875,0.8722350230414746,0.8333333333333334,0.14491787480339102,0.03146902248386894,4.0,0.013888888888888888,0.0,0.0,0.015444015444015444,,,,,
3,44,0train,1test,transductive,0.8,crcs,245,232,56,1,left_hand,0.5476190476190477,0.9107142857142857,0.9107142857142857,0.909198560060629,0.8809523809523809,,,43.0,0.14930555555555555,0.6896551724137931,0.46511627906976744,0.0888030888030888,1.0,0.06982722619095849,0.4778168804378766,-0.023722079226255428,0.3676834073219253
3,55,0train,1test,transductive,0.8,clean,288,232,56,1,left_hand,0.0,0.9285714285714286,0.9285714285714286,0.9287979046043562,0.9047619047619048,,,,,,,,,,,,
3,55,0train,1test,transductive,0.8,poisoned,288,232,56,1,left_hand,0.5476190476190477,0.8928571428571429,0.8928571428571429,0.8909722222222222,0.8571428571428572,,,,,,,,,,,,
3,55,0train,1test,transductive,0.8,spectral_baseline,284,232,56,1,left_hand,0.5476190476190477,0.8928571428571429,0.8928571428571429,0.8909722222222222,0.8571428571428572,0.14454675447097268,0.03040952603060401,4.0,0.013888888888888888,0.0,0.0,0.015444015444015444,,,,,
3,55,0train,1test,transductive,0.8,crcs,245,232,56,1,left_hand,0.0,0.9285714285714286,0.9285714285714286,0.9287979046043562,0.9047619047619048,,,43.0,0.14930555555555555,1.0,0.6744186046511628,0.05405405405405406,1.0,0.102027012475386,0.7333259065762479,-0.010573412154048133,0.5690282325327376
4,11,0train,1test,inductive,0.0,clean,288,0,288,1,left_hand,0.0,0.6319444444444444,0.6319444444444444,0.6168134404924761,0.5092592592592593,,,,,,,,,,,,
4,11,0train,1test,inductive,0.0,poisoned,288,0,288,1,left_hand,0.1574074074074074,0.6597222222222222,0.6597222222222222,0.6603058777467822,0.5462962962962963,,,,,,,,,,,,
4,11,0train,1test,inductive,0.0,spectral_baseline,283,0,288,1,left_hand,0.1712962962962963,0.6736111111111112,0.673611111111111,0.6744842238045444,0.5648148148148149,0.10860146734669268,0.015508386119822033,5.0,0.017361111111111112,0.034482758620689655,0.2,0.015444015444015444,,,,,
4,11,0train,1test,inductive,0.0,crcs,245,0,288,1,left_hand,0.05092592592592592,0.6319444444444444,0.6319444444444444,0.6330331787262938,0.5092592592592593,,,43.0,0.14930555555555555,0.0,0.0,0.16602316602316602,0.0,0.05775772358102506,0.4297550477131251,-0.0024629188393285257,0.34355350885434294
4,22,0train,1test,inductive,0.0,clean,288,0,288,1,left_hand,0.0,0.6319444444444444,0.6319444444444444,0.6168134404924761,0.5092592592592593,,,,,,,,,,,,
4,22,0train,1test,inductive,0.0,poisoned,288,0,288,1,left_hand,0.10185185185185185,0.6458333333333334,0.6458333333333334,0.643347003996595,0.5277777777777778,,,,,,,,,,,,
4,22,0train,1test,inductive,0.0,spectral_baseline,281,0,288,1,left_hand,0.09259259259259259,0.65625,0.65625,0.6549654877183648,0.5416666666666667,0.10896225108400726,0.01526032651254565,7.0,0.024305555555555556,0.13793103448275862,0.5714285714285714,0.011583011583011582,,,,,
4,22,0train,1test,inductive,0.0,crcs,245,0,288,1,left_hand,0.1712962962962963,0.625,0.625,0.6257413619212415,0.5,,,43.0,0.14930555555555555,0.0,0.0,0.16602316602316602,0.0,0.059082858183854975,0.4351727122770267,-0.0017975590691568495,0.3373211333125041
4,33,0train,1test,inductive,0.0,clean,288,0,288,1,left_hand,0.0,0.6319444444444444,0.6319444444444444,0.6168134404924761,0.5092592592592593,,,,,,,,,,,,
4,33,0train,1test,inductive,0.0,poisoned,288,0,288,1,left_hand,0.06944444444444445,0.6319444444444444,0.6319444444444444,0.6321770423063526,0.5092592592592593,,,,,,,,,,,,
4,33,0train,1test,inductive,0.0,spectral_baseline,284,0,288,1,left_hand,0.06481481481481481,0.6180555555555556,0.6180555555555556,0.6164257940093807,0.4907407407407407,0.10823710037376931,0.01588763379401486,4.0,0.013888888888888888,0.034482758620689655,0.25,0.011583011583011582,,,,,
4,33,0train,1test,inductive,0.0,crcs,245,0,288,1,left_hand,0.1712962962962963,0.59375,0.59375,0.5938092791073264,0.45833333333333337,,,43.0,0.14930555555555555,0.0,0.0,0.16602316602316602,0.0,0.05861092712767936,0.4441015910663805,-0.0013110102947634446,0.3316508223142334
4,44,0train,1test,inductive,0.0,clean,288,0,288,1,left_hand,0.0,0.6319444444444444,0.6319444444444444,0.6168134404924761,0.5092592592592593,,,,,,,,,,,,
4,44,0train,1test,inductive,0.0,poisoned,288,0,288,1,left_hand,0.18981481481481483,0.6493055555555556,0.6493055555555556,0.6503745010432731,0.5324074074074074,,,,,,,,,,,,
4,44,0train,1test,inductive,0.0,spectral_baseline,281,0,288,1,left_hand,0.19444444444444445,0.65625,0.65625,0.6580788776440951,0.5416666666666667,0.1081989205832862,0.015091697150016847,7.0,0.024305555555555556,0.034482758620689655,0.14285714285714285,0.023166023166023165,,,,,
4,44,0train,1test,inductive,0.0,crcs,245,0,288,1,left_hand,0.18981481481481483,0.5833333333333334,0.5833333333333334,0.5768646001053115,0.4444444444444444,,,43.0,0.14930555555555555,0.0,0.0,0.16602316602316602,0.0,0.06035609743548181,0.46326475233276143,-0.0014979017823230935,0.3534956096278903
4,55,0train,1test,inductive,0.0,clean,288,0,288,1,left_hand,0.0,0.6319444444444444,0.6319444444444444,0.6168134404924761,0.5092592592592593,,,,,,,,,,,,
4,55,0train,1test,inductive,0.0,poisoned,288,0,288,1,left_hand,0.10185185185185185,0.6909722222222222,0.6909722222222223,0.6917605046397666,0.587962962962963,,,,,,,,,,,,
4,55,0train,1test,inductive,0.0,spectral_baseline,281,0,288,1,left_hand,0.10648148148148148,0.6631944444444444,0.6631944444444444,0.662676678066634,0.5509259259259259,0.10791847938956967,0.014406485008849702,7.0,0.024305555555555556,0.034482758620689655,0.14285714285714285,0.023166023166023165,,,,,
4,55,0train,1test,inductive,0.0,crcs,245,0,288,1,left_hand,0.1527777777777778,0.6284722222222222,0.6284722222222222,0.627869946548123,0.5046296296296297,,,43.0,0.14930555555555555,0.0,0.0,0.16602316602316602,0.0,0.060133153610146296,0.41930605151485145,-0.00144069812584073,0.3338860319624087
4,11,0train,1test,inductive,0.1,clean,288,28,260,1,left_hand,0.0,0.6576923076923077,0.6576923076923077,0.6557893796093093,0.5435897435897437,,,,,,,,,,,,
4,11,0train,1test,inductive,0.1,poisoned,288,28,260,1,left_hand,0.2205128205128205,0.6538461538461539,0.6538461538461537,0.6538697330937335,0.5384615384615384,,,,,,,,,,,,
4,11,0train,1test,inductive,0.1,spectral_baseline,283,28,260,1,left_hand,0.14358974358974358,0.6461538461538462,0.6461538461538461,0.6465997770345596,0.5282051282051282,0.10860146734669268,0.015508386119822033,5.0,0.017361111111111112,0.034482758620689655,0.2,0.015444015444015444,,,,,
4,11,0train,1test,inductive,0.1,crcs,245,28,260,1,left_hand,0.0,0.6384615384615384,0.6384615384615384,0.6385072131135123,0.5179487179487179,,,43.0,0.14930555555555555,1.0,0.6744186046511628,0.05405405405405406,1.0,0.32804646785303937,2.886797049335968,0.07161545737662348,1.199732826609558
4,22,0train,1test,inductive,0.1,clean,288,28,260,1,left_hand,0.0,0.6653846153846154,0.6653846153846155,0.6631566467308534,0.5538461538461539,,,,,,,,,,,,
4,22,0train,1test,inductive,0.1,poisoned,288,28,260,1,left_hand,0.24102564102564103,0.6576923076923077,0.6576923076923076,0.6576844208423156,0.5435897435897437,,,,,,,,,,,,
4,22,0train,1test,inductive,0.1,spectral_baseline,281,28,260,1,left_hand,0.2205128205128205,0.6692307692307692,0.6692307692307692,0.6698764723629853,0.558974358974359,0.10896225108400726,0.01526032651254565,7.0,0.024305555555555556,0.13793103448275862,0.5714285714285714,0.011583011583011582,,,,,
4,22,0train,1test,inductive,0.1,crcs,245,28,260,1,left_hand,0.0,0.6807692307692308,0.6807692307692308,0.6795050919026329,0.5743589743589743,,,43.0,0.14930555555555555,1.0,0.6744186046511628,0.05405405405405406,1.0,0.3827166815947749,2.672171658987022,0.0737786496324941,1.634594601123379
4,33,0train,1test,inductive,0.1,clean,288,28,260,1,left_hand,0.010256410256410256,0.6307692307692307,0.6307692307692307,0.6272707354150185,0.5076923076923077,,,,,,,,,,,,
4,33,0train,1test,inductive,0.1,poisoned,288,28,260,1,left_hand,0.2,0.6384615384615384,0.6384615384615385,0.6402993580328037,0.5179487179487179,,,,,,,,,,,,
4,33,0train,1test,inductive,0.1,spectral_baseline,284,28,260,1,left_hand,0.1794871794871795,0.6423076923076924,0.6423076923076924,0.6443057557124117,0.523076923076923,0.10823710037376931,0.01588763379401486,4.0,0.013888888888888888,0.034482758620689655,0.25,0.011583011583011582,,,,,
4,33,0train,1test,inductive,0.1,crcs,245,28,260,1,left_hand,0.0,0.65,0.6499999999999999,0.6485161958854999,0.5333333333333333,,,43.0,0.14930555555555555,1.0,0.6744186046511628,0.05405405405405406,1.0,0.3740219836221455,3.1126025154991552,0.06875727296447776,1.508728655038143
4,44,0train,1test,inductive,0.1,clean,288,28,260,1,left_hand,0.0,0.6230769230769231,0.6230769230769231,0.6059812779405515,0.49743589743589745,,,,,,,,,,,,
4,44,0train,1test,inductive,0.1,poisoned,288,28,260,1,left_hand,0.06153846153846154,0.6269230769230769,0.6269230769230769,0.6129410006561451,0.5025641025641026,,,,,,,,,,,,
4,44,0train,1test,inductive,0.1,spectral_baseline,281,28,260,1,left_hand,0.12307692307692308,0.6038461538461538,0.6038461538461539,0.5959972045498361,0.4717948717948718,0.1081989205832862,0.015091697150016847,7.0,0.024305555555555556,0.034482758620689655,0.14285714285714285,0.023166023166023165,,,,,
4,44,0train,1test,inductive,0.1,crcs,245,28,260,1,left_hand,0.0,0.6423076923076924,0.6423076923076924,0.6341397619196437,0.523076923076923,,,43.0,0.14930555555555555,1.0,0.6744186046511628,0.05405405405405406,1.0,0.3648574831438585,2.9552077163678145,0.09032619604550235,1.2982476691942333
4,55,0train,1test,inductive,0.1,clean,288,28,260,1,left_hand,0.0,0.6269230769230769,0.6269230769230769,0.6245939923098167,0.5025641025641026,,,,,,,,,,,,
4,55,0train,1test,inductive,0.1,poisoned,288,28,260,1,left_hand,0.15384615384615385,0.6923076923076923,0.6923076923076923,0.6933015873015873,0.5897435897435898,,,,,,,,,,,,
4,55,0train,1test,inductive,0.1,spectral_baseline,281,28,260,1,left_hand,0.1641025641025641,0.6884615384615385,0.6884615384615385,0.6893108903354805,0.5846153846153845,0.10791847938956967,0.014406485008849702,7.0,0.024305555555555556,0.034482758620689655,0.14285714285714285,0.023166023166023165,,,,,
4,55,0train,1test,inductive,0.1,crcs,245,28,260,1,left_hand,0.0,0.6423076923076924,0.6423076923076924,0.6409084212602205,0.523076923076923,,,43.0,0.14930555555555555,1.0,0.6744186046511628,0.05405405405405406,1.0,0.27583271648425234,1.7776070649094922,0.0936126799936529,1.0407035323137386
4,11,0train,1test,inductive,0.25,clean,288,72,216,1,left_hand,0.0,0.6157407407407407,0.6157407407407407,0.6167709260348819,0.48765432098765427,,,,,,,,,,,,
4,11,0train,1test,inductive,0.25,poisoned,288,72,216,1,left_hand,0.22839506172839505,0.6620370370370371,0.6620370370370371,0.6611421988150099,0.5493827160493827,,,,,,,,,,,,
4,11,0train,1test,inductive,0.25,spectral_baseline,283,72,216,1,left_hand,0.8209876543209876,0.5925925925925926,0.5925925925925926,0.5811119079379694,0.45679012345679015,0.10860146734669268,0.015508386119822033,5.0,0.017361111111111112,0.034482758620689655,0.2,0.015444015444015444,,,,,
4,11,0train,1test,inductive,0.25,crcs,245,72,216,1,left_hand,0.0,0.625,0.625,0.624960132027889,0.5,,,43.0,0.14930555555555555,1.0,0.6744186046511628,0.05405405405405406,1.0,0.2936431891041609,2.697502395758548,0.04060199796054104,1.446401647204432
4,22,0train,1test,inductive,0.25,clean,288,72,216,1,left_hand,0.0,0.6064814814814815,0.6064814814814815,0.6081688727988647,0.47530864197530864,,,,,,,,,,,,
4,22,0train,1test,inductive,0.25,poisoned,288,72,216,1,left_hand,0.14814814814814814,0.6111111111111112,0.6111111111111112,0.6083358095277822,0.4814814814814815,,,,,,,,,,,,
4,22,0train,1test,inductive,0.25,spectral_baseline,281,72,216,1,left_hand,0.11728395061728394,0.5601851851851852,0.5601851851851851,0.5583615363832021,0.4135802469135802,0.10896225108400726,0.01526032651254565,7.0,0.024305555555555556,0.13793103448275862,0.5714285714285714,0.011583011583011582,,,,,
4,22,0train,1test,inductive,0.25,crcs,245,72,216,1,left_hand,0.0,0.6018518518518519,0.6018518518518519,0.6030194805194805,0.4691358024691358,,,43.0,0.14930555555555555,1.0,0.6744186046511628,0.05405405405405406,1.0,0.35930760472799356,3.3453799282282946,0.0389042726709872,1.5073377264577712
4,33,0train,1test,inductive,0.25,clean,288,72,216,1,left_hand,0.0,0.6435185185185185,0.6435185185185186,0.6422713958488072,0.5246913580246914,,,,,,,,,,,,
4,33,0train,1test,inductive,0.25,poisoned,288,72,216,1,left_hand,0.24074074074074073,0.6527777777777778,0.6527777777777778,0.6531988609397248,0.537037037037037,,,,,,,,,,,,
4,33,0train,1test,inductive,0.25,spectral_baseline,284,72,216,1,left_hand,0.2037037037037037,0.6851851851851852,0.6851851851851851,0.6861293522768359,0.5802469135802469,0.10823710037376931,0.01588763379401486,4.0,0.013888888888888888,0.034482758620689655,0.25,0.011583011583011582,,,,,
4,33,0train,1test,inductive,0.25,crcs,245,72,216,1,left_hand,0.0,0.625,0.625,0.6242401746626738,0.5,,,43.0,0.14930555555555555,1.0,0.6744186046511628,0.05405405405405406,1.0,0.3466196406705601,3.104171687916093,0.04180951149434627,1.609434174763881
4,44,0train,1test,inductive,0.25,clean,288,72,216,1,left_hand,0.0,0.6851851851851852,0.6851851851851851,0.685116069749654,0.5802469135802469,,,,,,,,,,,,
4,44,0train,1test,inductive,0.25,poisoned,288,72,216,1,left_hand,0.845679012345679,0.5509259259259259,0.5509259259259259,0.5412904918190803,0.4012345679012346,,,,,,,,,,,,
4,44,0train,1test,inductive,0.25,spectral_baseline,281,72,216,1,left_hand,0.8271604938271605,0.5787037037037037,0.5787037037037037,0.5682279368627066,0.43827160493827155,0.1081989205832862,0.015091697150016847,7.0,0.024305555555555556,0.034482758620689655,0.14285714285714285,0.023166023166023165,,,,,
4,44,0train,1test,inductive,0.25,crcs,245,72,216,1,left_hand,0.0,0.6481481481481481,0.6481481481481481,0.6484582649833021,0.5308641975308642,,,43.0,0.14930555555555555,1.0,0.6744186046511628,0.05405405405405406,1.0,0.3162922642312231,2.6562333779111147,0.06255337624701547,1.2552734048201593
4,55,0train,1test,inductive,0.25,clean,288,72,216,1,left_hand,0.0,0.6388888888888888,0.638888888888889,0.6378077157780129,0.5185185185185186,,,,,,,,,,,,
4,55,0train,1test,inductive,0.25,poisoned,288,72,216,1,left_hand,0.09876543209876543,0.6435185185185185,0.6435185185185186,0.6414246904783112,0.5246913580246914,,,,,,,,,,,,
4,55,0train,1test,inductive,0.25,spectral_baseline,281,72,216,1,left_hand,0.8518518518518519,0.5694444444444444,0.5694444444444444,0.5635875258439017,0.42592592592592593,0.10791847938956967,0.014406485008849702,7.0,0.024305555555555556,0.034482758620689655,0.14285714285714285,0.023166023166023165,,,,,
4,55,0train,1test,inductive,0.25,crcs,245,72,216,1,left_hand,0.0,0.6388888888888888,0.6388888888888888,0.6379911777795231,0.5185185185185186,,,43.0,0.14930555555555555,1.0,0.6744186046511628,0.05405405405405406,1.0,0.33364802669305405,2.872178673415888,0.05338409822206188,1.2863084829799827
4,11,0train,1test,inductive,0.5,clean,288,144,144,1,left_hand,0.0,0.6875,0.6875,0.6893156601534121,0.5833333333333333,,,,,,,,,,,,
4,11,0train,1test,inductive,0.5,poisoned,288,144,144,1,left_hand,0.7685185185185185,0.6388888888888888,0.6388888888888888,0.6349386314081306,0.5185185185185186,,,,,,,,,,,,
4,11,0train,1test,inductive,0.5,spectral_baseline,283,144,144,1,left_hand,0.7592592592592593,0.6527777777777778,0.6527777777777778,0.651322402894627,0.537037037037037,0.10860146734669268,0.015508386119822033,5.0,0.017361111111111112,0.034482758620689655,0.2,0.015444015444015444,,,,,
4,11,0train,1test,inductive,0.5,crcs,245,144,144,1,left_hand,0.0,0.6736111111111112,0.6736111111111112,0.6743259803921569,0.5648148148148149,,,43.0,0.14930555555555555,1.0,0.6744186046511628,0.05405405405405406,1.0,0.29611288141948106,2.9335908303340137,0.022406161696011263,1.4706391037299076
4,22,0train,1test,inductive,0.5,clean,288,144,144,1,left_hand,0.0,0.7152777777777778,0.7152777777777778,0.7177930449888548,0.6203703703703703,,,,,,,,,,,,
4,22,0train,1test,inductive,0.5,poisoned,288,144,144,1,left_hand,0.7962962962962963,0.6736111111111112,0.673611111111111,0.6734566425149652,0.5648148148148149,,,,,,,,,,,,
4,22,0train,1test,inductive,0.5,spectral_baseline,281,144,144,1,left_hand,0.7314814814814815,0.7013888888888888,0.701388888888889,0.7016020423981707,0.6018518518518519,0.10896225108400726,0.01526032651254565,7.0,0.024305555555555556,0.13793103448275862,0.5714285714285714,0.011583011583011582,,,,,
4,22,0train,1test,inductive,0.5,crcs,245,144,144,1,left_hand,0.0,0.7013888888888888,0.701388888888889,0.7018141912690907,0.6018518518518519,,,43.0,0.14930555555555555,1.0,0.6744186046511628,0.05405405405405406,1.0,0.3324742541762102,3.200692911940151,0.02588457440268668,1.347315453223319
4,33,0train,1test,inductive,0.5,clean,288,144,144,1,left_hand,0.0,0.6805555555555556,0.6805555555555556,0.6806861852063337,0.5740740740740741,,,,,,,,,,,,
4,33,0train,1test,inductive,0.5,poisoned,288,144,144,1,left_hand,0.8333333333333334,0.6527777777777778,0.6527777777777777,0.649265767934521,0.537037037037037,,,,,,,,,,,,
4,33,0train,1test,inductive,0.5,spectral_baseline,284,144,144,1,left_hand,0.8333333333333334,0.6597222222222222,0.6597222222222222,0.6585945924156765,0.5462962962962963,0.10823710037376931,0.01588763379401486,4.0,0.013888888888888888,0.034482758620689655,0.25,0.011583011583011582,,,,,
4,33,0train,1test,inductive,0.5,crcs,245,144,144,1,left_hand,0.0,0.6805555555555556,0.6805555555555556,0.6814041207008437,0.5740740740740741,,,43.0,0.14930555555555555,1.0,0.6744186046511628,0.05405405405405406,1.0,0.2828101251382301,2.5558442515485758,0.027842295266745365,1.337336985715498
4,44,0train,1test,inductive,0.5,clean,288,144,144,1,left_hand,0.0,0.6388888888888888,0.6388888888888888,0.6385647216633132,0.5185185185185186,,,,,,,,,,,,
4,44,0train,1test,inductive,0.5,poisoned,288,144,144,1,left_hand,0.7777777777777778,0.6180555555555556,0.6180555555555556,0.6008777553886548,0.4907407407407407,,,,,,,,,,,,
4,44,0train,1test,inductive,0.5,spectral_baseline,281,144,144,1,left_hand,0.7777777777777778,0.6319444444444444,0.6319444444444444,0.617964296429643,0.5092592592592593,0.1081989205832862,0.015091697150016847,7.0,0.024305555555555556,0.034482758620689655,0.14285714285714285,0.023166023166023165,,,,,
4,44,0train,1test,inductive,0.5,crcs,245,144,144,1,left_hand,0.0,0.6388888888888888,0.6388888888888888,0.6380459695276711,0.5185185185185186,,,43.0,0.14930555555555555,1.0,0.6744186046511628,0.05405405405405406,1.0,0.2830893696261773,2.5637318543253476,0.035213889305961955,1.2194563351568566
4,55,0train,1test,inductive,0.5,clean,288,144,144,1,left_hand,0.0,0.6875,0.6875,0.6870714371364384,0.5833333333333333,,,,,,,,,,,,
4,55,0train,1test,inductive,0.5,poisoned,288,144,144,1,left_hand,0.7592592592592593,0.6319444444444444,0.6319444444444444,0.6290774605389184,0.5092592592592593,,,,,,,,,,,,
4,55,0train,1test,inductive,0.5,spectral_baseline,281,144,144,1,left_hand,0.7592592592592593,0.625,0.625,0.6249317191998228,0.5,0.10791847938956967,0.014406485008849702,7.0,0.024305555555555556,0.034482758620689655,0.14285714285714285,0.023166023166023165,,,,,
4,55,0train,1test,inductive,0.5,crcs,245,144,144,1,left_hand,0.0,0.6666666666666666,0.6666666666666666,0.6676430877670652,0.5555555555555556,,,43.0,0.14930555555555555,1.0,0.6744186046511628,0.05405405405405406,1.0,0.3322243403699392,3.0289260723171942,0.042013129526339295,1.4377476585005757
4,11,0train,1test,inductive,0.75,clean,288,216,72,1,left_hand,0.0,0.5833333333333334,0.5833333333333334,0.5844150071123755,0.4444444444444444,,,,,,,,,,,,
4,11,0train,1test,inductive,0.75,poisoned,288,216,72,1,left_hand,0.7222222222222222,0.6111111111111112,0.611111111111111,0.597999928119609,0.4814814814814815,,,,,,,,,,,,
4,11,0train,1test,inductive,0.75,spectral_baseline,283,216,72,1,left_hand,0.7037037037037037,0.6111111111111112,0.6111111111111112,0.5939916996793058,0.4814814814814815,0.10860146734669268,0.015508386119822033,5.0,0.017361111111111112,0.034482758620689655,0.2,0.015444015444015444,,,,,
4,11,0train,1test,inductive,0.75,crcs,245,216,72,1,left_hand,0.0,0.5972222222222222,0.5972222222222222,0.598585427532796,0.4629629629629629,,,43.0,0.14930555555555555,1.0,0.6744186046511628,0.05405405405405406,1.0,0.30467583786872837,3.024227874298789,0.020026185609026876,1.4414705267183419
4,22,0train,1test,inductive,0.75,clean,288,216,72,1,left_hand,0.0,0.7638888888888888,0.763888888888889,0.7634169884169885,0.6851851851851851,,,,,,,,,,,,
4,22,0train,1test,inductive,0.75,poisoned,288,216,72,1,left_hand,0.5925925925925926,0.75,0.75,0.7482471776589423,0.6666666666666667,,,,,,,,,,,,
4,22,0train,1test,inductive,0.75,spectral_baseline,281,216,72,1,left_hand,0.6296296296296297,0.7361111111111112,0.736111111111111,0.7338407112600662,0.6481481481481481,0.10896225108400726,0.01526032651254565,7.0,0.024305555555555556,0.13793103448275862,0.5714285714285714,0.011583011583011582,,,,,
4,22,0train,1test,inductive,0.75,crcs,245,216,72,1,left_hand,0.0,0.7777777777777778,0.7777777777777778,0.7789817681458548,0.7037037037037037,,,43.0,0.14930555555555555,1.0,0.6744186046511628,0.05405405405405406,1.0,0.32897666847968127,3.2511680919491845,0.019398671790491828,1.5213349961955573
4,33,0train,1test,inductive,0.75,clean,288,216,72,1,left_hand,0.0,0.6666666666666666,0.6666666666666666,0.6657004195703886,0.5555555555555556,,,,,,,,,,,,
4,33,0train,1test,inductive,0.75,poisoned,288,216,72,1,left_hand,0.6481481481481481,0.6527777777777778,0.6527777777777778,0.645916458150177,0.537037037037037,,,,,,,,,,,,
4,33,0train,1test,inductive,0.75,spectral_baseline,284,216,72,1,left_hand,0.6481481481481481,0.6527777777777778,0.6527777777777778,0.645916458150177,0.537037037037037,0.10823710037376931,0.01588763379401486,4.0,0.013888888888888888,0.034482758620689655,0.25,0.011583011583011582,,,,,
4,33,0train,1test,inductive,0.75,crcs,245,216,72,1,left_hand,0.0,0.6527777777777778,0.6527777777777778,0.6520578074757641,0.537037037037037,,,43.0,0.14930555555555555,1.0,0.6744186046511628,0.05405405405405406,1.0,0.2989218672342682,2.784286324817624,0.02196432986369685,1.418185727379675
4,44,0train,1test,inductive,0.75,clean,288,216,72,1,left_hand,0.0,0.7083333333333334,0.7083333333333334,0.7065934065934066,0.6111111111111112,,,,,,,,,,,,
4,44,0train,1test,inductive,0.75,poisoned,288,216,72,1,left_hand,0.7592592592592593,0.6666666666666666,0.6666666666666667,0.6634963768115941,0.5555555555555556,,,,,,,,,,,,
4,44,0train,1test,inductive,0.75,spectral_baseline,281,216,72,1,left_hand,0.7222222222222222,0.6805555555555556,0.6805555555555556,0.6771650326797386,0.5740740740740741,0.1081989205832862,0.015091697150016847,7.0,0.024305555555555556,0.034482758620689655,0.14285714285714285,0.023166023166023165,,,,,
4,44,0train,1test,inductive,0.75,crcs,245,216,72,1,left_hand,0.0,0.6666666666666666,0.6666666666666666,0.6670217209690894,0.5555555555555556,,,43.0,0.14930555555555555,1.0,0.6744186046511628,0.05405405405405406,1.0,0.26643362006224336,2.467464680470107,0.018737347360750556,1.2715899639143164
4,55,0train,1test,inductive,0.75,clean,288,216,72,1,left_hand,0.0,0.6805555555555556,0.6805555555555556,0.6797171409214092,0.5740740740740741,,,,,,,,,,,,
4,55,0train,1test,inductive,0.75,poisoned,288,216,72,1,left_hand,0.5740740740740741,0.6388888888888888,0.6388888888888888,0.6267651098901099,0.5185185185185186,,,,,,,,,,,,
4,55,0train,1test,inductive,0.75,spectral_baseline,281,216,72,1,left_hand,0.5555555555555556,0.6527777777777778,0.6527777777777778,0.6429332010582011,0.537037037037037,0.10791847938956967,0.014406485008849702,7.0,0.024305555555555556,0.034482758620689655,0.14285714285714285,0.023166023166023165,,,,,
4,55,0train,1test,inductive,0.75,crcs,245,216,72,1,left_hand,0.0,0.6805555555555556,0.6805555555555556,0.6804738562091504,0.5740740740740741,,,43.0,0.14930555555555555,1.0,0.6744186046511628,0.05405405405405406,1.0,0.32894867331368094,3.136951347526485,0.02526920147162877,1.4644913906722732
4,11,0train,1test,inductive,0.8,clean,288,232,56,1,left_hand,0.0,0.6607142857142857,0.6607142857142857,0.6600109036390895,0.5476190476190477,,,,,,,,,,,,
4,11,0train,1test,inductive,0.8,poisoned,288,232,56,1,left_hand,0.7142857142857143,0.625,0.625,0.6143699543699545,0.5,,,,,,,,,,,,
4,11,0train,1test,inductive,0.8,spectral_baseline,283,232,56,1,left_hand,0.7142857142857143,0.6607142857142857,0.6607142857142856,0.6515185264510602,0.5476190476190477,0.10860146734669268,0.015508386119822033,5.0,0.017361111111111112,0.034482758620689655,0.2,0.015444015444015444,,,,,
4,11,0train,1test,inductive,0.8,crcs,245,232,56,1,left_hand,0.0,0.6607142857142857,0.6607142857142857,0.6621974151173261,0.5476190476190477,,,43.0,0.14930555555555555,1.0,0.6744186046511628,0.05405405405405406,1.0,0.2751928137487948,2.6956585027861077,0.020000948288993778,1.317674434098085
4,22,0train,1test,inductive,0.8,clean,288,232,56,1,left_hand,0.0,0.7678571428571429,0.7678571428571429,0.7667989417989418,0.6904761904761905,,,,,,,,,,,,
4,22,0train,1test,inductive,0.8,poisoned,288,232,56,1,left_hand,0.5238095238095238,0.75,0.75,0.7465794009911656,0.6666666666666667,,,,,,,,,,,,
4,22,0train,1test,inductive,0.8,spectral_baseline,281,232,56,1,left_hand,0.6190476190476191,0.7857142857142857,0.7857142857142857,0.7830789320559142,0.7142857142857143,0.10896225108400726,0.01526032651254565,7.0,0.024305555555555556,0.13793103448275862,0.5714285714285714,0.011583011583011582,,,,,
4,22,0train,1test,inductive,0.8,crcs,245,232,56,1,left_hand,0.0,0.7321428571428571,0.7321428571428572,0.7331459558239314,0.6428571428571428,,,43.0,0.14930555555555555,1.0,0.6744186046511628,0.05405405405405406,1.0,0.33549938279406105,3.2992514818628353,0.0202780465778154,1.5441011195688479
4,33,0train,1test,inductive,0.8,clean,288,232,56,1,left_hand,0.0,0.6607142857142857,0.6607142857142857,0.6586378026867459,0.5476190476190477,,,,,,,,,,,,
4,33,0train,1test,inductive,0.8,poisoned,288,232,56,1,left_hand,0.5952380952380952,0.6785714285714286,0.6785714285714285,0.6771419637273295,0.5714285714285714,,,,,,,,,,,,
4,33,0train,1test,inductive,0.8,spectral_baseline,284,232,56,1,left_hand,0.5952380952380952,0.6785714285714286,0.6785714285714286,0.6763034676993487,0.5714285714285714,0.10823710037376931,0.01588763379401486,4.0,0.013888888888888888,0.034482758620689655,0.25,0.011583011583011582,,,,,
4,33,0train,1test,inductive,0.8,crcs,245,232,56,1,left_hand,0.0,0.6607142857142857,0.6607142857142857,0.6589820954907162,0.5476190476190477,,,43.0,0.14930555555555555,1.0,0.6744186046511628,0.05405405405405406,1.0,0.2813254460400529,2.6086713673287854,0.022011213956603406,1.344548277723079
4,44,0train,1test,inductive,0.8,clean,288,232,56,1,left_hand,0.0,0.6785714285714286,0.6785714285714286,0.6765036039229587,0.5714285714285714,,,,,,,,,,,,
4,44,0train,1test,inductive,0.8,poisoned,288,232,56,1,left_hand,0.7380952380952381,0.625,0.625,0.6146245421245422,0.5,,,,,,,,,,,,
4,44,0train,1test,inductive,0.8,spectral_baseline,281,232,56,1,left_hand,0.7142857142857143,0.625,0.625,0.6146245421245422,0.5,0.1081989205832862,0.015091697150016847,7.0,0.024305555555555556,0.034482758620689655,0.14285714285714285,0.023166023166023165,,,,,
4,44,0train,1test,inductive,0.8,crcs,245,232,56,1,left_hand,0.0,0.6785714285714286,0.6785714285714286,0.6771130952380953,0.5714285714285714,,,43.0,0.14930555555555555,1.0,0.6744186046511628,0.05405405405405406,1.0,0.26815169769813096,2.487589445570083,0.01903910253439524,1.2775596307517556
4,55,0train,1test,inductive,0.8,clean,288,232,56,1,left_hand,0.0,0.6607142857142857,0.6607142857142857,0.6592390405293631,0.5476190476190477,,,,,,,,,,,,
4,55,0train,1test,inductive,0.8,poisoned,288,232,56,1,left_hand,0.5714285714285714,0.6071428571428571,0.6071428571428572,0.5922619047619048,0.47619047619047616,,,,,,,,,,,,
4,55,0train,1test,inductive,0.8,spectral_baseline,281,232,56,1,left_hand,0.5952380952380952,0.625,0.625,0.6139638869902028,0.5,0.10791847938956967,0.014406485008849702,7.0,0.024305555555555556,0.034482758620689655,0.14285714285714285,0.023166023166023165,,,,,
4,55,0train,1test,inductive,0.8,crcs,245,232,56,1,left_hand,0.0,0.6785714285714286,0.6785714285714286,0.6777047983944536,0.5714285714285714,,,43.0,0.14930555555555555,1.0,0.6744186046511628,0.05405405405405406,1.0,0.29466642066505944,2.7523440156848564,0.025399780733137818,1.337251344644617
4,11,0train,1test,transductive,0.0,clean,288,0,288,1,left_hand,0.0,0.6770833333333334,0.6770833333333334,0.6741212224212559,0.5694444444444444,,,,,,,,,,,,
4,11,0train,1test,transductive,0.0,poisoned,288,0,288,1,left_hand,0.18981481481481483,0.6284722222222222,0.6284722222222222,0.6277514099094539,0.5046296296296297,,,,,,,,,,,,
4,11,0train,1test,transductive,0.0,spectral_baseline,283,0,288,1,left_hand,0.21296296296296297,0.6388888888888888,0.6388888888888888,0.6374897987044574,0.5185185185185186,0.10860146734669268,0.015508386119822033,5.0,0.017361111111111112,0.034482758620689655,0.2,0.015444015444015444,,,,,
4,11,0train,1test,transductive,0.0,crcs,245,0,288,1,left_hand,0.06018518518518518,0.65625,0.65625,0.6562882659610436,0.5416666666666667,,,43.0,0.14930555555555555,0.0,0.0,0.16602316602316602,0.0,0.05775772358102506,0.4297550477131251,-0.0024629188393285257,0.34355350885434294
4,22,0train,1test,transductive,0.0,clean,288,0,288,1,left_hand,0.0,0.6770833333333334,0.6770833333333334,0.6741212224212559,0.5694444444444444,,,,,,,,,,,,
4,22,0train,1test,transductive,0.0,poisoned,288,0,288,1,left_hand,0.125,0.6736111111111112,0.6736111111111112,0.6742149772988567,0.5648148148148149,,,,,,,,,,,,
4,22,0train,1test,transductive,0.0,spectral_baseline,281,0,288,1,left_hand,0.12037037037037036,0.6631944444444444,0.6631944444444444,0.6649105443851717,0.5509259259259259,0.10896225108400726,0.01526032651254565,7.0,0.024305555555555556,0.13793103448275862,0.5714285714285714,0.011583011583011582,,,,,
4,22,0train,1test,transductive,0.0,crcs,245,0,288,1,left_hand,0.21296296296296297,0.6388888888888888,0.638888888888889,0.6379218655958894,0.5185185185185186,,,43.0,0.14930555555555555,0.0,0.0,0.16602316602316602,0.0,0.059082858183854975,0.4351727122770267,-0.0017975590691568495,0.3373211333125041
4,33,0train,1test,transductive,0.0,clean,288,0,288,1,left_hand,0.0,0.6770833333333334,0.6770833333333334,0.6741212224212559,0.5694444444444444,,,,,,,,,,,,
4,33,0train,1test,transductive,0.0,poisoned,288,0,288,1,left_hand,0.2222222222222222,0.6215277777777778,0.6215277777777778,0.619909318489886,0.49537037037037035,,,,,,,,,,,,
4,33,0train,1test,transductive,0.0,spectral_baseline,284,0,288,1,left_hand,0.2361111111111111,0.6111111111111112,0.611111111111111,0.607110641778414,0.4814814814814815,0.10823710037376931,0.01588763379401486,4.0,0.013888888888888888,0.034482758620689655,0.25,0.011583011583011582,,,,,
4,33,0train,1test,transductive,0.0,crcs,245,0,288,1,left_hand,0.25925925925925924,0.6180555555555556,0.6180555555555556,0.610518725235399,0.4907407407407407,,,43.0,0.14930555555555555,0.0,0.0,0.16602316602316602,0.0,0.05861092712767936,0.4441015910663805,-0.0013110102947634446,0.3316508223142334
4,44,0train,1test,transductive,0.0,clean,288,0,288,1,left_hand,0.0,0.6770833333333334,0.6770833333333334,0.6741212224212559,0.5694444444444444,,,,,,,,,,,,
4,44,0train,1test,transductive,0.0,poisoned,288,0,288,1,left_hand,0.1527777777777778,0.65625,0.65625,0.656791984863278,0.5416666666666667,,,,,,,,,,,,
4,44,0train,1test,transductive,0.0,spectral_baseline,281,0,288,1,left_hand,0.24074074074074073,0.6527777777777778,0.6527777777777778,0.6537165085332378,0.537037037037037,0.1081989205832862,0.015091697150016847,7.0,0.024305555555555556,0.034482758620689655,0.14285714285714285,0.023166023166023165,,,,,
4,44,0train,1test,transductive,0.0,crcs,245,0,288,1,left_hand,0.2962962962962963,0.6493055555555556,0.6493055555555556,0.6474536911496459,0.5324074074074074,,,43.0,0.14930555555555555,0.0,0.0,0.16602316602316602,0.0,0.06035609743548181,0.46326475233276143,-0.0014979017823230935,0.3534956096278903
4,55,0train,1test,transductive,0.0,clean,288,0,288,1,left_hand,0.0,0.6770833333333334,0.6770833333333334,0.6741212224212559,0.5694444444444444,,,,,,,,,,,,
4,55,0train,1test,transductive,0.0,poisoned,288,0,288,1,left_hand,0.13425925925925927,0.6909722222222222,0.6909722222222223,0.692561249519636,0.587962962962963,,,,,,,,,,,,
4,55,0train,1test,transductive,0.0,spectral_baseline,281,0,288,1,left_hand,0.19907407407407407,0.6736111111111112,0.673611111111111,0.6729878157127073,0.5648148148148149,0.10791847938956967,0.014406485008849702,7.0,0.024305555555555556,0.034482758620689655,0.14285714285714285,0.023166023166023165,,,,,
4,55,0train,1test,transductive,0.0,crcs,245,0,288,1,left_hand,0.2175925925925926,0.6319444444444444,0.6319444444444445,0.6290687575821219,0.5092592592592593,,,43.0,0.14930555555555555,0.0,0.0,0.16602316602316602,0.0,0.060133153610146296,0.41930605151485145,-0.00144069812584073,0.3338860319624087
4,11,0train,1test,transductive,0.1,clean,288,28,260,1,left_hand,0.0,0.6269230769230769,0.6269230769230769,0.6258833789620672,0.5025641025641026,,,,,,,,,,,,
4,11,0train,1test,transductive,0.1,poisoned,288,28,260,1,left_hand,0.26153846153846155,0.6346153846153846,0.6346153846153846,0.6336154001347877,0.5128205128205128,,,,,,,,,,,,
4,11,0train,1test,transductive,0.1,spectral_baseline,283,28,260,1,left_hand,0.15384615384615385,0.6423076923076924,0.6423076923076922,0.6426718126795526,0.523076923076923,0.10860146734669268,0.015508386119822033,5.0,0.017361111111111112,0.034482758620689655,0.2,0.015444015444015444,,,,,
4,11,0train,1test,transductive,0.1,crcs,245,28,260,1,left_hand,0.0,0.6269230769230769,0.6269230769230769,0.6273333499803011,0.5025641025641026,,,43.0,0.14930555555555555,1.0,0.6744186046511628,0.05405405405405406,1.0,0.34145969625220063,3.029898597043049,0.07435960925247764,1.2695817750349379
4,22,0train,1test,transductive,0.1,clean,288,28,260,1,left_hand,0.0,0.676923076923077,0.676923076923077,0.6741677147539287,0.5692307692307692,,,,,,,,,,,,
4,22,0train,1test,transductive,0.1,poisoned,288,28,260,1,left_hand,0.24102564102564103,0.6692307692307692,0.6692307692307692,0.6692633185959888,0.558974358974359,,,,,,,,,,,,
4,22,0train,1test,transductive,0.1,spectral_baseline,281,28,260,1,left_hand,0.2,0.676923076923077,0.6769230769230768,0.6772341430428028,0.5692307692307692,0.10896225108400726,0.01526032651254565,7.0,0.024305555555555556,0.13793103448275862,0.5714285714285714,0.011583011583011582,,,,,
4,22,0train,1test,transductive,0.1,crcs,245,28,260,1,left_hand,0.0,0.6653846153846154,0.6653846153846154,0.6645937355691526,0.5538461538461539,,,43.0,0.14930555555555555,1.0,0.6744186046511628,0.05405405405405406,1.0,0.37889699715814706,2.4622222296383627,0.07526700313352785,1.6253804046323967
4,33,0train,1test,transductive,0.1,clean,288,28,260,1,left_hand,0.010256410256410256,0.6230769230769231,0.6230769230769231,0.6226707389391029,0.49743589743589745,,,,,,,,,,,,
4,33,0train,1test,transductive,0.1,poisoned,288,28,260,1,left_hand,0.21025641025641026,0.6538461538461539,0.6538461538461539,0.6530391715110995,0.5384615384615384,,,,,,,,,,,,
4,33,0train,1test,transductive,0.1,spectral_baseline,284,28,260,1,left_hand,0.2,0.6538461538461539,0.6538461538461539,0.6537014237388945,0.5384615384615384,0.10823710037376931,0.01588763379401486,4.0,0.013888888888888888,0.034482758620689655,0.25,0.011583011583011582,,,,,
4,33,0train,1test,transductive,0.1,crcs,245,28,260,1,left_hand,0.010256410256410256,0.6269230769230769,0.6269230769230769,0.6271514321579368,0.5025641025641026,,,43.0,0.14930555555555555,1.0,0.6744186046511628,0.05405405405405406,1.0,0.36301351888285943,2.975238596602479,0.07214927186149854,1.3522153237191306
4,44,0train,1test,transductive,0.1,clean,288,28,260,1,left_hand,0.0,0.6653846153846154,0.6653846153846154,0.6626929394373273,0.5538461538461539,,,,,,,,,,,,
4,44,0train,1test,transductive,0.1,poisoned,288,28,260,1,left_hand,0.09743589743589744,0.6538461538461539,0.6538461538461539,0.6486413704210144,0.5384615384615384,,,,,,,,,,,,
4,44,0train,1test,transductive,0.1,spectral_baseline,281,28,260,1,left_hand,0.14871794871794872,0.6346153846153846,0.6346153846153847,0.6300132846273786,0.5128205128205128,0.1081989205832862,0.015091697150016847,7.0,0.024305555555555556,0.034482758620689655,0.14285714285714285,0.023166023166023165,,,,,
4,44,0train,1test,transductive,0.1,crcs,245,28,260,1,left_hand,0.0,0.6615384615384615,0.6615384615384615,0.6610098016501268,0.5487179487179488,,,43.0,0.14930555555555555,1.0,0.6744186046511628,0.05405405405405406,1.0,0.37453397869289007,3.027598663323175,0.09362733208981625,1.2990331214981161
4,55,0train,1test,transductive,0.1,clean,288,28,260,1,left_hand,0.0,0.6307692307692307,0.6307692307692307,0.6291686472984183,0.5076923076923077,,,,,,,,,,,,
4,55,0train,1test,transductive,0.1,poisoned,288,28,260,1,left_hand,0.17435897435897435,0.6884615384615385,0.6884615384615385,0.689433302697088,0.5846153846153845,,,,,,,,,,,,
4,55,0train,1test,transductive,0.1,spectral_baseline,281,28,260,1,left_hand,0.19487179487179487,0.6730769230769231,0.673076923076923,0.6739797421770541,0.5641025641025641,0.10791847938956967,0.014406485008849702,7.0,0.024305555555555556,0.034482758620689655,0.14285714285714285,0.023166023166023165,,,,,
4,55,0train,1test,transductive,0.1,crcs,245,28,260,1,left_hand,0.0,0.6576923076923077,0.6576923076923077,0.656937810211804,0.5435897435897437,,,43.0,0.14930555555555555,1.0,0.6744186046511628,0.05405405405405406,1.0,0.2713840618553552,1.7692943477154954,0.09867629460124222,0.9249944200815714
4,11,0train,1test,transductive,0.25,clean,288,72,216,1,left_hand,0.0,0.6157407407407407,0.6157407407407408,0.6171545148742369,0.48765432098765427,,,,,,,,,,,,
4,11,0train,1test,transductive,0.25,poisoned,288,72,216,1,left_hand,0.8333333333333334,0.5925925925925926,0.5925925925925926,0.5832562852255576,0.45679012345679015,,,,,,,,,,,,
4,11,0train,1test,transductive,0.25,spectral_baseline,283,72,216,1,left_hand,0.8518518518518519,0.5740740740740741,0.5740740740740742,0.5619702773147046,0.4320987654320988,0.10860146734669268,0.015508386119822033,5.0,0.017361111111111112,0.034482758620689655,0.2,0.015444015444015444,,,,,
4,11,0train,1test,transductive,0.25,crcs,245,72,216,1,left_hand,0.0,0.6296296296296297,0.6296296296296297,0.6294411700478401,0.5061728395061729,,,43.0,0.14930555555555555,1.0,0.6744186046511628,0.05405405405405406,1.0,0.28872207342385453,2.6344960589191078,0.04215628393218713,1.4366102756736954
4,22,0train,1test,transductive,0.25,clean,288,72,216,1,left_hand,0.0,0.6342592592592593,0.6342592592592593,0.6349648348097543,0.5123456790123457,,,,,,,,,,,,
4,22,0train,1test,transductive,0.25,poisoned,288,72,216,1,left_hand,0.12345679012345678,0.5740740740740741,0.5740740740740742,0.5714494982787666,0.4320987654320988,,,,,,,,,,,,
4,22,0train,1test,transductive,0.25,spectral_baseline,281,72,216,1,left_hand,0.12345679012345678,0.5787037037037037,0.5787037037037037,0.5763903770005724,0.43827160493827155,0.10896225108400726,0.01526032651254565,7.0,0.024305555555555556,0.13793103448275862,0.5714285714285714,0.011583011583011582,,,,,
4,22,0train,1test,transductive,0.25,crcs,245,72,216,1,left_hand,0.0,0.6388888888888888,0.6388888888888888,0.6390448902988558,0.5185185185185186,,,43.0,0.14930555555555555,1.0,0.6744186046511628,0.05405405405405406,1.0,0.36396417135406806,3.397992904354272,0.0385674312226708,1.539084748524198
4,33,0train,1test,transductive,0.25,clean,288,72,216,1,left_hand,0.0,0.6481481481481481,0.6481481481481481,0.6475404017399319,0.5308641975308642,,,,,,,,,,,,
4,33,0train,1test,transductive,0.25,poisoned,288,72,216,1,left_hand,0.4012345679012346,0.6157407407407407,0.6157407407407407,0.6153616762765418,0.48765432098765427,,,,,,,,,,,,
4,33,0train,1test,transductive,0.25,spectral_baseline,284,72,216,1,left_hand,0.19135802469135801,0.6111111111111112,0.611111111111111,0.6111352597008334,0.4814814814814815,0.10823710037376931,0.01588763379401486,4.0,0.013888888888888888,0.034482758620689655,0.25,0.011583011583011582,,,,,
4,33,0train,1test,transductive,0.25,crcs,245,72,216,1,left_hand,0.0,0.6435185185185185,0.6435185185185186,0.6431490628519677,0.5246913580246914,,,43.0,0.14930555555555555,1.0,0.6744186046511628,0.05405405405405406,1.0,0.3494881321314669,3.12878138567264,0.0412659846091172,1.628049723311775
4,44,0train,1test,transductive,0.25,clean,288,72,216,1,left_hand,0.0,0.6805555555555556,0.6805555555555556,0.6805626746952875,0.5740740740740741,,,,,,,,,,,,
4,44,0train,1test,transductive,0.25,poisoned,288,72,216,1,left_hand,0.8518518518518519,0.5648148148148148,0.5648148148148149,0.5567118107993052,0.41975308641975306,,,,,,,,,,,,
4,44,0train,1test,transductive,0.25,spectral_baseline,281,72,216,1,left_hand,0.8271604938271605,0.5694444444444444,0.5694444444444444,0.5573929231604183,0.42592592592592593,0.1081989205832862,0.015091697150016847,7.0,0.024305555555555556,0.034482758620689655,0.14285714285714285,0.023166023166023165,,,,,
4,44,0train,1test,transductive,0.25,crcs,245,72,216,1,left_hand,0.0,0.6574074074074074,0.6574074074074074,0.6572657915222946,0.5432098765432098,,,43.0,0.14930555555555555,1.0,0.6744186046511628,0.05405405405405406,1.0,0.3115196703836581,2.599580610951021,0.06176269302234394,1.2167424183431446
4,55,0train,1test,transductive,0.25,clean,288,72,216,1,left_hand,0.0,0.6481481481481481,0.6481481481481481,0.6458628087917837,0.5308641975308642,,,,,,,,,,,,
4,55,0train,1test,transductive,0.25,poisoned,288,72,216,1,left_hand,0.8888888888888888,0.6018518518518519,0.6018518518518517,0.5879824732275205,0.4691358024691358,,,,,,,,,,,,
4,55,0train,1test,transductive,0.25,spectral_baseline,281,72,216,1,left_hand,0.8765432098765432,0.5925925925925926,0.5925925925925927,0.5772863030898134,0.45679012345679015,0.10791847938956967,0.014406485008849702,7.0,0.024305555555555556,0.034482758620689655,0.14285714285714285,0.023166023166023165,,,,,
4,55,0train,1test,transductive,0.25,crcs,245,72,216,1,left_hand,0.0,0.6203703703703703,0.6203703703703705,0.6193193581780538,0.49382716049382713,,,43.0,0.14930555555555555,1.0,0.6744186046511628,0.05405405405405406,1.0,0.3330961158986082,2.8502564712923624,0.053522910709452684,1.2809806558646228
4,11,0train,1test,transductive,0.5,clean,288,144,144,1,left_hand,0.0,0.6805555555555556,0.6805555555555556,0.6818653474903476,0.5740740740740741,,,,,,,,,,,,
4,11,0train,1test,transductive,0.5,poisoned,288,144,144,1,left_hand,0.8240740740740741,0.6666666666666666,0.6666666666666666,0.6633431905370843,0.5555555555555556,,,,,,,,,,,,
4,11,0train,1test,transductive,0.5,spectral_baseline,283,144,144,1,left_hand,0.8333333333333334,0.6597222222222222,0.6597222222222222,0.655075065787817,0.5462962962962963,0.10860146734669268,0.015508386119822033,5.0,0.017361111111111112,0.034482758620689655,0.2,0.015444015444015444,,,,,
4,11,0train,1test,transductive,0.5,crcs,245,144,144,1,left_hand,0.0,0.6666666666666666,0.6666666666666666,0.6670728764478765,0.5555555555555556,,,43.0,0.14930555555555555,1.0,0.6744186046511628,0.05405405405405406,1.0,0.30921716159435797,3.078117407186488,0.023173982334803958,1.5444652873808284
4,22,0train,1test,transductive,0.5,clean,288,144,144,1,left_hand,0.0,0.7222222222222222,0.7222222222222222,0.7239003709591945,0.6296296296296297,,,,,,,,,,,,
4,22,0train,1test,transductive,0.5,poisoned,288,144,144,1,left_hand,0.8148148148148148,0.6666666666666666,0.6666666666666666,0.6585266849139793,0.5555555555555556,,,,,,,,,,,,
4,22,0train,1test,transductive,0.5,spectral_baseline,281,144,144,1,left_hand,0.7222222222222222,0.6944444444444444,0.6944444444444444,0.694821649234663,0.5925925925925926,0.10896225108400726,0.01526032651254565,7.0,0.024305555555555556,0.13793103448275862,0.5714285714285714,0.011583011583011582,,,,,
4,22,0train,1test,transductive,0.5,crcs,245,144,144,1,left_hand,0.0,0.7222222222222222,0.7222222222222222,0.721942247089845,0.6296296296296297,,,43.0,0.14930555555555555,1.0,0.6744186046511628,0.05405405405405406,1.0,0.334872071308145,3.239510294041625,0.025475084086068252,1.358071969617571
4,33,0train,1test,transductive,0.5,clean,288,144,144,1,left_hand,0.0,0.6666666666666666,0.6666666666666666,0.6682370462517095,0.5555555555555556,,,,,,,,,,,,
4,33,0train,1test,transductive,0.5,poisoned,288,144,144,1,left_hand,0.8240740740740741,0.6388888888888888,0.6388888888888888,0.6334791596557858,0.5185185185185186,,,,,,,,,,,,
4,33,0train,1test,transductive,0.5,spectral_baseline,284,144,144,1,left_hand,0.8333333333333334,0.6597222222222222,0.6597222222222222,0.6572929802437999,0.5462962962962963,0.10823710037376931,0.01588763379401486,4.0,0.013888888888888888,0.034482758620689655,0.25,0.011583011583011582,,,,,
4,33,0train,1test,transductive,0.5,crcs,245,144,144,1,left_hand,0.0,0.6597222222222222,0.6597222222222222,0.6600516029863857,0.5462962962962963,,,43.0,0.14930555555555555,1.0,0.6744186046511628,0.05405405405405406,1.0,0.28958831192321,2.621243418025044,0.028293547514885234,1.382107731866057
4,44,0train,1test,transductive,0.5,clean,288,144,144,1,left_hand,0.0,0.6388888888888888,0.6388888888888888,0.6382832080200501,0.5185185185185186,,,,,,,,,,,,
4,44,0train,1test,transductive,0.5,poisoned,288,144,144,1,left_hand,0.7685185185185185,0.6111111111111112,0.6111111111111112,0.596019661688928,0.4814814814814815,,,,,,,,,,,,
4,44,0train,1test,transductive,0.5,spectral_baseline,281,144,144,1,left_hand,0.7777777777777778,0.625,0.625,0.6095315904139433,0.5,0.1081989205832862,0.015091697150016847,7.0,0.024305555555555556,0.034482758620689655,0.14285714285714285,0.023166023166023165,,,,,
4,44,0train,1test,transductive,0.5,crcs,245,144,144,1,left_hand,0.0,0.6527777777777778,0.6527777777777778,0.6523474178403755,0.537037037037037,,,43.0,0.14930555555555555,1.0,0.6744186046511628,0.05405405405405406,1.0,0.28248157177922295,2.55854918854151,0.03557759619348693,1.2220342211215283
4,55,0train,1test,transductive,0.5,clean,288,144,144,1,left_hand,0.0,0.6875,0.6875,0.6870714371364384,0.5833333333333333,,,,,,,,,,,,
4,55,0train,1test,transductive,0.5,poisoned,288,144,144,1,left_hand,0.7592592592592593,0.6458333333333334,0.6458333333333333,0.6409765355417529,0.5277777777777778,,,,,,,,,,,,
4,55,0train,1test,transductive,0.5,spectral_baseline,281,144,144,1,left_hand,0.7592592592592593,0.6388888888888888,0.638888888888889,0.6387987961664329,0.5185185185185186,0.10791847938956967,0.014406485008849702,7.0,0.024305555555555556,0.034482758620689655,0.14285714285714285,0.023166023166023165,,,,,
4,55,0train,1test,transductive,0.5,crcs,245,144,144,1,left_hand,0.0,0.6736111111111112,0.6736111111111112,0.6727501256913021,0.5648148148148149,,,43.0,0.14930555555555555,1.0,0.6744186046511628,0.05405405405405406,1.0,0.33167546312189056,3.0177860168127766,0.04314470758244366,1.4196114975254328
4,11,0train,1test,transductive,0.75,clean,288,216,72,1,left_hand,0.0,0.5833333333333334,0.5833333333333334,0.5844150071123755,0.4444444444444444,,,,,,,,,,,,
4,11,0train,1test,transductive,0.75,poisoned,288,216,72,1,left_hand,0.7222222222222222,0.6111111111111112,0.611111111111111,0.597999928119609,0.4814814814814815,,,,,,,,,,,,
4,11,0train,1test,transductive,0.75,spectral_baseline,283,216,72,1,left_hand,0.7037037037037037,0.6111111111111112,0.6111111111111112,0.5939916996793058,0.4814814814814815,0.10860146734669268,0.015508386119822033,5.0,0.017361111111111112,0.034482758620689655,0.2,0.015444015444015444,,,,,
4,11,0train,1test,transductive,0.75,crcs,245,216,72,1,left_hand,0.0,0.5972222222222222,0.5972222222222222,0.598585427532796,0.4629629629629629,,,43.0,0.14930555555555555,1.0,0.6744186046511628,0.05405405405405406,1.0,0.3064717619766241,3.0398720317539203,0.020211314668361,1.443467277000359
4,22,0train,1test,transductive,0.75,clean,288,216,72,1,left_hand,0.0,0.7638888888888888,0.763888888888889,0.7634169884169885,0.6851851851851851,,,,,,,,,,,,
4,22,0train,1test,transductive,0.75,poisoned,288,216,72,1,left_hand,0.5740740740740741,0.75,0.75,0.7482471776589423,0.6666666666666667,,,,,,,,,,,,
4,22,0train,1test,transductive,0.75,spectral_baseline,281,216,72,1,left_hand,0.5740740740740741,0.7638888888888888,0.7638888888888888,0.7629548318452162,0.6851851851851851,0.10896225108400726,0.01526032651254565,7.0,0.024305555555555556,0.13793103448275862,0.5714285714285714,0.011583011583011582,,,,,
4,22,0train,1test,transductive,0.75,crcs,245,216,72,1,left_hand,0.0,0.6805555555555556,0.6805555555555556,0.6772164786967418,0.5740740740740741,,,43.0,0.14930555555555555,1.0,0.6744186046511628,0.05405405405405406,1.0,0.33028544416847794,3.2690558331804547,0.019528772745467035,1.5293423199731686
4,33,0train,1test,transductive,0.75,clean,288,216,72,1,left_hand,0.0,0.6666666666666666,0.6666666666666666,0.6657004195703886,0.5555555555555556,,,,,,,,,,,,
4,33,0train,1test,transductive,0.75,poisoned,288,216,72,1,left_hand,0.6481481481481481,0.6527777777777778,0.6527777777777778,0.645916458150177,0.537037037037037,,,,,,,,,,,,
4,33,0train,1test,transductive,0.75,spectral_baseline,284,216,72,1,left_hand,0.6481481481481481,0.6388888888888888,0.6388888888888888,0.6342756705659931,0.5185185185185186,0.10823710037376931,0.01588763379401486,4.0,0.013888888888888888,0.034482758620689655,0.25,0.011583011583011582,,,,,
4,33,0train,1test,transductive,0.75,crcs,245,216,72,1,left_hand,0.0,0.6666666666666666,0.6666666666666666,0.6656346749226005,0.5555555555555556,,,43.0,0.14930555555555555,1.0,0.6744186046511628,0.05405405405405406,1.0,0.2987122598453528,2.7831757064688585,0.022532344298388525,1.4177391555622025
4,44,0train,1test,transductive,0.75,clean,288,216,72,1,left_hand,0.0,0.7083333333333334,0.7083333333333334,0.7065934065934066,0.6111111111111112,,,,,,,,,,,,
4,44,0train,1test,transductive,0.75,poisoned,288,216,72,1,left_hand,0.7407407407407407,0.6666666666666666,0.6666666666666667,0.6647997835497835,0.5555555555555556,,,,,,,,,,,,
4,44,0train,1test,transductive,0.75,spectral_baseline,281,216,72,1,left_hand,0.7222222222222222,0.6805555555555556,0.6805555555555556,0.6756427304964538,0.5740740740740741,0.1081989205832862,0.015091697150016847,7.0,0.024305555555555556,0.034482758620689655,0.14285714285714285,0.023166023166023165,,,,,
4,44,0train,1test,transductive,0.75,crcs,245,216,72,1,left_hand,0.0,0.6666666666666666,0.6666666666666666,0.6664092664092665,0.5555555555555556,,,43.0,0.14930555555555555,1.0,0.6744186046511628,0.05405405405405406,1.0,0.2659859727928092,2.467216420173722,0.018821148294602116,1.2728134439467225
4,55,0train,1test,transductive,0.75,clean,288,216,72,1,left_hand,0.0,0.6944444444444444,0.6944444444444444,0.6929125816993463,0.5925925925925926,,,,,,,,,,,,
4,55,0train,1test,transductive,0.75,poisoned,288,216,72,1,left_hand,0.5555555555555556,0.6388888888888888,0.6388888888888888,0.6267651098901099,0.5185185185185186,,,,,,,,,,,,
4,55,0train,1test,transductive,0.75,spectral_baseline,281,216,72,1,left_hand,0.5555555555555556,0.6527777777777778,0.6527777777777778,0.6445856227106227,0.537037037037037,0.10791847938956967,0.014406485008849702,7.0,0.024305555555555556,0.034482758620689655,0.14285714285714285,0.023166023166023165,,,,,
4,55,0train,1test,transductive,0.75,crcs,245,216,72,1,left_hand,0.0,0.6805555555555556,0.6805555555555556,0.6804738562091504,0.5740740740740741,,,43.0,0.14930555555555555,1.0,0.6744186046511628,0.05405405405405406,1.0,0.32983062205948327,3.1481397838809104,0.024817087104923512,1.4735968153230614
4,11,0train,1test,transductive,0.8,clean,288,232,56,1,left_hand,0.0,0.6607142857142857,0.6607142857142857,0.6600109036390895,0.5476190476190477,,,,,,,,,,,,
4,11,0train,1test,transductive,0.8,poisoned,288,232,56,1,left_hand,0.7142857142857143,0.6428571428571429,0.6428571428571428,0.6299582027168235,0.5238095238095238,,,,,,,,,,,,
4,11,0train,1test,transductive,0.8,spectral_baseline,283,232,56,1,left_hand,0.7142857142857143,0.6428571428571429,0.6428571428571428,0.6299582027168235,0.5238095238095238,0.10860146734669268,0.015508386119822033,5.0,0.017361111111111112,0.034482758620689655,0.2,0.015444015444015444,,,,,
4,11,0train,1test,transductive,0.8,crcs,245,232,56,1,left_hand,0.0,0.6785714285714286,0.6785714285714286,0.680670321521267,0.5714285714285714,,,43.0,0.14930555555555555,1.0,0.6744186046511628,0.05405405405405406,1.0,0.276296514561575,2.7065289088183797,0.019699608231911,1.325978963739936
4,22,0train,1test,transductive,0.8,clean,288,232,56,1,left_hand,0.0,0.7678571428571429,0.7678571428571429,0.7667989417989418,0.6904761904761905,,,,,,,,,,,,
4,22,0train,1test,transductive,0.8,poisoned,288,232,56,1,left_hand,0.5714285714285714,0.75,0.75,0.7465794009911656,0.6666666666666667,,,,,,,,,,,,
4,22,0train,1test,transductive,0.8,spectral_baseline,281,232,56,1,left_hand,0.5714285714285714,0.7678571428571429,0.7678571428571428,0.7652217891987713,0.6904761904761905,0.10896225108400726,0.01526032651254565,7.0,0.024305555555555556,0.13793103448275862,0.5714285714285714,0.011583011583011582,,,,,
4,22,0train,1test,transductive,0.8,crcs,245,232,56,1,left_hand,0.0,0.7321428571428571,0.7321428571428572,0.7331459558239314,0.6428571428571428,,,43.0,0.14930555555555555,1.0,0.6744186046511628,0.05405405405405406,1.0,0.3361333094267833,3.3103119189981087,0.019946769034485622,1.5488815462894492
4,33,0train,1test,transductive,0.8,clean,288,232,56,1,left_hand,0.0,0.6964285714285714,0.6964285714285714,0.6953531781117988,0.5952380952380952,,,,,,,,,,,,
4,33,0train,1test,transductive,0.8,poisoned,288,232,56,1,left_hand,0.5952380952380952,0.6785714285714286,0.6785714285714285,0.6771419637273295,0.5714285714285714,,,,,,,,,,,,
4,33,0train,1test,transductive,0.8,spectral_baseline,284,232,56,1,left_hand,0.5952380952380952,0.6785714285714286,0.6785714285714285,0.6738344988344989,0.5714285714285714,0.10823710037376931,0.01588763379401486,4.0,0.013888888888888888,0.034482758620689655,0.25,0.011583011583011582,,,,,
4,33,0train,1test,transductive,0.8,crcs,245,232,56,1,left_hand,0.0,0.6607142857142857,0.6607142857142857,0.6589820954907162,0.5476190476190477,,,43.0,0.14930555555555555,1.0,0.6744186046511628,0.05405405405405406,1.0,0.2798208758023134,2.5948620494937193,0.02214490857490817,1.3380685890290758
4,44,0train,1test,transductive,0.8,clean,288,232,56,1,left_hand,0.0,0.6785714285714286,0.6785714285714286,0.6765036039229587,0.5714285714285714,,,,,,,,,,,,
4,44,0train,1test,transductive,0.8,poisoned,288,232,56,1,left_hand,0.7380952380952381,0.6428571428571429,0.6428571428571428,0.6288086303939963,0.5238095238095238,,,,,,,,,,,,
4,44,0train,1test,transductive,0.8,spectral_baseline,281,232,56,1,left_hand,0.7380952380952381,0.625,0.625,0.6146245421245422,0.5,0.1081989205832862,0.015091697150016847,7.0,0.024305555555555556,0.034482758620689655,0.14285714285714285,0.023166023166023165,,,,,
4,44,0train,1test,transductive,0.8,crcs,245,232,56,1,left_hand,0.0,0.6785714285714286,0.6785714285714286,0.6771130952380953,0.5714285714285714,,,43.0,0.14930555555555555,1.0,0.6744186046511628,0.05405405405405406,1.0,0.2677950471522279,2.4870390463786443,0.018999842337505877,1.2785653453514167
4,55,0train,1test,transductive,0.8,clean,288,232,56,1,left_hand,0.0,0.6607142857142857,0.6607142857142857,0.6592390405293631,0.5476190476190477,,,,,,,,,,,,
4,55,0train,1test,transductive,0.8,poisoned,288,232,56,1,left_hand,0.5714285714285714,0.6071428571428571,0.6071428571428572,0.5922619047619048,0.47619047619047616,,,,,,,,,,,,
4,55,0train,1test,transductive,0.8,spectral_baseline,281,232,56,1,left_hand,0.5952380952380952,0.625,0.625,0.6139638869902028,0.5,0.10791847938956967,0.014406485008849702,7.0,0.024305555555555556,0.034482758620689655,0.14285714285714285,0.023166023166023165,,,,,
4,55,0train,1test,transductive,0.8,crcs,245,232,56,1,left_hand,0.0,0.6607142857142857,0.6607142857142857,0.6584249084249084,0.5476190476190477,,,43.0,0.14930555555555555,1.0,0.6744186046511628,0.05405405405405406,1.0,0.2951582332230862,2.758109176775514,0.02540691614014971,1.3390932056820783
5,11,0train,1test,inductive,0.0,clean,288,0,288,1,left_hand,0.0,0.3125,0.3125,0.23241326750131813,0.08333333333333337,,,,,,,,,,,,
5,11,0train,1test,inductive,0.0,poisoned,288,0,288,1,left_hand,0.21296296296296297,0.3576388888888889,0.35763888888888895,0.31163906018194304,0.1435185185185185,,,,,,,,,,,,
5,11,0train,1test,inductive,0.0,spectral_baseline,282,0,288,1,left_hand,0.2638888888888889,0.4027777777777778,0.40277777777777773,0.4024243053189331,0.20370370370370372,0.09779768839603128,0.016776068580078914,6.0,0.020833333333333332,0.034482758620689655,0.16666666666666666,0.019305019305019305,,,,,
5,11,0train,1test,inductive,0.0,crcs,245,0,288,1,left_hand,0.2222222222222222,0.3541666666666667,0.3541666666666667,0.335124197364544,0.13888888888888884,,,43.0,0.14930555555555555,0.0,0.0,0.16602316602316602,0.0,0.05707581893234855,0.8495363074185909,-0.008336168026460661,0.40300510191711125
5,22,0train,1test,inductive,0.0,clean,288,0,288,1,left_hand,0.0,0.3125,0.3125,0.23241326750131813,0.08333333333333337,,,,,,,,,,,,
5,22,0train,1test,inductive,0.0,poisoned,288,0,288,1,left_hand,0.0,0.3680555555555556,0.3680555555555556,0.3193190319031903,0.15740740740740744,,,,,,,,,,,,
5,22,0train,1test,inductive,0.0,spectral_baseline,282,0,288,1,left_hand,0.0,0.3680555555555556,0.3680555555555556,0.33712868295707177,0.15740740740740744,0.09772641149253523,0.016662658865130138,6.0,0.020833333333333332,0.034482758620689655,0.16666666666666666,0.019305019305019305,,,,,
5,22,0train,1test,inductive,0.0,crcs,245,0,288,1,left_hand,0.004629629629629629,0.3645833333333333,0.3645833333333333,0.30412066332782445,0.1527777777777778,,,43.0,0.14930555555555555,0.0,0.0,0.16602316602316602,0.0,0.05721076023929866,0.8150924623408813,-0.0059410073231635175,0.41476065730544726
5,33,0train,1test,inductive,0.0,clean,288,0,288,1,left_hand,0.0,0.3125,0.3125,0.23241326750131813,0.08333333333333337,,,,,,,,,,,,
5,33,0train,1test,inductive,0.0,poisoned,288,0,288,1,left_hand,0.009259259259259259,0.3784722222222222,0.3784722222222222,0.33681737216824004,0.17129629629629628,,,,,,,,,,,,
5,33,0train,1test,inductive,0.0,spectral_baseline,281,0,288,1,left_hand,0.0,0.3993055555555556,0.3993055555555556,0.3529264190694766,0.19907407407407407,0.09690750858060924,0.016506318856398965,7.0,0.024305555555555556,0.034482758620689655,0.14285714285714285,0.023166023166023165,,,,,
5,33,0train,1test,inductive,0.0,crcs,245,0,288,1,left_hand,0.037037037037037035,0.3576388888888889,0.35763888888888884,0.3064834984015546,0.1435185185185185,,,43.0,0.14930555555555555,0.0,0.0,0.16602316602316602,0.0,0.05569803577224305,0.8552454545595183,-0.006597476532159315,0.4226167467255595
5,44,0train,1test,inductive,0.0,clean,288,0,288,1,left_hand,0.0,0.3125,0.3125,0.23241326750131813,0.08333333333333337,,,,,,,,,,,,
5,44,0train,1test,inductive,0.0,poisoned,288,0,288,1,left_hand,0.004629629629629629,0.2916666666666667,0.2916666666666667,0.20959439163854132,0.05555555555555558,,,,,,,,,,,,
5,44,0train,1test,inductive,0.0,spectral_baseline,283,0,288,1,left_hand,0.032407407407407406,0.2847222222222222,0.2847222222222222,0.19639025650709707,0.04629629629629628,0.09850877204238333,0.016858829089908024,5.0,0.017361111111111112,0.0,0.0,0.019305019305019305,,,,,
5,44,0train,1test,inductive,0.0,crcs,245,0,288,1,left_hand,0.0,0.2951388888888889,0.29513888888888884,0.21906118028647414,0.06018518518518523,,,43.0,0.14930555555555555,0.0,0.0,0.16602316602316602,0.0,0.05748629921568485,0.8368137015842861,-0.008584904629686307,0.41242508056418004
5,55,0train,1test,inductive,0.0,clean,288,0,288,1,left_hand,0.0,0.3125,0.3125,0.23241326750131813,0.08333333333333337,,,,,,,,,,,,
5,55,0train,1test,inductive,0.0,poisoned,288,0,288,1,left_hand,0.004629629629629629,0.375,0.375,0.33405748454776585,0.16666666666666663,,,,,,,,,,,,
5,55,0train,1test,inductive,0.0,spectral_baseline,279,0,288,1,left_hand,0.0,0.3090277777777778,0.30902777777777773,0.24844125885648377,0.07870370370370372,0.09646466361708986,0.016063473892879578,9.0,0.03125,0.13793103448275862,0.4444444444444444,0.019305019305019305,,,,,
5,55,0train,1test,inductive,0.0,crcs,245,0,288,1,left_hand,0.33796296296296297,0.3333333333333333,0.33333333333333337,0.2752831268037377,0.11111111111111116,,,43.0,0.14930555555555555,0.0,0.0,0.16602316602316602,0.0,0.05512177801465195,0.47004769755852904,-0.0084890684314018,0.3987493382289962
5,11,0train,1test,inductive,0.1,clean,288,28,260,1,left_hand,0.0,0.38461538461538464,0.3846153846153846,0.3690627583877767,0.17948717948717952,,,,,,,,,,,,
5,11,0train,1test,inductive,0.1,poisoned,288,28,260,1,left_hand,0.2358974358974359,0.36923076923076925,0.3692307692307693,0.3595458817498291,0.15897435897435896,,,,,,,,,,,,
5,11,0train,1test,inductive,0.1,spectral_baseline,282,28,260,1,left_hand,0.5384615384615384,0.4269230769230769,0.42692307692307696,0.4117785835397171,0.23589743589743595,0.09779768839603128,0.016776068580078914,6.0,0.020833333333333332,0.034482758620689655,0.16666666666666666,0.019305019305019305,,,,,
5,11,0train,1test,inductive,0.1,crcs,245,28,260,1,left_hand,0.0,0.4115384615384615,0.4115384615384615,0.40434692199816247,0.2153846153846154,,,43.0,0.14930555555555555,1.0,0.6744186046511628,0.05405405405405406,1.0,0.49966071528334866,4.60831430177659,0.10831114026227687,1.7411736847008834
5,22,0train,1test,inductive,0.1,clean,288,28,260,1,left_hand,0.0,0.36153846153846153,0.3615384615384616,0.3331025464710726,0.14871794871794874,,,,,,,,,,,,
5,22,0train,1test,inductive,0.1,poisoned,288,28,260,1,left_hand,0.2153846153846154,0.4076923076923077,0.4076923076923077,0.4011322011322011,0.2102564102564103,,,,,,,,,,,,
5,22,0train,1test,inductive,0.1,spectral_baseline,282,28,260,1,left_hand,0.005128205128205128,0.36538461538461536,0.3653846153846154,0.35518834399431415,0.15384615384615385,0.09772641149253523,0.016662658865130138,6.0,0.020833333333333332,0.034482758620689655,0.16666666666666666,0.019305019305019305,,,,,
5,22,0train,1test,inductive,0.1,crcs,245,28,260,1,left_hand,0.0,0.35,0.35,0.3162164734325328,0.1333333333333333,,,43.0,0.14930555555555555,1.0,0.6744186046511628,0.05405405405405406,1.0,0.7641577545245051,6.689342456453102,0.10422460139848672,3.0360277974866507
5,33,0train,1test,inductive,0.1,clean,288,28,260,1,left_hand,0.0,0.4,0.4,0.37383764873288333,0.19999999999999996,,,,,,,,,,,,
5,33,0train,1test,inductive,0.1,poisoned,288,28,260,1,left_hand,0.015384615384615385,0.4115384615384615,0.4115384615384615,0.39803586105100724,0.2153846153846154,,,,,,,,,,,,
5,33,0train,1test,inductive,0.1,spectral_baseline,281,28,260,1,left_hand,0.041025641025641026,0.4115384615384615,0.4115384615384615,0.400756295604715,0.2153846153846154,0.09690750858060924,0.016506318856398965,7.0,0.024305555555555556,0.034482758620689655,0.14285714285714285,0.023166023166023165,,,,,
5,33,0train,1test,inductive,0.1,crcs,245,28,260,1,left_hand,0.0,0.33076923076923076,0.33076923076923076,0.3202322180650354,0.10769230769230764,,,43.0,0.14930555555555555,1.0,0.6744186046511628,0.05405405405405406,1.0,0.6250480180285436,5.520075575112072,0.09771781672430666,2.6864596277613573
5,44,0train,1test,inductive,0.1,clean,288,28,260,1,left_hand,0.0,0.35384615384615387,0.35384615384615387,0.33046312589985605,0.1384615384615384,,,,,,,,,,,,
5,44,0train,1test,inductive,0.1,poisoned,288,28,260,1,left_hand,0.041025641025641026,0.35,0.35,0.331051527742846,0.1333333333333333,,,,,,,,,,,,
5,44,0train,1test,inductive,0.1,spectral_baseline,283,28,260,1,left_hand,0.4307692307692308,0.3,0.30000000000000004,0.2711478738896934,0.06666666666666665,0.09850877204238333,0.016858829089908024,5.0,0.017361111111111112,0.0,0.0,0.019305019305019305,,,,,
5,44,0train,1test,inductive,0.1,crcs,245,28,260,1,left_hand,0.0,0.33076923076923076,0.3307692307692308,0.2931406586896471,0.10769230769230764,,,43.0,0.14930555555555555,1.0,0.6744186046511628,0.05405405405405406,1.0,1.2781507974167872,10.995112144460446,0.09559420442228063,5.500587791131512
5,55,0train,1test,inductive,0.1,clean,288,28,260,1,left_hand,0.0,0.40384615384615385,0.40384615384615385,0.3788935870331219,0.20512820512820518,,,,,,,,,,,,
5,55,0train,1test,inductive,0.1,poisoned,288,28,260,1,left_hand,0.2564102564102564,0.4076923076923077,0.4076923076923077,0.4010021574577073,0.2102564102564103,,,,,,,,,,,,
5,55,0train,1test,inductive,0.1,spectral_baseline,279,28,260,1,left_hand,0.3128205128205128,0.4115384615384615,0.4115384615384616,0.40873101589432015,0.2153846153846154,0.09646466361708986,0.016063473892879578,9.0,0.03125,0.13793103448275862,0.4444444444444444,0.019305019305019305,,,,,
5,55,0train,1test,inductive,0.1,crcs,245,28,260,1,left_hand,0.0,0.4,0.4,0.3590538213938169,0.19999999999999996,,,43.0,0.14930555555555555,1.0,0.6744186046511628,0.05405405405405406,1.0,0.689977974342594,6.534660540484467,0.07801845376805969,2.886307977257351
5,11,0train,1test,inductive,0.25,clean,288,72,216,1,left_hand,0.0,0.4027777777777778,0.4027777777777778,0.3742342395568202,0.20370370370370372,,,,,,,,,,,,
5,11,0train,1test,inductive,0.25,poisoned,288,72,216,1,left_hand,0.9506172839506173,0.3425925925925926,0.34259259259259256,0.310882800608828,0.12345679012345678,,,,,,,,,,,,
5,11,0train,1test,inductive,0.25,spectral_baseline,282,72,216,1,left_hand,0.9753086419753086,0.375,0.375,0.35282306019825993,0.16666666666666663,0.09779768839603128,0.016776068580078914,6.0,0.020833333333333332,0.034482758620689655,0.16666666666666666,0.019305019305019305,,,,,
5,11,0train,1test,inductive,0.25,crcs,245,72,216,1,left_hand,0.0,0.4398148148148148,0.4398148148148148,0.4328235076362926,0.25308641975308643,,,43.0,0.14930555555555555,1.0,0.6744186046511628,0.05405405405405406,1.0,0.624135898104655,6.375995109722724,0.06501827282102927,2.6691311189916127
5,22,0train,1test,inductive,0.25,clean,288,72,216,1,left_hand,0.13580246913580246,0.4351851851851852,0.4351851851851851,0.4257912479286525,0.24691358024691357,,,,,,,,,,,,
5,22,0train,1test,inductive,0.25,poisoned,288,72,216,1,left_hand,0.9814814814814815,0.37962962962962965,0.37962962962962965,0.35750425888275356,0.1728395061728395,,,,,,,,,,,,
5,22,0train,1test,inductive,0.25,spectral_baseline,282,72,216,1,left_hand,0.9876543209876543,0.4074074074074074,0.4074074074074074,0.39817094519500706,0.2098765432098766,0.09772641149253523,0.016662658865130138,6.0,0.020833333333333332,0.034482758620689655,0.16666666666666666,0.019305019305019305,,,,,
5,22,0train,1test,inductive,0.25,crcs,245,72,216,1,left_hand,0.0,0.41203703703703703,0.41203703703703703,0.40664103539539925,0.21604938271604934,,,43.0,0.14930555555555555,1.0,0.6744186046511628,0.05405405405405406,1.0,0.6925571658976979,6.668953890890586,0.06317860419477807,3.0179778579450223
5,33,0train,1test,inductive,0.25,clean,288,72,216,1,left_hand,0.0,0.35648148148148145,0.3564814814814815,0.33626829819566806,0.14197530864197527,,,,,,,,,,,,
5,33,0train,1test,inductive,0.25,poisoned,288,72,216,1,left_hand,0.8827160493827161,0.3888888888888889,0.38888888888888895,0.3724987660180452,0.18518518518518523,,,,,,,,,,,,
5,33,0train,1test,inductive,0.25,spectral_baseline,281,72,216,1,left_hand,0.8148148148148148,0.37037037037037035,0.37037037037037035,0.3512959109362048,0.16049382716049387,0.09690750858060924,0.016506318856398965,7.0,0.024305555555555556,0.034482758620689655,0.14285714285714285,0.023166023166023165,,,,,
5,33,0train,1test,inductive,0.25,crcs,245,72,216,1,left_hand,0.0,0.375,0.375,0.3663599886294061,0.16666666666666663,,,43.0,0.14930555555555555,1.0,0.6744186046511628,0.05405405405405406,1.0,0.3755450433060014,3.3956370327348715,0.06144718085102774,1.776132675914472
5,44,0train,1test,inductive,0.25,clean,288,72,216,1,left_hand,0.0,0.39351851851851855,0.3935185185185185,0.3871527777777778,0.191358024691358,,,,,,,,,,,,
5,44,0train,1test,inductive,0.25,poisoned,288,72,216,1,left_hand,0.845679012345679,0.3472222222222222,0.3472222222222222,0.3039615230982805,0.12962962962962965,,,,,,,,,,,,
5,44,0train,1test,inductive,0.25,spectral_baseline,283,72,216,1,left_hand,0.9567901234567902,0.3425925925925926,0.34259259259259256,0.2997049550922258,0.12345679012345678,0.09850877204238333,0.016858829089908024,5.0,0.017361111111111112,0.0,0.0,0.019305019305019305,,,,,
5,44,0train,1test,inductive,0.25,crcs,245,72,216,1,left_hand,0.0,0.3888888888888889,0.3888888888888889,0.38292589763178,0.18518518518518523,,,43.0,0.14930555555555555,1.0,0.6744186046511628,0.05405405405405406,1.0,0.4551263600609948,4.1179346628651,0.06795618010080123,2.072386200448305
5,55,0train,1test,inductive,0.25,clean,288,72,216,1,left_hand,0.0,0.35185185185185186,0.35185185185185186,0.3146997929606625,0.13580246913580252,,,,,,,,,,,,
5,55,0train,1test,inductive,0.25,poisoned,288,72,216,1,left_hand,0.9259259259259259,0.35185185185185186,0.35185185185185186,0.3238242348667668,0.13580246913580252,,,,,,,,,,,,
5,55,0train,1test,inductive,0.25,spectral_baseline,279,72,216,1,left_hand,0.8641975308641975,0.41203703703703703,0.41203703703703703,0.3976241354748282,0.21604938271604934,0.09646466361708986,0.016063473892879578,9.0,0.03125,0.13793103448275862,0.4444444444444444,0.019305019305019305,,,,,
5,55,0train,1test,inductive,0.25,crcs,245,72,216,1,left_hand,0.0,0.3611111111111111,0.3611111111111111,0.3252650716978073,0.14814814814814814,,,43.0,0.14930555555555555,1.0,0.6744186046511628,0.05405405405405406,1.0,0.5080640654240572,4.904145508143179,0.07849892789678378,2.208246827994274
5,11,0train,1test,inductive,0.5,clean,288,144,144,1,left_hand,0.0,0.4027777777777778,0.4027777777777778,0.38323247719848746,0.20370370370370372,,,,,,,,,,,,
5,11,0train,1test,inductive,0.5,poisoned,288,144,144,1,left_hand,0.9814814814814815,0.4305555555555556,0.4305555555555556,0.4243604004449388,0.2407407407407407,,,,,,,,,,,,
5,11,0train,1test,inductive,0.5,spectral_baseline,282,144,144,1,left_hand,0.9537037037037037,0.4305555555555556,0.4305555555555556,0.41515218655831376,0.2407407407407407,0.09779768839603128,0.016776068580078914,6.0,0.020833333333333332,0.034482758620689655,0.16666666666666666,0.019305019305019305,,,,,
5,11,0train,1test,inductive,0.5,crcs,245,144,144,1,left_hand,0.0,0.4305555555555556,0.4305555555555556,0.41655616969280407,0.2407407407407407,,,43.0,0.14930555555555555,1.0,0.6744186046511628,0.05405405405405406,1.0,0.5298341570882051,5.24985865430133,0.06375294010142961,2.332731247849863
5,22,0train,1test,inductive,0.5,clean,288,144,144,1,left_hand,0.0,0.4791666666666667,0.47916666666666663,0.4707056261297251,0.3055555555555556,,,,,,,,,,,,
5,22,0train,1test,inductive,0.5,poisoned,288,144,144,1,left_hand,0.9074074074074074,0.4930555555555556,0.4930555555555556,0.48546626984126984,0.32407407407407407,,,,,,,,,,,,
5,22,0train,1test,inductive,0.5,spectral_baseline,282,144,144,1,left_hand,0.9444444444444444,0.4236111111111111,0.42361111111111116,0.4201228693218693,0.2314814814814815,0.09772641149253523,0.016662658865130138,6.0,0.020833333333333332,0.034482758620689655,0.16666666666666666,0.019305019305019305,,,,,
5,22,0train,1test,inductive,0.5,crcs,245,144,144,1,left_hand,0.0,0.5069444444444444,0.5069444444444444,0.5050134255076506,0.34259259259259256,,,43.0,0.14930555555555555,1.0,0.6744186046511628,0.05405405405405406,1.0,0.751505289757254,7.421620848406388,0.05591741547126978,3.355507442795917
5,33,0train,1test,inductive,0.5,clean,288,144,144,1,left_hand,0.0,0.4722222222222222,0.4722222222222222,0.4493697478991596,0.2962962962962963,,,,,,,,,,,,
5,33,0train,1test,inductive,0.5,poisoned,288,144,144,1,left_hand,0.9259259259259259,0.4513888888888889,0.45138888888888884,0.43785447224618923,0.2685185185185185,,,,,,,,,,,,
5,33,0train,1test,inductive,0.5,spectral_baseline,281,144,144,1,left_hand,0.9351851851851852,0.4652777777777778,0.4652777777777778,0.44717373623623624,0.2870370370370371,0.09690750858060924,0.016506318856398965,7.0,0.024305555555555556,0.034482758620689655,0.14285714285714285,0.023166023166023165,,,,,
5,33,0train,1test,inductive,0.5,crcs,245,144,144,1,left_hand,0.0,0.4305555555555556,0.4305555555555556,0.423293963017552,0.2407407407407407,,,43.0,0.14930555555555555,1.0,0.6744186046511628,0.05405405405405406,1.0,0.4381829064246712,4.081492109607274,0.07122745800857543,1.9317412423426912
5,44,0train,1test,inductive,0.5,clean,288,144,144,1,left_hand,0.0,0.3888888888888889,0.3888888888888889,0.3701217701217701,0.18518518518518523,,,,,,,,,,,,
5,44,0train,1test,inductive,0.5,poisoned,288,144,144,1,left_hand,0.9629629629629629,0.4305555555555556,0.4305555555555556,0.42364094007586783,0.2407407407407407,,,,,,,,,,,,
5,44,0train,1test,inductive,0.5,spectral_baseline,283,144,144,1,left_hand,0.8611111111111112,0.3680555555555556,0.3680555555555555,0.31979611516737844,0.15740740740740744,0.09850877204238333,0.016858829089908024,5.0,0.017361111111111112,0.0,0.0,0.019305019305019305,,,,,
5,44,0train,1test,inductive,0.5,crcs,245,144,144,1,left_hand,0.0,0.3402777777777778,0.3402777777777778,0.3248552522746071,0.12037037037037035,,,43.0,0.14930555555555555,1.0,0.6744186046511628,0.05405405405405406,1.0,0.5150220293672176,4.779827964762405,0.06720249017723243,2.3188296936572788
5,55,0train,1test,inductive,0.5,clean,288,144,144,1,left_hand,0.0,0.3888888888888889,0.3888888888888889,0.3858028765503396,0.18518518518518523,,,,,,,,,,,,
5,55,0train,1test,inductive,0.5,poisoned,288,144,144,1,left_hand,0.9444444444444444,0.4305555555555556,0.43055555555555564,0.4268477661334804,0.2407407407407407,,,,,,,,,,,,
5,55,0train,1test,inductive,0.5,spectral_baseline,279,144,144,1,left_hand,0.9074074074074074,0.4097222222222222,0.4097222222222222,0.40994560701065197,0.2129629629629629,0.09646466361708986,0.016063473892879578,9.0,0.03125,0.13793103448275862,0.4444444444444444,0.019305019305019305,,,,,
5,55,0train,1test,inductive,0.5,crcs,245,144,144,1,left_hand,0.0,0.4375,0.4375,0.4278750738697922,0.25,,,43.0,0.14930555555555555,1.0,0.6744186046511628,0.05405405405405406,1.0,0.514396049135548,5.131251848792691,0.06858322756337043,2.285010578865711
5,11,0train,1test,inductive,0.75,clean,288,216,72,1,left_hand,0.0,0.4444444444444444,0.4444444444444445,0.43699440691370256,0.2592592592592593,,,,,,,,,,,,
5,11,0train,1test,inductive,0.75,poisoned,288,216,72,1,left_hand,0.9074074074074074,0.4722222222222222,0.4722222222222222,0.46457489878542507,0.2962962962962963,,,,,,,,,,,,
5,11,0train,1test,inductive,0.75,spectral_baseline,282,216,72,1,left_hand,0.9259259259259259,0.4583333333333333,0.45833333333333337,0.45057350886379727,0.2777777777777778,0.09779768839603128,0.016776068580078914,6.0,0.020833333333333332,0.034482758620689655,0.16666666666666666,0.019305019305019305,,,,,
5,11,0train,1test,inductive,0.75,crcs,245,216,72,1,left_hand,0.0,0.4166666666666667,0.41666666666666663,0.4052888079796716,0.2222222222222222,,,43.0,0.14930555555555555,1.0,0.6744186046511628,0.05405405405405406,1.0,0.5102559841507173,5.067207038844403,0.06157075663512875,2.2742120231259064
5,22,0train,1test,inductive,0.75,clean,288,216,72,1,left_hand,0.0,0.5555555555555556,0.5555555555555556,0.5382755069827574,0.40740740740740744,,,,,,,,,,,,
5,22,0train,1test,inductive,0.75,poisoned,288,216,72,1,left_hand,0.8888888888888888,0.5416666666666666,0.5416666666666667,0.5294179657551751,0.38888888888888884,,,,,,,,,,,,
5,22,0train,1test,inductive,0.75,spectral_baseline,282,216,72,1,left_hand,0.8148148148148148,0.5,0.5,0.4920212765957447,0.33333333333333337,0.09772641149253523,0.016662658865130138,6.0,0.020833333333333332,0.034482758620689655,0.16666666666666666,0.019305019305019305,,,,,
5,22,0train,1test,inductive,0.75,crcs,245,216,72,1,left_hand,0.0,0.4305555555555556,0.4305555555555556,0.421843853820598,0.2407407407407407,,,43.0,0.14930555555555555,1.0,0.6744186046511628,0.05405405405405406,1.0,0.5202784701763655,5.012106296365972,0.052917625529404426,2.412424408434195
5,33,0train,1test,inductive,0.75,clean,288,216,72,1,left_hand,0.0,0.4861111111111111,0.4861111111111111,0.4761523746459184,0.31481481481481477,,,,,,,,,,,,
5,33,0train,1test,inductive,0.75,poisoned,288,216,72,1,left_hand,0.8888888888888888,0.4583333333333333,0.4583333333333333,0.45665913934439245,0.2777777777777778,,,,,,,,,,,,
5,33,0train,1test,inductive,0.75,spectral_baseline,281,216,72,1,left_hand,0.9259259259259259,0.4583333333333333,0.4583333333333333,0.4553245102267826,0.2777777777777778,0.09690750858060924,0.016506318856398965,7.0,0.024305555555555556,0.034482758620689655,0.14285714285714285,0.023166023166023165,,,,,
5,33,0train,1test,inductive,0.75,crcs,245,216,72,1,left_hand,0.0,0.4583333333333333,0.4583333333333333,0.4585021728917078,0.2777777777777778,,,43.0,0.14930555555555555,1.0,0.6744186046511628,0.05405405405405406,1.0,0.47445232907778123,4.553329453890332,0.05521713372408436,2.107343927298811
5,44,0train,1test,inductive,0.75,clean,288,216,72,1,left_hand,0.0,0.4166666666666667,0.41666666666666663,0.38701298701298703,0.2222222222222222,,,,,,,,,,,,
5,44,0train,1test,inductive,0.75,poisoned,288,216,72,1,left_hand,0.9444444444444444,0.4444444444444444,0.4444444444444445,0.4402290400405894,0.2592592592592593,,,,,,,,,,,,
5,44,0train,1test,inductive,0.75,spectral_baseline,283,216,72,1,left_hand,0.9444444444444444,0.3888888888888889,0.3888888888888889,0.3838935574229692,0.18518518518518523,0.09850877204238333,0.016858829089908024,5.0,0.017361111111111112,0.0,0.0,0.019305019305019305,,,,,
5,44,0train,1test,inductive,0.75,crcs,245,216,72,1,left_hand,0.0,0.4444444444444444,0.4444444444444444,0.4335385316917465,0.2592592592592593,,,43.0,0.14930555555555555,1.0,0.6744186046511628,0.05405405405405406,1.0,0.5416878395475425,5.1811571914053935,0.05913677021534918,2.466861271904334
5,55,0train,1test,inductive,0.75,clean,288,216,72,1,left_hand,0.0,0.4722222222222222,0.4722222222222222,0.4575396825396826,0.2962962962962963,,,,,,,,,,,,
5,55,0train,1test,inductive,0.75,poisoned,288,216,72,1,left_hand,0.9074074074074074,0.4444444444444444,0.4444444444444444,0.451051810712112,0.2592592592592593,,,,,,,,,,,,
5,55,0train,1test,inductive,0.75,spectral_baseline,279,216,72,1,left_hand,0.9074074074074074,0.4444444444444444,0.4444444444444444,0.44712073243775136,0.2592592592592593,0.09646466361708986,0.016063473892879578,9.0,0.03125,0.13793103448275862,0.4444444444444444,0.019305019305019305,,,,,
5,55,0train,1test,inductive,0.75,crcs,245,216,72,1,left_hand,0.0,0.4305555555555556,0.4305555555555555,0.4372395046813652,0.2407407407407407,,,43.0,0.14930555555555555,1.0,0.6744186046511628,0.05405405405405406,1.0,0.4497262886500979,4.5085555209138,0.05400607957003708,2.1012073292137976
5,11,0train,1test,inductive,0.8,clean,288,232,56,1,left_hand,0.0,0.5892857142857143,0.5892857142857142,0.5866749379652606,0.45238095238095233,,,,,,,,,,,,
5,11,0train,1test,inductive,0.8,poisoned,288,232,56,1,left_hand,0.9285714285714286,0.4642857142857143,0.4642857142857143,0.457815734989648,0.2857142857142857,,,,,,,,,,,,
5,11,0train,1test,inductive,0.8,spectral_baseline,282,232,56,1,left_hand,0.9047619047619048,0.48214285714285715,0.48214285714285715,0.4794191315930446,0.30952380952380953,0.09779768839603128,0.016776068580078914,6.0,0.020833333333333332,0.034482758620689655,0.16666666666666666,0.019305019305019305,,,,,
5,11,0train,1test,inductive,0.8,crcs,245,232,56,1,left_hand,0.0,0.5,0.5,0.49252696247581157,0.33333333333333337,,,43.0,0.14930555555555555,1.0,0.6744186046511628,0.05405405405405406,1.0,0.5138411766714371,5.173002495699349,0.05693580846516449,2.3138989809578865
5,22,0train,1test,inductive,0.8,clean,288,232,56,1,left_hand,0.0,0.5714285714285714,0.5714285714285714,0.5530485643388868,0.4285714285714286,,,,,,,,,,,,
5,22,0train,1test,inductive,0.8,poisoned,288,232,56,1,left_hand,0.8809523809523809,0.5714285714285714,0.5714285714285714,0.5566913920993617,0.4285714285714286,,,,,,,,,,,,
5,22,0train,1test,inductive,0.8,spectral_baseline,282,232,56,1,left_hand,0.7857142857142857,0.5178571428571429,0.5178571428571428,0.49804918461073067,0.3571428571428571,0.09772641149253523,0.016662658865130138,6.0,0.020833333333333332,0.034482758620689655,0.16666666666666666,0.019305019305019305,,,,,
5,22,0train,1test,inductive,0.8,crcs,245,232,56,1,left_hand,0.0,0.5714285714285714,0.5714285714285714,0.5534034178187404,0.4285714285714286,,,43.0,0.14930555555555555,1.0,0.6744186046511628,0.05405405405405406,1.0,0.5055407535946128,4.847918689351041,0.056483814344358084,2.308447487298153
5,33,0train,1test,inductive,0.8,clean,288,232,56,1,left_hand,0.0,0.48214285714285715,0.48214285714285715,0.48373928115307424,0.30952380952380953,,,,,,,,,,,,
5,33,0train,1test,inductive,0.8,poisoned,288,232,56,1,left_hand,0.8095238095238095,0.44642857142857145,0.44642857142857145,0.43519123896698264,0.26190476190476186,,,,,,,,,,,,
5,33,0train,1test,inductive,0.8,spectral_baseline,281,232,56,1,left_hand,0.8809523809523809,0.4642857142857143,0.4642857142857143,0.4515318015318015,0.2857142857142857,0.09690750858060924,0.016506318856398965,7.0,0.024305555555555556,0.034482758620689655,0.14285714285714285,0.023166023166023165,,,,,
5,33,0train,1test,inductive,0.8,crcs,245,232,56,1,left_hand,0.0,0.4642857142857143,0.4642857142857143,0.4667884385626322,0.2857142857142857,,,43.0,0.14930555555555555,1.0,0.6744186046511628,0.05405405405405406,1.0,0.4787173059048665,4.598392488650493,0.052645891878957005,2.1727802532992033
5,44,0train,1test,inductive,0.8,clean,288,232,56,1,left_hand,0.0,0.44642857142857145,0.4464285714285714,0.42246072341980273,0.26190476190476186,,,,,,,,,,,,
5,44,0train,1test,inductive,0.8,poisoned,288,232,56,1,left_hand,0.9523809523809523,0.42857142857142855,0.4285714285714286,0.4369120264429189,0.23809523809523814,,,,,,,,,,,,
5,44,0train,1test,inductive,0.8,spectral_baseline,283,232,56,1,left_hand,0.9523809523809523,0.4107142857142857,0.41071428571428575,0.41574844074844075,0.2142857142857143,0.09850877204238333,0.016858829089908024,5.0,0.017361111111111112,0.0,0.0,0.019305019305019305,,,,,
5,44,0train,1test,inductive,0.8,crcs,245,232,56,1,left_hand,0.0,0.44642857142857145,0.4464285714285714,0.4386904761904762,0.26190476190476186,,,43.0,0.14930555555555555,1.0,0.6744186046511628,0.05405405405405406,1.0,0.5490795974044622,5.2687596983599185,0.05504271869335948,2.5307825588144084
5,55,0train,1test,inductive,0.8,clean,288,232,56,1,left_hand,0.0,0.42857142857142855,0.42857142857142855,0.3931623931623932,0.23809523809523814,,,,,,,,,,,,
5,55,0train,1test,inductive,0.8,poisoned,288,232,56,1,left_hand,0.9761904761904762,0.4107142857142857,0.4107142857142857,0.4068131868131868,0.2142857142857143,,,,,,,,,,,,
5,55,0train,1test,inductive,0.8,spectral_baseline,279,232,56,1,left_hand,0.9523809523809523,0.39285714285714285,0.39285714285714285,0.39498939498939495,0.19047619047619047,0.09646466361708986,0.016063473892879578,9.0,0.03125,0.13793103448275862,0.4444444444444444,0.019305019305019305,,,,,
5,55,0train,1test,inductive,0.8,crcs,245,232,56,1,left_hand,0.0,0.42857142857142855,0.4285714285714286,0.4334355299872541,0.23809523809523814,,,43.0,0.14930555555555555,1.0,0.6744186046511628,0.05405405405405406,1.0,0.45905481500974116,4.637823982650119,0.0524965820462988,2.149705757537332
5,11,0train,1test,transductive,0.0,clean,288,0,288,1,left_hand,0.0,0.3923611111111111,0.3923611111111111,0.35402501501156214,0.18981481481481477,,,,,,,,,,,,
5,11,0train,1test,transductive,0.0,poisoned,288,0,288,1,left_hand,0.7222222222222222,0.3819444444444444,0.3819444444444445,0.3697519599891863,0.17592592592592593,,,,,,,,,,,,
5,11,0train,1test,transductive,0.0,spectral_baseline,282,0,288,1,left_hand,0.032407407407407406,0.3993055555555556,0.3993055555555555,0.38360183852410046,0.19907407407407407,0.09779768839603128,0.016776068580078914,6.0,0.020833333333333332,0.034482758620689655,0.16666666666666666,0.019305019305019305,,,,,
5,11,0train,1test,transductive,0.0,crcs,245,0,288,1,left_hand,0.25,0.3715277777777778,0.3715277777777778,0.36805320283581155,0.1620370370370371,,,43.0,0.14930555555555555,0.0,0.0,0.16602316602316602,0.0,0.05707581893234855,0.8495363074185909,-0.008336168026460661,0.40300510191711125
5,22,0train,1test,transductive,0.0,clean,288,0,288,1,left_hand,0.0,0.3923611111111111,0.3923611111111111,0.35402501501156214,0.18981481481481477,,,,,,,,,,,,
5,22,0train,1test,transductive,0.0,poisoned,288,0,288,1,left_hand,0.3055555555555556,0.4375,0.4375,0.41277408259302284,0.25,,,,,,,,,,,,
5,22,0train,1test,transductive,0.0,spectral_baseline,282,0,288,1,left_hand,0.032407407407407406,0.4305555555555556,0.4305555555555555,0.4251905136467822,0.2407407407407407,0.09772641149253523,0.016662658865130138,6.0,0.020833333333333332,0.034482758620689655,0.16666666666666666,0.019305019305019305,,,,,
5,22,0train,1test,transductive,0.0,crcs,245,0,288,1,left_hand,0.1388888888888889,0.4027777777777778,0.4027777777777778,0.3906761620089624,0.20370370370370372,,,43.0,0.14930555555555555,0.0,0.0,0.16602316602316602,0.0,0.05721076023929866,0.8150924623408813,-0.0059410073231635175,0.41476065730544726
5,33,0train,1test,transductive,0.0,clean,288,0,288,1,left_hand,0.0,0.3923611111111111,0.3923611111111111,0.35402501501156214,0.18981481481481477,,,,,,,,,,,,
5,33,0train,1test,transductive,0.0,poisoned,288,0,288,1,left_hand,0.18518518518518517,0.3993055555555556,0.3993055555555555,0.39356869518691695,0.19907407407407407,,,,,,,,,,,,
5,33,0train,1test,transductive,0.0,spectral_baseline,281,0,288,1,left_hand,0.24537037037037038,0.3645833333333333,0.3645833333333333,0.35350254100254097,0.1527777777777778,0.09690750858060924,0.016506318856398965,7.0,0.024305555555555556,0.034482758620689655,0.14285714285714285,0.023166023166023165,,,,,
5,33,0train,1test,transductive,0.0,crcs,245,0,288,1,left_hand,0.023148148148148147,0.40625,0.40625,0.39036609984629933,0.20833333333333337,,,43.0,0.14930555555555555,0.0,0.0,0.16602316602316602,0.0,0.05569803577224305,0.8552454545595183,-0.006597476532159315,0.4226167467255595
5,44,0train,1test,transductive,0.0,clean,288,0,288,1,left_hand,0.0,0.3923611111111111,0.3923611111111111,0.35402501501156214,0.18981481481481477,,,,,,,,,,,,
5,44,0train,1test,transductive,0.0,poisoned,288,0,288,1,left_hand,0.25925925925925924,0.3402777777777778,0.3402777777777778,0.30795756567647214,0.12037037037037035,,,,,,,,,,,,
5,44,0train,1test,transductive,0.0,spectral_baseline,283,0,288,1,left_hand,0.24537037037037038,0.34375,0.34375,0.33677519294579183,0.125,0.09850877204238333,0.016858829089908024,5.0,0.017361111111111112,0.0,0.0,0.019305019305019305,,,,,
5,44,0train,1test,transductive,0.0,crcs,245,0,288,1,left_hand,0.10648148148148148,0.3298611111111111,0.32986111111111105,0.3188078115361026,0.10648148148148151,,,43.0,0.14930555555555555,0.0,0.0,0.16602316602316602,0.0,0.05748629921568485,0.8368137015842861,-0.008584904629686307,0.41242508056418004
5,55,0train,1test,transductive,0.0,clean,288,0,288,1,left_hand,0.0,0.3923611111111111,0.3923611111111111,0.35402501501156214,0.18981481481481477,,,,,,,,,,,,
5,55,0train,1test,transductive,0.0,poisoned,288,0,288,1,left_hand,0.004629629629629629,0.3923611111111111,0.3923611111111111,0.35924162717563,0.18981481481481477,,,,,,,,,,,,
5,55,0train,1test,transductive,0.0,spectral_baseline,279,0,288,1,left_hand,0.0,0.375,0.375,0.35745752898942174,0.16666666666666663,0.09646466361708986,0.016063473892879578,9.0,0.03125,0.13793103448275862,0.4444444444444444,0.019305019305019305,,,,,
5,55,0train,1test,transductive,0.0,crcs,245,0,288,1,left_hand,0.39351851851851855,0.40625,0.40625,0.4054934662433529,0.20833333333333337,,,43.0,0.14930555555555555,0.0,0.0,0.16602316602316602,0.0,0.05512177801465195,0.47004769755852904,-0.0084890684314018,0.3987493382289962
5,11,0train,1test,transductive,0.1,clean,288,28,260,1,left_hand,0.0,0.39615384615384613,0.39615384615384613,0.38308619955765033,0.19487179487179485,,,,,,,,,,,,
5,11,0train,1test,transductive,0.1,poisoned,288,28,260,1,left_hand,0.40512820512820513,0.3769230769230769,0.37692307692307697,0.3732750564641613,0.16923076923076918,,,,,,,,,,,,
5,11,0train,1test,transductive,0.1,spectral_baseline,282,28,260,1,left_hand,0.441025641025641,0.38461538461538464,0.38461538461538464,0.3840779651080424,0.17948717948717952,0.09779768839603128,0.016776068580078914,6.0,0.020833333333333332,0.034482758620689655,0.16666666666666666,0.019305019305019305,,,,,
5,11,0train,1test,transductive,0.1,crcs,245,28,260,1,left_hand,0.0,0.36153846153846153,0.3615384615384616,0.3341299907296035,0.14871794871794874,,,43.0,0.14930555555555555,1.0,0.6744186046511628,0.05405405405405406,1.0,0.5082476420340952,4.560845265436902,0.11161924917830977,1.7632016624240658
5,22,0train,1test,transductive,0.1,clean,288,28,260,1,left_hand,0.0,0.3730769230769231,0.3730769230769231,0.340980290980291,0.16410256410256407,,,,,,,,,,,,
5,22,0train,1test,transductive,0.1,poisoned,288,28,260,1,left_hand,0.2358974358974359,0.3923076923076923,0.3923076923076923,0.38497250850578735,0.18974358974358974,,,,,,,,,,,,
5,22,0train,1test,transductive,0.1,spectral_baseline,282,28,260,1,left_hand,0.05641025641025641,0.38846153846153847,0.38846153846153847,0.3875908437747914,0.18461538461538463,0.09772641149253523,0.016662658865130138,6.0,0.020833333333333332,0.034482758620689655,0.16666666666666666,0.019305019305019305,,,,,
5,22,0train,1test,transductive,0.1,crcs,245,28,260,1,left_hand,0.0,0.3230769230769231,0.32307692307692304,0.2865416800199409,0.09743589743589742,,,43.0,0.14930555555555555,1.0,0.6744186046511628,0.05405405405405406,1.0,0.75538696803954,6.543300615224284,0.10111081608454532,3.0530512785617794
5,33,0train,1test,transductive,0.1,clean,288,28,260,1,left_hand,0.0,0.4,0.4,0.37509852553461576,0.19999999999999996,,,,,,,,,,,,
5,33,0train,1test,transductive,0.1,poisoned,288,28,260,1,left_hand,0.05128205128205128,0.41923076923076924,0.4192307692307693,0.41318765750814435,0.22564102564102562,,,,,,,,,,,,
5,33,0train,1test,transductive,0.1,spectral_baseline,281,28,260,1,left_hand,0.07692307692307693,0.4076923076923077,0.4076923076923077,0.39852628986478345,0.2102564102564103,0.09690750858060924,0.016506318856398965,7.0,0.024305555555555556,0.034482758620689655,0.14285714285714285,0.023166023166023165,,,,,
5,33,0train,1test,transductive,0.1,crcs,245,28,260,1,left_hand,0.0,0.3346153846153846,0.33461538461538465,0.32717518406818946,0.11282051282051286,,,43.0,0.14930555555555555,1.0,0.6744186046511628,0.05405405405405406,1.0,0.6564106264240607,5.878881025159045,0.09489647829546036,2.809369898735833
5,44,0train,1test,transductive,0.1,clean,288,28,260,1,left_hand,0.0,0.3384615384615385,0.3384615384615385,0.31961985874532617,0.11794871794871797,,,,,,,,,,,,
5,44,0train,1test,transductive,0.1,poisoned,288,28,260,1,left_hand,0.14871794871794872,0.3038461538461538,0.3038461538461538,0.29233925384180054,0.07179487179487176,,,,,,,,,,,,
5,44,0train,1test,transductive,0.1,spectral_baseline,283,28,260,1,left_hand,0.4205128205128205,0.3038461538461538,0.3038461538461538,0.2898431994362227,0.07179487179487176,0.09850877204238333,0.016858829089908024,5.0,0.017361111111111112,0.0,0.0,0.019305019305019305,,,,,
5,44,0train,1test,transductive,0.1,crcs,245,28,260,1,left_hand,0.0,0.3346153846153846,0.33461538461538465,0.32346282763116324,0.11282051282051286,,,43.0,0.14930555555555555,1.0,0.6744186046511628,0.05405405405405406,1.0,1.1815792183886735,9.70437944052814,0.08935734876275903,5.129872689799886
5,55,0train,1test,transductive,0.1,clean,288,28,260,1,left_hand,0.0,0.40384615384615385,0.40384615384615385,0.36530340255282745,0.20512820512820518,,,,,,,,,,,,
5,55,0train,1test,transductive,0.1,poisoned,288,28,260,1,left_hand,0.02564102564102564,0.4115384615384615,0.4115384615384615,0.37744715579305255,0.2153846153846154,,,,,,,,,,,,
5,55,0train,1test,transductive,0.1,spectral_baseline,279,28,260,1,left_hand,0.010256410256410256,0.4115384615384615,0.4115384615384615,0.41385566678374897,0.2153846153846154,0.09646466361708986,0.016063473892879578,9.0,0.03125,0.13793103448275862,0.4444444444444444,0.019305019305019305,,,,,
5,55,0train,1test,transductive,0.1,crcs,245,28,260,1,left_hand,0.0,0.40384615384615385,0.40384615384615385,0.3627203215438509,0.20512820512820518,,,43.0,0.14930555555555555,1.0,0.6744186046511628,0.05405405405405406,1.0,0.7335927719718215,7.0683650612462925,0.07786848417051255,3.1072800894024684
5,11,0train,1test,transductive,0.25,clean,288,72,216,1,left_hand,0.0,0.3888888888888889,0.38888888888888884,0.35253850654029995,0.18518518518518523,,,,,,,,,,,,
5,11,0train,1test,transductive,0.25,poisoned,288,72,216,1,left_hand,0.9506172839506173,0.3472222222222222,0.3472222222222222,0.31284183083283534,0.12962962962962965,,,,,,,,,,,,
5,11,0train,1test,transductive,0.25,spectral_baseline,282,72,216,1,left_hand,0.9753086419753086,0.37037037037037035,0.37037037037037035,0.3451751768346596,0.16049382716049387,0.09779768839603128,0.016776068580078914,6.0,0.020833333333333332,0.034482758620689655,0.16666666666666666,0.019305019305019305,,,,,
5,11,0train,1test,transductive,0.25,crcs,245,72,216,1,left_hand,0.0,0.4212962962962963,0.4212962962962963,0.41341429267490126,0.22839506172839508,,,43.0,0.14930555555555555,1.0,0.6744186046511628,0.05405405405405406,1.0,0.6346323823530906,6.478292004975127,0.06627092003431541,2.70338919700009
5,22,0train,1test,transductive,0.25,clean,288,72,216,1,left_hand,0.06172839506172839,0.4398148148148148,0.4398148148148148,0.4361024051754159,0.25308641975308643,,,,,,,,,,,,
5,22,0train,1test,transductive,0.25,poisoned,288,72,216,1,left_hand,0.9506172839506173,0.35648148148148145,0.35648148148148145,0.3178882503121862,0.14197530864197527,,,,,,,,,,,,
5,22,0train,1test,transductive,0.25,spectral_baseline,282,72,216,1,left_hand,0.9814814814814815,0.4166666666666667,0.41666666666666663,0.4029572434851803,0.2222222222222222,0.09772641149253523,0.016662658865130138,6.0,0.020833333333333332,0.034482758620689655,0.16666666666666666,0.019305019305019305,,,,,
5,22,0train,1test,transductive,0.25,crcs,245,72,216,1,left_hand,0.0,0.4212962962962963,0.4212962962962963,0.41834254122807635,0.22839506172839508,,,43.0,0.14930555555555555,1.0,0.6744186046511628,0.05405405405405406,1.0,0.6711797261816878,6.405896477933277,0.0628880833641054,2.9562853469744548
5,33,0train,1test,transductive,0.25,clean,288,72,216,1,left_hand,0.0,0.3611111111111111,0.3611111111111111,0.3425795182236385,0.14814814814814814,,,,,,,,,,,,
5,33,0train,1test,transductive,0.25,poisoned,288,72,216,1,left_hand,0.9012345679012346,0.3888888888888889,0.38888888888888884,0.3705028735632184,0.18518518518518523,,,,,,,,,,,,
5,33,0train,1test,transductive,0.25,spectral_baseline,281,72,216,1,left_hand,0.8827160493827161,0.3425925925925926,0.3425925925925926,0.31941609860557624,0.12345679012345678,0.09690750858060924,0.016506318856398965,7.0,0.024305555555555556,0.034482758620689655,0.14285714285714285,0.023166023166023165,,,,,
5,33,0train,1test,transductive,0.25,crcs,245,72,216,1,left_hand,0.0,0.38425925925925924,0.38425925925925924,0.376395173453997,0.17901234567901236,,,43.0,0.14930555555555555,1.0,0.6744186046511628,0.05405405405405406,1.0,0.377757333904254,3.4187361778244587,0.06169080150954861,1.78095557261537
5,44,0train,1test,transductive,0.25,clean,288,72,216,1,left_hand,0.0,0.38425925925925924,0.38425925925925924,0.37659746118881987,0.17901234567901236,,,,,,,,,,,,
5,44,0train,1test,transductive,0.25,poisoned,288,72,216,1,left_hand,0.8703703703703703,0.3472222222222222,0.3472222222222222,0.2996375749636009,0.12962962962962965,,,,,,,,,,,,
5,44,0train,1test,transductive,0.25,spectral_baseline,283,72,216,1,left_hand,0.9444444444444444,0.3333333333333333,0.33333333333333326,0.2953843205510883,0.11111111111111116,0.09850877204238333,0.016858829089908024,5.0,0.017361111111111112,0.0,0.0,0.019305019305019305,,,,,
5,44,0train,1test,transductive,0.25,crcs,245,72,216,1,left_hand,0.0,0.39351851851851855,0.3935185185185185,0.37343326267307675,0.191358024691358,,,43.0,0.14930555555555555,1.0,0.6744186046511628,0.05405405405405406,1.0,0.4474753056550163,4.0519596455391795,0.06905631812644515,2.0116297508495733
5,55,0train,1test,transductive,0.25,clean,288,72,216,1,left_hand,0.0,0.375,0.375,0.34759454816581403,0.16666666666666663,,,,,,,,,,,,
5,55,0train,1test,transductive,0.25,poisoned,288,72,216,1,left_hand,0.9691358024691358,0.375,0.375,0.3395871874132744,0.16666666666666663,,,,,,,,,,,,
5,55,0train,1test,transductive,0.25,spectral_baseline,279,72,216,1,left_hand,0.9382716049382716,0.37962962962962965,0.37962962962962965,0.36324058663420555,0.1728395061728395,0.09646466361708986,0.016063473892879578,9.0,0.03125,0.13793103448275862,0.4444444444444444,0.019305019305019305,,,,,
5,55,0train,1test,transductive,0.25,crcs,245,72,216,1,left_hand,0.0,0.36574074074074076,0.3657407407407407,0.34413591883671935,0.154320987654321,,,43.0,0.14930555555555555,1.0,0.6744186046511628,0.05405405405405406,1.0,0.5258969918931499,5.120204435377276,0.07457361557759133,2.29612795605929
5,11,0train,1test,transductive,0.5,clean,288,144,144,1,left_hand,0.0,0.4166666666666667,0.4166666666666667,0.3962453372469883,0.2222222222222222,,,,,,,,,,,,
5,11,0train,1test,transductive,0.5,poisoned,288,144,144,1,left_hand,0.9814814814814815,0.4236111111111111,0.42361111111111116,0.4186583394519749,0.2314814814814815,,,,,,,,,,,,
5,11,0train,1test,transductive,0.5,spectral_baseline,282,144,144,1,left_hand,0.9444444444444444,0.4166666666666667,0.41666666666666663,0.4013668900395979,0.2222222222222222,0.09779768839603128,0.016776068580078914,6.0,0.020833333333333332,0.034482758620689655,0.16666666666666666,0.019305019305019305,,,,,
5,11,0train,1test,transductive,0.5,crcs,245,144,144,1,left_hand,0.0,0.4652777777777778,0.4652777777777778,0.4506571719013034,0.2870370370370371,,,43.0,0.14930555555555555,1.0,0.6744186046511628,0.05405405405405406,1.0,0.5263105799222255,5.204411138253677,0.06394394892302906,2.3267919065331575
5,22,0train,1test,transductive,0.5,clean,288,144,144,1,left_hand,0.0,0.5069444444444444,0.5069444444444444,0.5038934491289684,0.34259259259259256,,,,,,,,,,,,
5,22,0train,1test,transductive,0.5,poisoned,288,144,144,1,left_hand,0.9166666666666666,0.5069444444444444,0.5069444444444444,0.49594747822931784,0.34259259259259256,,,,,,,,,,,,
5,22,0train,1test,transductive,0.5,spectral_baseline,282,144,144,1,left_hand,0.9351851851851852,0.4652777777777778,0.4652777777777778,0.4470692621456568,0.2870370370370371,0.09772641149253523,0.016662658865130138,6.0,0.020833333333333332,0.034482758620689655,0.16666666666666666,0.019305019305019305,,,,,
5,22,0train,1test,transductive,0.5,crcs,245,144,144,1,left_hand,0.0,0.5,0.5,0.4956551367375971,0.33333333333333337,,,43.0,0.14930555555555555,1.0,0.6744186046511628,0.05405405405405406,1.0,0.7504846788456948,7.410204244995632,0.054702116625576065,3.3721430859222346
5,33,0train,1test,transductive,0.5,clean,288,144,144,1,left_hand,0.0,0.4791666666666667,0.47916666666666663,0.45652239601360295,0.3055555555555556,,,,,,,,,,,,
5,33,0train,1test,transductive,0.5,poisoned,288,144,144,1,left_hand,0.9259259259259259,0.4513888888888889,0.45138888888888884,0.43881431582744945,0.2685185185185185,,,,,,,,,,,,
5,33,0train,1test,transductive,0.5,spectral_baseline,281,144,144,1,left_hand,0.9351851851851852,0.4444444444444444,0.4444444444444444,0.4292682350718065,0.2592592592592593,0.09690750858060924,0.016506318856398965,7.0,0.024305555555555556,0.034482758620689655,0.14285714285714285,0.023166023166023165,,,,,
5,33,0train,1test,transductive,0.5,crcs,245,144,144,1,left_hand,0.0,0.4097222222222222,0.4097222222222222,0.40396949777255375,0.2129629629629629,,,43.0,0.14930555555555555,1.0,0.6744186046511628,0.05405405405405406,1.0,0.43902235289545855,4.09198891388859,0.07199792634433394,1.933970264912792
5,44,0train,1test,transductive,0.5,clean,288,144,144,1,left_hand,0.0,0.3819444444444444,0.3819444444444444,0.35562648347568854,0.17592592592592593,,,,,,,,,,,,
5,44,0train,1test,transductive,0.5,poisoned,288,144,144,1,left_hand,0.9722222222222222,0.4652777777777778,0.4652777777777778,0.44863417538679423,0.2870370370370371,,,,,,,,,,,,
5,44,0train,1test,transductive,0.5,spectral_baseline,283,144,144,1,left_hand,0.9722222222222222,0.4166666666666667,0.41666666666666663,0.3923708268702414,0.2222222222222222,0.09850877204238333,0.016858829089908024,5.0,0.017361111111111112,0.0,0.0,0.019305019305019305,,,,,
5,44,0train,1test,transductive,0.5,crcs,245,144,144,1,left_hand,0.0,0.3541666666666667,0.35416666666666663,0.34058301249092265,0.13888888888888884,,,43.0,0.14930555555555555,1.0,0.6744186046511628,0.05405405405405406,1.0,0.5105657147150481,4.728087457278779,0.06842731067638376,2.2983675899213303
5,55,0train,1test,transductive,0.5,clean,288,144,144,1,left_hand,0.0,0.3958333333333333,0.39583333333333337,0.3924631279135916,0.19444444444444442,,,,,,,,,,,,
5,55,0train,1test,transductive,0.5,poisoned,288,144,144,1,left_hand,0.9537037037037037,0.4027777777777778,0.4027777777777778,0.4004812425098442,0.20370370370370372,,,,,,,,,,,,
5,55,0train,1test,transductive,0.5,spectral_baseline,279,144,144,1,left_hand,0.8888888888888888,0.4375,0.4375,0.4361684877989226,0.25,0.09646466361708986,0.016063473892879578,9.0,0.03125,0.13793103448275862,0.4444444444444444,0.019305019305019305,,,,,
5,55,0train,1test,transductive,0.5,crcs,245,144,144,1,left_hand,0.0,0.4166666666666667,0.41666666666666663,0.40462298535600105,0.2222222222222222,,,43.0,0.14930555555555555,1.0,0.6744186046511628,0.05405405405405406,1.0,0.5189532584978022,5.178031175678797,0.06881665917498944,2.298847429046284
5,11,0train,1test,transductive,0.75,clean,288,216,72,1,left_hand,0.0,0.4583333333333333,0.4583333333333333,0.45202020202020204,0.2777777777777778,,,,,,,,,,,,
5,11,0train,1test,transductive,0.75,poisoned,288,216,72,1,left_hand,0.9074074074074074,0.4861111111111111,0.4861111111111111,0.48358585858585856,0.31481481481481477,,,,,,,,,,,,
5,11,0train,1test,transductive,0.75,spectral_baseline,282,216,72,1,left_hand,0.9259259259259259,0.4722222222222222,0.4722222222222222,0.46746731529340224,0.2962962962962963,0.09779768839603128,0.016776068580078914,6.0,0.020833333333333332,0.034482758620689655,0.16666666666666666,0.019305019305019305,,,,,
5,11,0train,1test,transductive,0.75,crcs,245,216,72,1,left_hand,0.0,0.4305555555555556,0.4305555555555555,0.41963609363163856,0.2407407407407407,,,43.0,0.14930555555555555,1.0,0.6744186046511628,0.05405405405405406,1.0,0.5103440106107969,5.067772545197609,0.06146536667050731,2.2729950747111176
5,22,0train,1test,transductive,0.75,clean,288,216,72,1,left_hand,0.0,0.5555555555555556,0.5555555555555556,0.5232302118171683,0.40740740740740744,,,,,,,,,,,,
5,22,0train,1test,transductive,0.75,poisoned,288,216,72,1,left_hand,0.8888888888888888,0.5277777777777778,0.5277777777777778,0.5092958656330749,0.37037037037037035,,,,,,,,,,,,
5,22,0train,1test,transductive,0.75,spectral_baseline,282,216,72,1,left_hand,0.8148148148148148,0.5,0.5,0.47387169568020626,0.33333333333333337,0.09772641149253523,0.016662658865130138,6.0,0.020833333333333332,0.034482758620689655,0.16666666666666666,0.019305019305019305,,,,,
5,22,0train,1test,transductive,0.75,crcs,245,216,72,1,left_hand,0.0,0.4722222222222222,0.4722222222222222,0.46581089716873664,0.2962962962962963,,,43.0,0.14930555555555555,1.0,0.6744186046511628,0.05405405405405406,1.0,0.5222894375636896,5.030632126163393,0.053548135229853175,2.4155216198494145
5,33,0train,1test,transductive,0.75,clean,288,216,72,1,left_hand,0.0,0.4861111111111111,0.48611111111111116,0.4779304029304029,0.31481481481481477,,,,,,,,,,,,
5,33,0train,1test,transductive,0.75,poisoned,288,216,72,1,left_hand,0.9259259259259259,0.4305555555555556,0.4305555555555555,0.4306719553024972,0.2407407407407407,,,,,,,,,,,,
5,33,0train,1test,transductive,0.75,spectral_baseline,281,216,72,1,left_hand,0.9259259259259259,0.4722222222222222,0.4722222222222222,0.46764705882352936,0.2962962962962963,0.09690750858060924,0.016506318856398965,7.0,0.024305555555555556,0.034482758620689655,0.14285714285714285,0.023166023166023165,,,,,
5,33,0train,1test,transductive,0.75,crcs,245,216,72,1,left_hand,0.0,0.4583333333333333,0.4583333333333333,0.4585021728917078,0.2777777777777778,,,43.0,0.14930555555555555,1.0,0.6744186046511628,0.05405405405405406,1.0,0.47550625292667054,4.556651102605104,0.055905236326538876,2.1090409953809246
5,44,0train,1test,transductive,0.75,clean,288,216,72,1,left_hand,0.0,0.4166666666666667,0.41666666666666663,0.38701298701298703,0.2222222222222222,,,,,,,,,,,,
5,44,0train,1test,transductive,0.75,poisoned,288,216,72,1,left_hand,0.9629629629629629,0.4444444444444444,0.4444444444444445,0.4488425925925926,0.2592592592592593,,,,,,,,,,,,
5,44,0train,1test,transductive,0.75,spectral_baseline,283,216,72,1,left_hand,0.9444444444444444,0.3611111111111111,0.3611111111111111,0.35172413793103446,0.14814814814814814,0.09850877204238333,0.016858829089908024,5.0,0.017361111111111112,0.0,0.0,0.019305019305019305,,,,,
5,44,0train,1test,transductive,0.75,crcs,245,216,72,1,left_hand,0.0,0.4444444444444444,0.4444444444444444,0.43352745749462573,0.2592592592592593,,,43.0,0.14930555555555555,1.0,0.6744186046511628,0.05405405405405406,1.0,0.5366833114454264,5.124132248268956,0.059481731794860444,2.4378679902696625
5,55,0train,1test,transductive,0.75,clean,288,216,72,1,left_hand,0.0,0.4444444444444444,0.4444444444444444,0.4143589743589744,0.2592592592592593,,,,,,,,,,,,
5,55,0train,1test,transductive,0.75,poisoned,288,216,72,1,left_hand,0.9629629629629629,0.4722222222222222,0.4722222222222222,0.47722560288483207,0.2962962962962963,,,,,,,,,,,,
5,55,0train,1test,transductive,0.75,spectral_baseline,279,216,72,1,left_hand,0.9074074074074074,0.4444444444444444,0.4444444444444444,0.45001014404544537,0.2592592592592593,0.09646466361708986,0.016063473892879578,9.0,0.03125,0.13793103448275862,0.4444444444444444,0.019305019305019305,,,,,
5,55,0train,1test,transductive,0.75,crcs,245,216,72,1,left_hand,0.0,0.4861111111111111,0.4861111111111111,0.4726773226773227,0.31481481481481477,,,43.0,0.14930555555555555,1.0,0.6744186046511628,0.05405405405405406,1.0,0.4519530943409399,4.532050445227883,0.05409604941361829,2.1109532496756382
5,11,0train,1test,transductive,0.8,clean,288,232,56,1,left_hand,0.0,0.5892857142857143,0.5892857142857142,0.5883012820512821,0.45238095238095233,,,,,,,,,,,,
5,11,0train,1test,transductive,0.8,poisoned,288,232,56,1,left_hand,0.9285714285714286,0.4642857142857143,0.4642857142857143,0.4616637388376519,0.2857142857142857,,,,,,,,,,,,
5,11,0train,1test,transductive,0.8,spectral_baseline,282,232,56,1,left_hand,0.8809523809523809,0.48214285714285715,0.48214285714285715,0.4816672860151121,0.30952380952380953,0.09779768839603128,0.016776068580078914,6.0,0.020833333333333332,0.034482758620689655,0.16666666666666666,0.019305019305019305,,,,,
5,11,0train,1test,transductive,0.8,crcs,245,232,56,1,left_hand,0.0,0.4642857142857143,0.4642857142857143,0.45472739820565905,0.2857142857142857,,,43.0,0.14930555555555555,1.0,0.6744186046511628,0.05405405405405406,1.0,0.5129668443945158,5.165656364414685,0.056421637562867395,2.3082718141298337
5,22,0train,1test,transductive,0.8,clean,288,232,56,1,left_hand,0.0,0.5714285714285714,0.5714285714285714,0.5534391534391534,0.4285714285714286,,,,,,,,,,,,
5,22,0train,1test,transductive,0.8,poisoned,288,232,56,1,left_hand,0.9047619047619048,0.6071428571428571,0.6071428571428572,0.6064433416046319,0.47619047619047616,,,,,,,,,,,,
5,22,0train,1test,transductive,0.8,spectral_baseline,282,232,56,1,left_hand,0.8809523809523809,0.625,0.625,0.6242510058102262,0.5,0.09772641149253523,0.016662658865130138,6.0,0.020833333333333332,0.034482758620689655,0.16666666666666666,0.019305019305019305,,,,,
5,22,0train,1test,transductive,0.8,crcs,245,232,56,1,left_hand,0.0,0.5714285714285714,0.5714285714285714,0.5554713570634038,0.4285714285714286,,,43.0,0.14930555555555555,1.0,0.6744186046511628,0.05405405405405406,1.0,0.5080664529739753,4.87928653742532,0.056449007271664686,2.323762996787853
5,33,0train,1test,transductive,0.8,clean,288,232,56,1,left_hand,0.0,0.5,0.5,0.5006385696040868,0.33333333333333337,,,,,,,,,,,,
5,33,0train,1test,transductive,0.8,poisoned,288,232,56,1,left_hand,0.9047619047619048,0.42857142857142855,0.4285714285714286,0.4148484848484848,0.23809523809523814,,,,,,,,,,,,
5,33,0train,1test,transductive,0.8,spectral_baseline,281,232,56,1,left_hand,0.8809523809523809,0.4642857142857143,0.4642857142857143,0.4515318015318015,0.2857142857142857,0.09690750858060924,0.016506318856398965,7.0,0.024305555555555556,0.034482758620689655,0.14285714285714285,0.023166023166023165,,,,,
5,33,0train,1test,transductive,0.8,crcs,245,232,56,1,left_hand,0.0,0.4642857142857143,0.4642857142857143,0.4667884385626322,0.2857142857142857,,,43.0,0.14930555555555555,1.0,0.6744186046511628,0.05405405405405406,1.0,0.4791618170732403,4.5982145222763195,0.05327193756244537,2.1765174695455136
5,44,0train,1test,transductive,0.8,clean,288,232,56,1,left_hand,0.0,0.4642857142857143,0.4642857142857143,0.44323593073593076,0.2857142857142857,,,,,,,,,,,,
5,44,0train,1test,transductive,0.8,poisoned,288,232,56,1,left_hand,0.9523809523809523,0.4107142857142857,0.41071428571428575,0.41959308807134893,0.2142857142857143,,,,,,,,,,,,
5,44,0train,1test,transductive,0.8,spectral_baseline,283,232,56,1,left_hand,0.9523809523809523,0.39285714285714285,0.39285714285714285,0.39710526315789474,0.19047619047619047,0.09850877204238333,0.016858829089908024,5.0,0.017361111111111112,0.0,0.0,0.019305019305019305,,,,,
5,44,0train,1test,transductive,0.8,crcs,245,232,56,1,left_hand,0.0,0.44642857142857145,0.4464285714285714,0.4386904761904762,0.26190476190476186,,,43.0,0.14930555555555555,1.0,0.6744186046511628,0.05405405405405406,1.0,0.5450617982991355,5.226363479976394,0.05474134693712133,2.5160923384650618
5,55,0train,1test,transductive,0.8,clean,288,232,56,1,left_hand,0.0,0.42857142857142855,0.42857142857142855,0.392921146953405,0.23809523809523814,,,,,,,,,,,,
5,55,0train,1test,transductive,0.8,poisoned,288,232,56,1,left_hand,1.0,0.4107142857142857,0.4107142857142857,0.4068131868131868,0.2142857142857143,,,,,,,,,,,,
5,55,0train,1test,transductive,0.8,spectral_baseline,279,232,56,1,left_hand,0.9523809523809523,0.39285714285714285,0.39285714285714285,0.39498939498939495,0.19047619047619047,0.09646466361708986,0.016063473892879578,9.0,0.03125,0.13793103448275862,0.4444444444444444,0.019305019305019305,,,,,
5,55,0train,1test,transductive,0.8,crcs,245,232,56,1,left_hand,0.0,0.42857142857142855,0.4285714285714286,0.4334355299872541,0.23809523809523814,,,43.0,0.14930555555555555,1.0,0.6744186046511628,0.05405405405405406,1.0,0.4595365118370791,4.638757211733174,0.052824990718418945,2.1535855402307225
6,11,0train,1test,inductive,0.0,clean,288,0,288,1,left_hand,0.0,0.4965277777777778,0.4965277777777778,0.4875638306812396,0.3287037037037037,,,,,,,,,,,,
6,11,0train,1test,inductive,0.0,poisoned,288,0,288,1,left_hand,0.5509259259259259,0.3923611111111111,0.3923611111111111,0.35589750574654433,0.18981481481481477,,,,,,,,,,,,
6,11,0train,1test,inductive,0.0,spectral_baseline,288,0,288,1,left_hand,0.5509259259259259,0.3923611111111111,0.3923611111111111,0.35589750574654433,0.18981481481481477,0.2137059205074966,0.03908738303092592,0.0,0.0,0.0,0.0,0.0,,,,,
6,11,0train,1test,inductive,0.0,crcs,245,0,288,1,left_hand,0.3148148148148148,0.4479166666666667,0.4479166666666667,0.43734619636258987,0.26388888888888884,,,43.0,0.14930555555555555,0.0,0.0,0.16602316602316602,0.0,0.07061615352906492,0.5223344979086177,0.004938041135441487,0.0872421118463701
6,22,0train,1test,inductive,0.0,clean,288,0,288,1,left_hand,0.0,0.4965277777777778,0.4965277777777778,0.4875638306812396,0.3287037037037037,,,,,,,,,,,,
6,22,0train,1test,inductive,0.0,poisoned,288,0,288,1,left_hand,0.2222222222222222,0.4236111111111111,0.42361111111111116,0.402810024044116,0.2314814814814815,,,,,,,,,,,,
6,22,0train,1test,inductive,0.0,spectral_baseline,288,0,288,1,left_hand,0.2222222222222222,0.4236111111111111,0.42361111111111116,0.402810024044116,0.2314814814814815,0.21353185723568496,0.03936695648383412,0.0,0.0,0.0,0.0,0.0,,,,,
6,22,0train,1test,inductive,0.0,crcs,245,0,288,1,left_hand,0.5462962962962963,0.40625,0.40625,0.39969207276498936,0.20833333333333337,,,43.0,0.14930555555555555,0.0,0.0,0.16602316602316602,0.0,0.06912201574158733,0.5302134218734604,0.0036036813150074304,0.08267273834788108
6,33,0train,1test,inductive,0.0,clean,288,0,288,1,left_hand,0.0,0.4965277777777778,0.4965277777777778,0.4875638306812396,0.3287037037037037,,,,,,,,,,,,
6,33,0train,1test,inductive,0.0,poisoned,288,0,288,1,left_hand,0.16203703703703703,0.4583333333333333,0.45833333333333337,0.44827150042390473,0.2777777777777778,,,,,,,,,,,,
6,33,0train,1test,inductive,0.0,spectral_baseline,287,0,288,1,left_hand,0.13425925925925927,0.46875,0.46875,0.4611059949899098,0.29166666666666663,0.2126189076796136,0.03755548155199283,1.0,0.003472222222222222,0.0,0.0,0.003861003861003861,,,,,
6,33,0train,1test,inductive,0.0,crcs,245,0,288,1,left_hand,0.09259259259259259,0.3854166666666667,0.3854166666666667,0.3352100187394305,0.18055555555555558,,,43.0,0.14930555555555555,0.0,0.0,0.16602316602316602,0.0,0.06745259138069853,0.4594644460972537,-0.00043933406204135696,0.08272287119740948
6,44,0train,1test,inductive,0.0,clean,288,0,288,1,left_hand,0.0,0.4965277777777778,0.4965277777777778,0.4875638306812396,0.3287037037037037,,,,,,,,,,,,
6,44,0train,1test,inductive,0.0,poisoned,288,0,288,1,left_hand,0.1388888888888889,0.4444444444444444,0.4444444444444444,0.4317859002007883,0.2592592592592593,,,,,,,,,,,,
6,44,0train,1test,inductive,0.0,spectral_baseline,287,0,288,1,left_hand,0.14814814814814814,0.4340277777777778,0.4340277777777778,0.4244646430265899,0.24537037037037035,0.21151438422104735,0.03722029287127976,1.0,0.003472222222222222,0.0,0.0,0.003861003861003861,,,,,
6,44,0train,1test,inductive,0.0,crcs,245,0,288,1,left_hand,0.20833333333333334,0.4027777777777778,0.4027777777777778,0.37138242894056844,0.20370370370370372,,,43.0,0.14930555555555555,0.0,0.0,0.16602316602316602,0.0,0.06884509875781629,0.4735906490063113,0.0007810886783366904,0.07674825386323236
6,55,0train,1test,inductive,0.0,clean,288,0,288,1,left_hand,0.0,0.4965277777777778,0.4965277777777778,0.4875638306812396,0.3287037037037037,,,,,,,,,,,,
6,55,0train,1test,inductive,0.0,poisoned,288,0,288,1,left_hand,0.2037037037037037,0.4791666666666667,0.4791666666666667,0.4791699878321503,0.3055555555555556,,,,,,,,,,,,
6,55,0train,1test,inductive,0.0,spectral_baseline,288,0,288,1,left_hand,0.2037037037037037,0.4791666666666667,0.4791666666666667,0.4791699878321503,0.3055555555555556,0.2128959336059216,0.03873103285407076,0.0,0.0,0.0,0.0,0.0,,,,,
6,55,0train,1test,inductive,0.0,crcs,245,0,288,1,left_hand,0.2824074074074074,0.4409722222222222,0.4409722222222222,0.4239153336773306,0.25462962962962965,,,43.0,0.14930555555555555,0.0,0.0,0.16602316602316602,0.0,0.07033039040867221,0.463587989392784,0.0022488855426517347,0.08060641045813967
6,11,0train,1test,inductive,0.1,clean,288,28,260,1,left_hand,0.0,0.5153846153846153,0.5153846153846154,0.5131772756209962,0.3538461538461538,,,,,,,,,,,,
6,11,0train,1test,inductive,0.1,poisoned,288,28,260,1,left_hand,0.29743589743589743,0.46153846153846156,0.46153846153846156,0.45447131446390676,0.28205128205128205,,,,,,,,,,,,
6,11,0train,1test,inductive,0.1,spectral_baseline,288,28,260,1,left_hand,0.29743589743589743,0.46153846153846156,0.46153846153846156,0.45447131446390676,0.28205128205128205,0.2137059205074966,0.03908738303092592,0.0,0.0,0.0,0.0,0.0,,,,,
6,11,0train,1test,inductive,0.1,crcs,245,28,260,1,left_hand,0.3435897435897436,0.48846153846153845,0.4884615384615385,0.48478430421053376,0.31794871794871793,,,43.0,0.14930555555555555,0.3448275862068966,0.23255813953488372,0.1274131274131274,1.0,0.14867140911370022,0.7220638135190316,0.07120286665268963,0.6962839194233595
6,22,0train,1test,inductive,0.1,clean,288,28,260,1,left_hand,0.041025641025641026,0.49615384615384617,0.49615384615384617,0.4917568834714494,0.32820512820512826,,,,,,,,,,,,
6,22,0train,1test,inductive,0.1,poisoned,288,28,260,1,left_hand,0.5076923076923077,0.4807692307692308,0.48076923076923084,0.47783164259274724,0.3076923076923077,,,,,,,,,,,,
6,22,0train,1test,inductive,0.1,spectral_baseline,288,28,260,1,left_hand,0.5076923076923077,0.4807692307692308,0.48076923076923084,0.47783164259274724,0.3076923076923077,0.21353185723568496,0.03936695648383412,0.0,0.0,0.0,0.0,0.0,,,,,
6,22,0train,1test,inductive,0.1,crcs,245,28,260,1,left_hand,0.9846153846153847,0.47692307692307695,0.47692307692307695,0.46868664446910846,0.3025641025641026,,,43.0,0.14930555555555555,0.896551724137931,0.6046511627906976,0.06563706563706563,1.0,0.21754672541306597,1.0327279311959543,0.10171513534909732,0.4029310661695822
6,33,0train,1test,inductive,0.1,clean,288,28,260,1,left_hand,0.0,0.5038461538461538,0.5038461538461538,0.5006501482024577,0.3384615384615385,,,,,,,,,,,,
6,33,0train,1test,inductive,0.1,poisoned,288,28,260,1,left_hand,0.38974358974358975,0.4307692307692308,0.43076923076923074,0.4225097517281212,0.24102564102564106,,,,,,,,,,,,
6,33,0train,1test,inductive,0.1,spectral_baseline,287,28,260,1,left_hand,0.35384615384615387,0.4269230769230769,0.42692307692307696,0.41671579261774505,0.23589743589743595,0.2126189076796136,0.03755548155199283,1.0,0.003472222222222222,0.0,0.0,0.003861003861003861,,,,,
6,33,0train,1test,inductive,0.1,crcs,245,28,260,1,left_hand,0.41025641025641024,0.4076923076923077,0.4076923076923077,0.39638593915477494,0.2102564102564103,,,43.0,0.14930555555555555,0.1724137931034483,0.11627906976744186,0.14671814671814673,1.0,0.1579197247753114,0.6494857075702305,0.10844810400735198,0.37644588858387856
6,44,0train,1test,inductive,0.1,clean,288,28,260,1,left_hand,0.0,0.47692307692307695,0.4769230769230769,0.47292389462994766,0.3025641025641026,,,,,,,,,,,,
6,44,0train,1test,inductive,0.1,poisoned,288,28,260,1,left_hand,0.40512820512820513,0.4230769230769231,0.4230769230769231,0.4178721253031764,0.23076923076923073,,,,,,,,,,,,
6,44,0train,1test,inductive,0.1,spectral_baseline,287,28,260,1,left_hand,0.41025641025641024,0.4346153846153846,0.4346153846153846,0.42984216536190245,0.24615384615384617,0.21151438422104735,0.03722029287127976,1.0,0.003472222222222222,0.0,0.0,0.003861003861003861,,,,,
6,44,0train,1test,inductive,0.1,crcs,245,28,260,1,left_hand,0.9794871794871794,0.4423076923076923,0.4423076923076923,0.4374980496177251,0.2564102564102564,,,43.0,0.14930555555555555,0.9310344827586207,0.627906976744186,0.06177606177606178,1.0,0.16734739012037458,0.8844675829905047,0.09300693881951166,0.5606245175330785
6,55,0train,1test,inductive,0.1,clean,288,28,260,1,left_hand,0.0,0.49615384615384617,0.49615384615384617,0.4957417519851412,0.32820512820512826,,,,,,,,,,,,
6,55,0train,1test,inductive,0.1,poisoned,288,28,260,1,left_hand,0.5538461538461539,0.49230769230769234,0.49230769230769234,0.4888074831171556,0.32307692307692304,,,,,,,,,,,,
6,55,0train,1test,inductive,0.1,spectral_baseline,288,28,260,1,left_hand,0.5538461538461539,0.49230769230769234,0.49230769230769234,0.4888074831171556,0.32307692307692304,0.2128959336059216,0.03873103285407076,0.0,0.0,0.0,0.0,0.0,,,,,
6,55,0train,1test,inductive,0.1,crcs,245,28,260,1,left_hand,0.9282051282051282,0.4576923076923077,0.4576923076923077,0.4515337433551462,0.27692307692307694,,,43.0,0.14930555555555555,0.8620689655172413,0.5813953488372093,0.0694980694980695,1.0,0.23712103876755963,1.0178634915217506,0.09697878116059794,0.03583907548136914
6,11,0train,1test,inductive,0.25,clean,288,72,216,1,left_hand,0.0,0.5277777777777778,0.5277777777777778,0.527237743015643,0.37037037037037035,,,,,,,,,,,,
6,11,0train,1test,inductive,0.25,poisoned,288,72,216,1,left_hand,1.0,0.39814814814814814,0.39814814814814814,0.3740384019092687,0.19753086419753085,,,,,,,,,,,,
6,11,0train,1test,inductive,0.25,spectral_baseline,288,72,216,1,left_hand,1.0,0.39814814814814814,0.39814814814814814,0.3740384019092687,0.19753086419753085,0.2137059205074966,0.03908738303092592,0.0,0.0,0.0,0.0,0.0,,,,,
6,11,0train,1test,inductive,0.25,crcs,245,72,216,1,left_hand,0.9753086419753086,0.39814814814814814,0.39814814814814814,0.38484122637128104,0.19753086419753085,,,43.0,0.14930555555555555,0.3103448275862069,0.20930232558139536,0.13127413127413126,1.0,0.10533456968350913,0.606806381094663,0.05650912347639588,0.3158599984745881
6,22,0train,1test,inductive,0.25,clean,288,72,216,1,left_hand,0.0,0.46296296296296297,0.46296296296296297,0.46217056163039183,0.28395061728395066,,,,,,,,,,,,
6,22,0train,1test,inductive,0.25,poisoned,288,72,216,1,left_hand,0.9938271604938271,0.3611111111111111,0.36111111111111105,0.34706207886894913,0.14814814814814814,,,,,,,,,,,,
6,22,0train,1test,inductive,0.25,spectral_baseline,288,72,216,1,left_hand,0.9938271604938271,0.3611111111111111,0.36111111111111105,0.34706207886894913,0.14814814814814814,0.21353185723568496,0.03936695648383412,0.0,0.0,0.0,0.0,0.0,,,,,
6,22,0train,1test,inductive,0.25,crcs,245,72,216,1,left_hand,0.7777777777777778,0.44907407407407407,0.4490740740740741,0.4475865206936379,0.26543209876543206,,,43.0,0.14930555555555555,0.7931034482758621,0.5348837209302325,0.07722007722007722,1.0,0.14343158159743566,0.6285819367714245,0.07541218255068333,0.2215594334169236
6,33,0train,1test,inductive,0.25,clean,288,72,216,1,left_hand,0.0,0.5231481481481481,0.5231481481481481,0.5218309267222311,0.3641975308641975,,,,,,,,,,,,
6,33,0train,1test,inductive,0.25,poisoned,288,72,216,1,left_hand,1.0,0.42592592592592593,0.4259259259259259,0.3977436821566987,0.23456790123456794,,,,,,,,,,,,
6,33,0train,1test,inductive,0.25,spectral_baseline,287,72,216,1,left_hand,1.0,0.4398148148148148,0.4398148148148148,0.4205296247376581,0.25308641975308643,0.2126189076796136,0.03755548155199283,1.0,0.003472222222222222,0.0,0.0,0.003861003861003861,,,,,
6,33,0train,1test,inductive,0.25,crcs,245,72,216,1,left_hand,0.845679012345679,0.4583333333333333,0.4583333333333333,0.44784279369218855,0.2777777777777778,,,43.0,0.14930555555555555,0.7931034482758621,0.5348837209302325,0.07722007722007722,1.0,0.09344937954597518,0.41911819653253146,0.06371900011254274,0.3825567976364288
6,44,0train,1test,inductive,0.25,clean,288,72,216,1,left_hand,0.0,0.5,0.5,0.49936590702857075,0.33333333333333337,,,,,,,,,,,,
6,44,0train,1test,inductive,0.25,poisoned,288,72,216,1,left_hand,1.0,0.35648148148148145,0.3564814814814815,0.3360140552086305,0.14197530864197527,,,,,,,,,,,,
6,44,0train,1test,inductive,0.25,spectral_baseline,287,72,216,1,left_hand,1.0,0.37962962962962965,0.37962962962962965,0.3679534076039453,0.1728395061728395,0.21151438422104735,0.03722029287127976,1.0,0.003472222222222222,0.0,0.0,0.003861003861003861,,,,,
6,44,0train,1test,inductive,0.25,crcs,245,72,216,1,left_hand,0.9506172839506173,0.3888888888888889,0.3888888888888889,0.38194450872402463,0.18518518518518523,,,43.0,0.14930555555555555,0.3448275862068966,0.23255813953488372,0.1274131274131274,1.0,0.10368483000251848,0.44668335582438745,0.061967488882170914,0.2153235433815042
6,55,0train,1test,inductive,0.25,clean,288,72,216,1,left_hand,0.0,0.5,0.5,0.49354383363458926,0.33333333333333337,,,,,,,,,,,,
6,55,0train,1test,inductive,0.25,poisoned,288,72,216,1,left_hand,1.0,0.42592592592592593,0.42592592592592593,0.3937037112316442,0.23456790123456794,,,,,,,,,,,,
6,55,0train,1test,inductive,0.25,spectral_baseline,288,72,216,1,left_hand,1.0,0.42592592592592593,0.42592592592592593,0.3937037112316442,0.23456790123456794,0.2128959336059216,0.03873103285407076,0.0,0.0,0.0,0.0,0.0,,,,,
6,55,0train,1test,inductive,0.25,crcs,245,72,216,1,left_hand,0.7469135802469136,0.4722222222222222,0.4722222222222222,0.4660327628198712,0.2962962962962963,,,43.0,0.14930555555555555,0.9310344827586207,0.627906976744186,0.06177606177606178,1.0,0.14434768153305788,0.896122147194172,0.07329320984812468,0.3931677330185506
6,11,0train,1test,inductive,0.5,clean,288,144,144,1,left_hand,0.0,0.5277777777777778,0.5277777777777779,0.5292950286841377,0.37037037037037035,,,,,,,,,,,,
6,11,0train,1test,inductive,0.5,poisoned,288,144,144,1,left_hand,0.9907407407407407,0.4583333333333333,0.45833333333333337,0.43717370757401985,0.2777777777777778,,,,,,,,,,,,
6,11,0train,1test,inductive,0.5,spectral_baseline,288,144,144,1,left_hand,0.9907407407407407,0.4583333333333333,0.45833333333333337,0.43717370757401985,0.2777777777777778,0.2137059205074966,0.03908738303092592,0.0,0.0,0.0,0.0,0.0,,,,,
6,11,0train,1test,inductive,0.5,crcs,245,144,144,1,left_hand,0.8333333333333334,0.5208333333333334,0.5208333333333334,0.5152011680726801,0.36111111111111116,,,43.0,0.14930555555555555,0.6896551724137931,0.46511627906976744,0.0888030888030888,1.0,0.11150775494241064,0.6069487154846671,0.05380595640794436,0.2745664965810443
6,22,0train,1test,inductive,0.5,clean,288,144,144,1,left_hand,0.0,0.5138888888888888,0.5138888888888888,0.5174246267383522,0.35185185185185186,,,,,,,,,,,,
6,22,0train,1test,inductive,0.5,poisoned,288,144,144,1,left_hand,1.0,0.4583333333333333,0.4583333333333333,0.44635588292304706,0.2777777777777778,,,,,,,,,,,,
6,22,0train,1test,inductive,0.5,spectral_baseline,288,144,144,1,left_hand,1.0,0.4583333333333333,0.4583333333333333,0.44635588292304706,0.2777777777777778,0.21353185723568496,0.03936695648383412,0.0,0.0,0.0,0.0,0.0,,,,,
6,22,0train,1test,inductive,0.5,crcs,245,144,144,1,left_hand,0.6388888888888888,0.4930555555555556,0.4930555555555556,0.49173160173160174,0.32407407407407407,,,43.0,0.14930555555555555,0.7931034482758621,0.5348837209302325,0.07722007722007722,1.0,0.12807448577344024,0.6685236911912147,0.059371069305167716,0.261963396949489
6,33,0train,1test,inductive,0.5,clean,288,144,144,1,left_hand,0.0,0.5138888888888888,0.5138888888888888,0.5106322535354794,0.35185185185185186,,,,,,,,,,,,
6,33,0train,1test,inductive,0.5,poisoned,288,144,144,1,left_hand,1.0,0.4513888888888889,0.4513888888888889,0.4339885178481597,0.2685185185185185,,,,,,,,,,,,
6,33,0train,1test,inductive,0.5,spectral_baseline,287,144,144,1,left_hand,1.0,0.4513888888888889,0.4513888888888889,0.43426174189187555,0.2685185185185185,0.2126189076796136,0.03755548155199283,1.0,0.003472222222222222,0.0,0.0,0.003861003861003861,,,,,
6,33,0train,1test,inductive,0.5,crcs,245,144,144,1,left_hand,0.7314814814814815,0.5138888888888888,0.513888888888889,0.5006272539034636,0.35185185185185186,,,43.0,0.14930555555555555,0.7241379310344828,0.4883720930232558,0.08494208494208494,1.0,0.08218514013628578,0.44087503701671293,0.04753510997525321,0.21215331648165314
6,44,0train,1test,inductive,0.5,clean,288,144,144,1,left_hand,0.0,0.4722222222222222,0.4722222222222222,0.4717380088782416,0.2962962962962963,,,,,,,,,,,,
6,44,0train,1test,inductive,0.5,poisoned,288,144,144,1,left_hand,1.0,0.4444444444444444,0.4444444444444444,0.4465929008613821,0.2592592592592593,,,,,,,,,,,,
6,44,0train,1test,inductive,0.5,spectral_baseline,287,144,144,1,left_hand,1.0,0.4236111111111111,0.4236111111111111,0.42390301646535505,0.2314814814814815,0.21151438422104735,0.03722029287127976,1.0,0.003472222222222222,0.0,0.0,0.003861003861003861,,,,,
6,44,0train,1test,inductive,0.5,crcs,245,144,144,1,left_hand,0.8611111111111112,0.4861111111111111,0.4861111111111111,0.48567220050464355,0.31481481481481477,,,43.0,0.14930555555555555,0.7586206896551724,0.5116279069767442,0.08108108108108109,1.0,0.09209401320690559,0.6254372763824547,0.04319743249187377,0.17663523927849722
6,55,0train,1test,inductive,0.5,clean,288,144,144,1,left_hand,0.0,0.5277777777777778,0.5277777777777778,0.527534551733941,0.37037037037037035,,,,,,,,,,,,
6,55,0train,1test,inductive,0.5,poisoned,288,144,144,1,left_hand,0.9907407407407407,0.5,0.5,0.4860470906245554,0.33333333333333337,,,,,,,,,,,,
6,55,0train,1test,inductive,0.5,spectral_baseline,288,144,144,1,left_hand,0.9907407407407407,0.5,0.5,0.4860470906245554,0.33333333333333337,0.2128959336059216,0.03873103285407076,0.0,0.0,0.0,0.0,0.0,,,,,
6,55,0train,1test,inductive,0.5,crcs,245,144,144,1,left_hand,0.8240740740740741,0.4930555555555556,0.4930555555555556,0.47875498875950395,0.32407407407407407,,,43.0,0.14930555555555555,0.8620689655172413,0.5813953488372093,0.0694980694980695,1.0,0.09652332705790073,0.6182817218536003,0.048620190907518374,0.3157562639256605
6,11,0train,1test,inductive,0.75,clean,288,216,72,1,left_hand,0.0,0.5416666666666666,0.5416666666666667,0.5374785725416862,0.38888888888888884,,,,,,,,,,,,
6,11,0train,1test,inductive,0.75,poisoned,288,216,72,1,left_hand,1.0,0.5416666666666666,0.5416666666666666,0.5374387254901961,0.38888888888888884,,,,,,,,,,,,
6,11,0train,1test,inductive,0.75,spectral_baseline,288,216,72,1,left_hand,1.0,0.5416666666666666,0.5416666666666666,0.5374387254901961,0.38888888888888884,0.2137059205074966,0.03908738303092592,0.0,0.0,0.0,0.0,0.0,,,,,
6,11,0train,1test,inductive,0.75,crcs,245,216,72,1,left_hand,0.7037037037037037,0.5833333333333334,0.5833333333333334,0.579244515127229,0.4444444444444444,,,43.0,0.14930555555555555,0.7931034482758621,0.5348837209302325,0.07722007722007722,1.0,0.09981469216970956,0.570937917267796,0.04498814679947295,0.29975167647290957
6,22,0train,1test,inductive,0.75,clean,288,216,72,1,left_hand,0.0,0.5694444444444444,0.5694444444444444,0.5753023160483706,0.42592592592592593,,,,,,,,,,,,
6,22,0train,1test,inductive,0.75,poisoned,288,216,72,1,left_hand,0.9814814814814815,0.5,0.49999999999999994,0.4830316742081448,0.33333333333333337,,,,,,,,,,,,
6,22,0train,1test,inductive,0.75,spectral_baseline,288,216,72,1,left_hand,0.9814814814814815,0.5,0.49999999999999994,0.4830316742081448,0.33333333333333337,0.21353185723568496,0.03936695648383412,0.0,0.0,0.0,0.0,0.0,,,,,
6,22,0train,1test,inductive,0.75,crcs,245,216,72,1,left_hand,0.7592592592592593,0.4583333333333333,0.4583333333333333,0.44852414083913134,0.2777777777777778,,,43.0,0.14930555555555555,0.7931034482758621,0.5348837209302325,0.07722007722007722,1.0,0.10496007072897633,0.600000187398622,0.046795926339846805,0.2759023294522957
6,33,0train,1test,inductive,0.75,clean,288,216,72,1,left_hand,0.0,0.5416666666666666,0.5416666666666666,0.5420410783055198,0.38888888888888884,,,,,,,,,,,,
6,33,0train,1test,inductive,0.75,poisoned,288,216,72,1,left_hand,0.9629629629629629,0.4583333333333333,0.45833333333333337,0.4406569079244601,0.2777777777777778,,,,,,,,,,,,
6,33,0train,1test,inductive,0.75,spectral_baseline,287,216,72,1,left_hand,0.9629629629629629,0.4583333333333333,0.45833333333333337,0.4409389517764837,0.2777777777777778,0.2126189076796136,0.03755548155199283,1.0,0.003472222222222222,0.0,0.0,0.003861003861003861,,,,,
6,33,0train,1test,inductive,0.75,crcs,245,216,72,1,left_hand,0.6481481481481481,0.4722222222222222,0.4722222222222222,0.4726220016542597,0.2962962962962963,,,43.0,0.14930555555555555,0.6551724137931034,0.4418604651162791,0.09266409266409266,1.0,0.07278353153171488,0.3770199310237149,0.03546973222669377,0.19113205499821254
6,44,0train,1test,inductive,0.75,clean,288,216,72,1,left_hand,0.0,0.5694444444444444,0.5694444444444444,0.5693677755597261,0.42592592592592593,,,,,,,,,,,,
6,44,0train,1test,inductive,0.75,poisoned,288,216,72,1,left_hand,0.9814814814814815,0.5138888888888888,0.5138888888888888,0.521230945356199,0.35185185185185186,,,,,,,,,,,,
6,44,0train,1test,inductive,0.75,spectral_baseline,287,216,72,1,left_hand,0.9629629629629629,0.4444444444444444,0.4444444444444444,0.4488706587566432,0.2592592592592593,0.21151438422104735,0.03722029287127976,1.0,0.003472222222222222,0.0,0.0,0.003861003861003861,,,,,
6,44,0train,1test,inductive,0.75,crcs,245,216,72,1,left_hand,0.6111111111111112,0.4722222222222222,0.4722222222222222,0.47362685265911075,0.2962962962962963,,,43.0,0.14930555555555555,0.7241379310344828,0.4883720930232558,0.08494208494208494,1.0,0.08907880448379259,0.5912914248329899,0.041288659426460865,0.14393138660768265
6,55,0train,1test,inductive,0.75,clean,288,216,72,1,left_hand,0.0,0.5833333333333334,0.5833333333333333,0.5886760169654905,0.4444444444444444,,,,,,,,,,,,
6,55,0train,1test,inductive,0.75,poisoned,288,216,72,1,left_hand,1.0,0.5,0.49999999999999994,0.4926597247852543,0.33333333333333337,,,,,,,,,,,,
6,55,0train,1test,inductive,0.75,spectral_baseline,288,216,72,1,left_hand,1.0,0.5,0.49999999999999994,0.4926597247852543,0.33333333333333337,0.2128959336059216,0.03873103285407076,0.0,0.0,0.0,0.0,0.0,,,,,
6,55,0train,1test,inductive,0.75,crcs,245,216,72,1,left_hand,0.7222222222222222,0.5694444444444444,0.5694444444444444,0.5630254707341994,0.42592592592592593,,,43.0,0.14930555555555555,0.8620689655172413,0.5813953488372093,0.0694980694980695,1.0,0.09828530945601412,0.7447777837669189,0.036179700123702335,0.37593520271261444
6,11,0train,1test,inductive,0.8,clean,288,232,56,1,left_hand,0.0,0.5714285714285714,0.5714285714285714,0.5714068179585421,0.4285714285714286,,,,,,,,,,,,
6,11,0train,1test,inductive,0.8,poisoned,288,232,56,1,left_hand,0.9761904761904762,0.5892857142857143,0.5892857142857143,0.5839657048352701,0.45238095238095233,,,,,,,,,,,,
6,11,0train,1test,inductive,0.8,spectral_baseline,288,232,56,1,left_hand,0.9761904761904762,0.5892857142857143,0.5892857142857143,0.5839657048352701,0.45238095238095233,0.2137059205074966,0.03908738303092592,0.0,0.0,0.0,0.0,0.0,,,,,
6,11,0train,1test,inductive,0.8,crcs,245,232,56,1,left_hand,0.6428571428571429,0.625,0.625,0.6258979885057471,0.5,,,43.0,0.14930555555555555,0.7931034482758621,0.5348837209302325,0.07722007722007722,1.0,0.09219806749541228,0.5590585496810334,0.038848891732185725,0.33604361618847406
6,22,0train,1test,inductive,0.8,clean,288,232,56,1,left_hand,0.0,0.5714285714285714,0.5714285714285714,0.5734355044699873,0.4285714285714286,,,,,,,,,,,,
6,22,0train,1test,inductive,0.8,poisoned,288,232,56,1,left_hand,1.0,0.5178571428571429,0.5178571428571428,0.5104775828460039,0.3571428571428571,,,,,,,,,,,,
6,22,0train,1test,inductive,0.8,spectral_baseline,288,232,56,1,left_hand,1.0,0.5178571428571429,0.5178571428571428,0.5104775828460039,0.3571428571428571,0.21353185723568496,0.03936695648383412,0.0,0.0,0.0,0.0,0.0,,,,,
6,22,0train,1test,inductive,0.8,crcs,245,232,56,1,left_hand,0.4523809523809524,0.5535714285714286,0.5535714285714286,0.5541935483870968,0.40476190476190477,,,43.0,0.14930555555555555,0.9310344827586207,0.627906976744186,0.06177606177606178,1.0,0.10117476956973077,0.6252969563618862,0.044132103135193224,0.28441219972072207
6,33,0train,1test,inductive,0.8,clean,288,232,56,1,left_hand,0.0,0.48214285714285715,0.4821428571428571,0.4868558860494344,0.30952380952380953,,,,,,,,,,,,
6,33,0train,1test,inductive,0.8,poisoned,288,232,56,1,left_hand,0.9285714285714286,0.5178571428571429,0.5178571428571429,0.5055327066196631,0.3571428571428571,,,,,,,,,,,,
6,33,0train,1test,inductive,0.8,spectral_baseline,287,232,56,1,left_hand,0.9285714285714286,0.5,0.5,0.4840297713981925,0.33333333333333337,0.2126189076796136,0.03755548155199283,1.0,0.003472222222222222,0.0,0.0,0.003861003861003861,,,,,
6,33,0train,1test,inductive,0.8,crcs,245,232,56,1,left_hand,0.6666666666666666,0.48214285714285715,0.4821428571428571,0.47914315569487986,0.30952380952380953,,,43.0,0.14930555555555555,0.6896551724137931,0.46511627906976744,0.0888030888030888,1.0,0.07513902773386125,0.4075168503260599,0.03730338447323708,0.22256429714396392
6,44,0train,1test,inductive,0.8,clean,288,232,56,1,left_hand,0.0,0.5714285714285714,0.5714285714285714,0.5696435676392573,0.4285714285714286,,,,,,,,,,,,
6,44,0train,1test,inductive,0.8,poisoned,288,232,56,1,left_hand,0.9047619047619048,0.5178571428571429,0.5178571428571428,0.5239153439153439,0.3571428571428571,,,,,,,,,,,,
6,44,0train,1test,inductive,0.8,spectral_baseline,287,232,56,1,left_hand,0.9047619047619048,0.5178571428571429,0.5178571428571428,0.5249472749472749,0.3571428571428571,0.21151438422104735,0.03722029287127976,1.0,0.003472222222222222,0.0,0.0,0.003861003861003861,,,,,
6,44,0train,1test,inductive,0.8,crcs,245,232,56,1,left_hand,0.5714285714285714,0.6071428571428571,0.6071428571428572,0.6081481481481481,0.47619047619047616,,,43.0,0.14930555555555555,0.7241379310344828,0.4883720930232558,0.08494208494208494,1.0,0.08590661917254613,0.5847308928603139,0.040059500617073356,0.1621805042382402
6,55,0train,1test,inductive,0.8,clean,288,232,56,1,left_hand,0.0,0.5535714285714286,0.5535714285714286,0.5520434227330779,0.40476190476190477,,,,,,,,,,,,
6,55,0train,1test,inductive,0.8,poisoned,288,232,56,1,left_hand,0.9761904761904762,0.48214285714285715,0.4821428571428571,0.4770064462718136,0.30952380952380953,,,,,,,,,,,,
6,55,0train,1test,inductive,0.8,spectral_baseline,288,232,56,1,left_hand,0.9761904761904762,0.48214285714285715,0.4821428571428571,0.4770064462718136,0.30952380952380953,0.2128959336059216,0.03873103285407076,0.0,0.0,0.0,0.0,0.0,,,,,
6,55,0train,1test,inductive,0.8,crcs,245,232,56,1,left_hand,0.6428571428571429,0.5,0.5,0.4931100082712986,0.33333333333333337,,,43.0,0.14930555555555555,0.8620689655172413,0.5813953488372093,0.0694980694980695,1.0,0.0941774622527212,0.6839683396079965,0.03743063201655566,0.36166978364677926
6,11,0train,1test,transductive,0.0,clean,288,0,288,1,left_hand,0.0,0.4895833333333333,0.48958333333333326,0.4854556224229684,0.3194444444444444,,,,,,,,,,,,
6,11,0train,1test,transductive,0.0,poisoned,288,0,288,1,left_hand,0.3888888888888889,0.4548611111111111,0.45486111111111116,0.4452001840071566,0.27314814814814814,,,,,,,,,,,,
6,11,0train,1test,transductive,0.0,spectral_baseline,288,0,288,1,left_hand,0.3888888888888889,0.4548611111111111,0.45486111111111116,0.4452001840071566,0.27314814814814814,0.2137059205074966,0.03908738303092592,0.0,0.0,0.0,0.0,0.0,,,,,
6,11,0train,1test,transductive,0.0,crcs,245,0,288,1,left_hand,0.4027777777777778,0.4652777777777778,0.4652777777777778,0.46522296238840477,0.2870370370370371,,,43.0,0.14930555555555555,0.0,0.0,0.16602316602316602,0.0,0.07061615352906492,0.5223344979086177,0.004938041135441487,0.0872421118463701
6,22,0train,1test,transductive,0.0,clean,288,0,288,1,left_hand,0.0,0.4895833333333333,0.48958333333333326,0.4854556224229684,0.3194444444444444,,,,,,,,,,,,
6,22,0train,1test,transductive,0.0,poisoned,288,0,288,1,left_hand,0.3888888888888889,0.4270833333333333,0.42708333333333337,0.42170009372752293,0.23611111111111116,,,,,,,,,,,,
6,22,0train,1test,transductive,0.0,spectral_baseline,288,0,288,1,left_hand,0.3888888888888889,0.4270833333333333,0.42708333333333337,0.42170009372752293,0.23611111111111116,0.21353185723568496,0.03936695648383412,0.0,0.0,0.0,0.0,0.0,,,,,
6,22,0train,1test,transductive,0.0,crcs,245,0,288,1,left_hand,0.36574074074074076,0.4270833333333333,0.42708333333333337,0.4229153790532052,0.23611111111111116,,,43.0,0.14930555555555555,0.0,0.0,0.16602316602316602,0.0,0.06912201574158733,0.5302134218734604,0.0036036813150074304,0.08267273834788108
6,33,0train,1test,transductive,0.0,clean,288,0,288,1,left_hand,0.0,0.4895833333333333,0.48958333333333326,0.4854556224229684,0.3194444444444444,,,,,,,,,,,,
6,33,0train,1test,transductive,0.0,poisoned,288,0,288,1,left_hand,0.49074074074074076,0.4270833333333333,0.4270833333333333,0.419589120910216,0.23611111111111116,,,,,,,,,,,,
6,33,0train,1test,transductive,0.0,spectral_baseline,287,0,288,1,left_hand,0.4861111111111111,0.4131944444444444,0.4131944444444445,0.4058985600383052,0.21759259259259256,0.2126189076796136,0.03755548155199283,1.0,0.003472222222222222,0.0,0.0,0.003861003861003861,,,,,
6,33,0train,1test,transductive,0.0,crcs,245,0,288,1,left_hand,0.5324074074074074,0.4166666666666667,0.41666666666666663,0.40753440812250097,0.2222222222222222,,,43.0,0.14930555555555555,0.0,0.0,0.16602316602316602,0.0,0.06745259138069853,0.4594644460972537,-0.00043933406204135696,0.08272287119740948
6,44,0train,1test,transductive,0.0,clean,288,0,288,1,left_hand,0.0,0.4895833333333333,0.48958333333333326,0.4854556224229684,0.3194444444444444,,,,,,,,,,,,
6,44,0train,1test,transductive,0.0,poisoned,288,0,288,1,left_hand,0.4583333333333333,0.4305555555555556,0.4305555555555556,0.4266596376132459,0.2407407407407407,,,,,,,,,,,,
6,44,0train,1test,transductive,0.0,spectral_baseline,287,0,288,1,left_hand,0.4675925925925926,0.4270833333333333,0.42708333333333337,0.42243418828800483,0.23611111111111116,0.21151438422104735,0.03722029287127976,1.0,0.003472222222222222,0.0,0.0,0.003861003861003861,,,,,
6,44,0train,1test,transductive,0.0,crcs,245,0,288,1,left_hand,0.4583333333333333,0.3958333333333333,0.3958333333333333,0.3871682918983169,0.19444444444444442,,,43.0,0.14930555555555555,0.0,0.0,0.16602316602316602,0.0,0.06884509875781629,0.4735906490063113,0.0007810886783366904,0.07674825386323236
6,55,0train,1test,transductive,0.0,clean,288,0,288,1,left_hand,0.0,0.4895833333333333,0.48958333333333326,0.4854556224229684,0.3194444444444444,,,,,,,,,,,,
6,55,0train,1test,transductive,0.0,poisoned,288,0,288,1,left_hand,0.5138888888888888,0.4826388888888889,0.48263888888888884,0.4817811349755289,0.31018518518518523,,,,,,,,,,,,
6,55,0train,1test,transductive,0.0,spectral_baseline,288,0,288,1,left_hand,0.5138888888888888,0.4826388888888889,0.48263888888888884,0.4817811349755289,0.31018518518518523,0.2128959336059216,0.03873103285407076,0.0,0.0,0.0,0.0,0.0,,,,,
6,55,0train,1test,transductive,0.0,crcs,245,0,288,1,left_hand,0.37037037037037035,0.4861111111111111,0.4861111111111111,0.48320800542091646,0.31481481481481477,,,43.0,0.14930555555555555,0.0,0.0,0.16602316602316602,0.0,0.07033039040867221,0.463587989392784,0.0022488855426517347,0.08060641045813967
6,11,0train,1test,transductive,0.1,clean,288,28,260,1,left_hand,0.0,0.5230769230769231,0.5230769230769231,0.5188575839636,0.36410256410256414,,,,,,,,,,,,
6,11,0train,1test,transductive,0.1,poisoned,288,28,260,1,left_hand,0.26153846153846155,0.46153846153846156,0.46153846153846156,0.45317914813849414,0.28205128205128205,,,,,,,,,,,,
6,11,0train,1test,transductive,0.1,spectral_baseline,288,28,260,1,left_hand,0.26153846153846155,0.46153846153846156,0.46153846153846156,0.45317914813849414,0.28205128205128205,0.2137059205074966,0.03908738303092592,0.0,0.0,0.0,0.0,0.0,,,,,
6,11,0train,1test,transductive,0.1,crcs,245,28,260,1,left_hand,1.0,0.3923076923076923,0.39230769230769236,0.36689008030359566,0.18974358974358974,,,43.0,0.14930555555555555,0.4827586206896552,0.32558139534883723,0.11196911196911197,1.0,0.15492473760886682,0.7428640026544369,0.06964801679508303,0.7621735732003923
6,22,0train,1test,transductive,0.1,clean,288,28,260,1,left_hand,0.041025641025641026,0.5,0.5,0.49547220381654666,0.33333333333333337,,,,,,,,,,,,
6,22,0train,1test,transductive,0.1,poisoned,288,28,260,1,left_hand,0.48717948717948717,0.4846153846153846,0.4846153846153846,0.4837831529008,0.3128205128205128,,,,,,,,,,,,
6,22,0train,1test,transductive,0.1,spectral_baseline,288,28,260,1,left_hand,0.48717948717948717,0.4846153846153846,0.4846153846153846,0.4837831529008,0.3128205128205128,0.21353185723568496,0.03936695648383412,0.0,0.0,0.0,0.0,0.0,,,,,
6,22,0train,1test,transductive,0.1,crcs,245,28,260,1,left_hand,1.0,0.46153846153846156,0.46153846153846156,0.45472112534056675,0.28205128205128205,,,43.0,0.14930555555555555,0.9310344827586207,0.627906976744186,0.06177606177606178,1.0,0.2247077363492195,1.1219745190608978,0.10173769245910129,0.41523864294603463
6,33,0train,1test,transductive,0.1,clean,288,28,260,1,left_hand,0.0,0.5038461538461538,0.5038461538461538,0.5014546825249004,0.3384615384615385,,,,,,,,,,,,
6,33,0train,1test,transductive,0.1,poisoned,288,28,260,1,left_hand,0.38461538461538464,0.4423076923076923,0.4423076923076923,0.43623180604371825,0.2564102564102564,,,,,,,,,,,,
6,33,0train,1test,transductive,0.1,spectral_baseline,287,28,260,1,left_hand,0.37435897435897436,0.4423076923076923,0.4423076923076923,0.43499393889302146,0.2564102564102564,0.2126189076796136,0.03755548155199283,1.0,0.003472222222222222,0.0,0.0,0.003861003861003861,,,,,
6,33,0train,1test,transductive,0.1,crcs,245,28,260,1,left_hand,0.4564102564102564,0.4423076923076923,0.4423076923076924,0.4349192925665074,0.2564102564102564,,,43.0,0.14930555555555555,0.1724137931034483,0.11627906976744186,0.14671814671814673,1.0,0.16034725470798564,0.7425500159478267,0.10510847258959632,0.5793423475501983
6,44,0train,1test,transductive,0.1,clean,288,28,260,1,left_hand,0.0,0.47307692307692306,0.4730769230769231,0.4716787370922282,0.2974358974358975,,,,,,,,,,,,
6,44,0train,1test,transductive,0.1,poisoned,288,28,260,1,left_hand,0.37435897435897436,0.4230769230769231,0.42307692307692313,0.42025143595087844,0.23076923076923073,,,,,,,,,,,,
6,44,0train,1test,transductive,0.1,spectral_baseline,287,28,260,1,left_hand,0.39487179487179486,0.4153846153846154,0.4153846153846154,0.4084682363091454,0.2205128205128205,0.21151438422104735,0.03722029287127976,1.0,0.003472222222222222,0.0,0.0,0.003861003861003861,,,,,
6,44,0train,1test,transductive,0.1,crcs,245,28,260,1,left_hand,0.9538461538461539,0.4461538461538462,0.4461538461538461,0.4433175305520438,0.2615384615384615,,,43.0,0.14930555555555555,0.896551724137931,0.6046511627906976,0.06563706563706563,1.0,0.16585068084326235,0.8431560277729071,0.09255524201392455,0.5609717908051272
6,55,0train,1test,transductive,0.1,clean,288,28,260,1,left_hand,0.0,0.48846153846153845,0.4884615384615385,0.4846007050772411,0.31794871794871793,,,,,,,,,,,,
6,55,0train,1test,transductive,0.1,poisoned,288,28,260,1,left_hand,0.5128205128205128,0.5038461538461538,0.5038461538461538,0.49911214432759476,0.3384615384615385,,,,,,,,,,,,
6,55,0train,1test,transductive,0.1,spectral_baseline,288,28,260,1,left_hand,0.5128205128205128,0.5038461538461538,0.5038461538461538,0.49911214432759476,0.3384615384615385,0.2128959336059216,0.03873103285407076,0.0,0.0,0.0,0.0,0.0,,,,,
6,55,0train,1test,transductive,0.1,crcs,245,28,260,1,left_hand,0.9692307692307692,0.45,0.45,0.4415460976786298,0.2666666666666667,,,43.0,0.14930555555555555,0.8275862068965517,0.5581395348837209,0.07335907335907337,1.0,0.23345365183422714,0.9942846130446898,0.10213365811672603,-0.15188476762884418
6,11,0train,1test,transductive,0.25,clean,288,72,216,1,left_hand,0.0,0.5277777777777778,0.5277777777777778,0.5264231519252192,0.37037037037037035,,,,,,,,,,,,
6,11,0train,1test,transductive,0.25,poisoned,288,72,216,1,left_hand,1.0,0.39814814814814814,0.39814814814814814,0.3740384019092687,0.19753086419753085,,,,,,,,,,,,
6,11,0train,1test,transductive,0.25,spectral_baseline,288,72,216,1,left_hand,1.0,0.39814814814814814,0.39814814814814814,0.3740384019092687,0.19753086419753085,0.2137059205074966,0.03908738303092592,0.0,0.0,0.0,0.0,0.0,,,,,
6,11,0train,1test,transductive,0.25,crcs,245,72,216,1,left_hand,0.9938271604938271,0.4074074074074074,0.40740740740740744,0.3907697570618919,0.2098765432098766,,,43.0,0.14930555555555555,0.3103448275862069,0.20930232558139536,0.13127413127413126,1.0,0.10573159750677438,0.6120885367970463,0.0550591084053535,0.3149356565482108
6,22,0train,1test,transductive,0.25,clean,288,72,216,1,left_hand,0.006172839506172839,0.4861111111111111,0.48611111111111116,0.4880387239142937,0.31481481481481477,,,,,,,,,,,,
6,22,0train,1test,transductive,0.25,poisoned,288,72,216,1,left_hand,0.9938271604938271,0.36574074074074076,0.3657407407407407,0.35154390789605905,0.154320987654321,,,,,,,,,,,,
6,22,0train,1test,transductive,0.25,spectral_baseline,288,72,216,1,left_hand,0.9938271604938271,0.36574074074074076,0.3657407407407407,0.35154390789605905,0.154320987654321,0.21353185723568496,0.03936695648383412,0.0,0.0,0.0,0.0,0.0,,,,,
6,22,0train,1test,transductive,0.25,crcs,245,72,216,1,left_hand,0.8518518518518519,0.4861111111111111,0.48611111111111116,0.4782960050078676,0.31481481481481477,,,43.0,0.14930555555555555,0.7931034482758621,0.5348837209302325,0.07722007722007722,1.0,0.14281373490808305,0.6401417982718374,0.07429775516230802,0.2344720612065704
6,33,0train,1test,transductive,0.25,clean,288,72,216,1,left_hand,0.0,0.48148148148148145,0.4814814814814815,0.4794171647329974,0.308641975308642,,,,,,,,,,,,
6,33,0train,1test,transductive,0.25,poisoned,288,72,216,1,left_hand,1.0,0.41203703703703703,0.41203703703703703,0.3889552307673688,0.21604938271604934,,,,,,,,,,,,
6,33,0train,1test,transductive,0.25,spectral_baseline,287,72,216,1,left_hand,1.0,0.39814814814814814,0.39814814814814814,0.37319003857607697,0.19753086419753085,0.2126189076796136,0.03755548155199283,1.0,0.003472222222222222,0.0,0.0,0.003861003861003861,,,,,
6,33,0train,1test,transductive,0.25,crcs,245,72,216,1,left_hand,0.8888888888888888,0.4398148148148148,0.43981481481481477,0.43125470146104594,0.25308641975308643,,,43.0,0.14930555555555555,0.7586206896551724,0.5116279069767442,0.08108108108108109,1.0,0.0937468366356596,0.40549892999380655,0.06400943263102504,0.3515940315167149
6,44,0train,1test,transductive,0.25,clean,288,72,216,1,left_hand,0.0,0.49537037037037035,0.49537037037037035,0.4944551692725834,0.3271604938271605,,,,,,,,,,,,
6,44,0train,1test,transductive,0.25,poisoned,288,72,216,1,left_hand,1.0,0.35648148148148145,0.3564814814814815,0.3360140552086305,0.14197530864197527,,,,,,,,,,,,
6,44,0train,1test,transductive,0.25,spectral_baseline,287,72,216,1,left_hand,1.0,0.38425925925925924,0.38425925925925924,0.3744910994910995,0.17901234567901236,0.21151438422104735,0.03722029287127976,1.0,0.003472222222222222,0.0,0.0,0.003861003861003861,,,,,
6,44,0train,1test,transductive,0.25,crcs,245,72,216,1,left_hand,0.9691358024691358,0.3888888888888889,0.38888888888888884,0.38177534579723366,0.18518518518518523,,,43.0,0.14930555555555555,0.3448275862068966,0.23255813953488372,0.1274131274131274,1.0,0.10684809900447706,0.4609775804280345,0.06431063563668069,0.2015936453942913
6,55,0train,1test,transductive,0.25,clean,288,72,216,1,left_hand,0.0,0.5,0.5,0.4968836226079217,0.33333333333333337,,,,,,,,,,,,
6,55,0train,1test,transductive,0.25,poisoned,288,72,216,1,left_hand,1.0,0.44907407407407407,0.44907407407407407,0.425383519638278,0.26543209876543206,,,,,,,,,,,,
6,55,0train,1test,transductive,0.25,spectral_baseline,288,72,216,1,left_hand,1.0,0.44907407407407407,0.44907407407407407,0.425383519638278,0.26543209876543206,0.2128959336059216,0.03873103285407076,0.0,0.0,0.0,0.0,0.0,,,,,
6,55,0train,1test,transductive,0.25,crcs,245,72,216,1,left_hand,0.5802469135802469,0.4861111111111111,0.4861111111111111,0.47230517610570255,0.31481481481481477,,,43.0,0.14930555555555555,0.9310344827586207,0.627906976744186,0.06177606177606178,1.0,0.1429512175831643,0.8839347219544129,0.07339725175672204,0.3888015808376896
6,11,0train,1test,transductive,0.5,clean,288,144,144,1,left_hand,0.0,0.5347222222222222,0.5347222222222223,0.5350832470624192,0.37962962962962965,,,,,,,,,,,,
6,11,0train,1test,transductive,0.5,poisoned,288,144,144,1,left_hand,0.9907407407407407,0.4652777777777778,0.4652777777777778,0.43747262954456634,0.2870370370370371,,,,,,,,,,,,
6,11,0train,1test,transductive,0.5,spectral_baseline,288,144,144,1,left_hand,0.9907407407407407,0.4652777777777778,0.4652777777777778,0.43747262954456634,0.2870370370370371,0.2137059205074966,0.03908738303092592,0.0,0.0,0.0,0.0,0.0,,,,,
6,11,0train,1test,transductive,0.5,crcs,245,144,144,1,left_hand,0.8611111111111112,0.4861111111111111,0.48611111111111105,0.4817350510168962,0.31481481481481477,,,43.0,0.14930555555555555,0.6551724137931034,0.4418604651162791,0.09266409266409266,1.0,0.1096585540109453,0.6082897385577025,0.053764242649292165,0.25425599091030754
6,22,0train,1test,transductive,0.5,clean,288,144,144,1,left_hand,0.0,0.5277777777777778,0.5277777777777778,0.5301740165589931,0.37037037037037035,,,,,,,,,,,,
6,22,0train,1test,transductive,0.5,poisoned,288,144,144,1,left_hand,1.0,0.4652777777777778,0.4652777777777778,0.4560285012017685,0.2870370370370371,,,,,,,,,,,,
6,22,0train,1test,transductive,0.5,spectral_baseline,288,144,144,1,left_hand,1.0,0.4652777777777778,0.4652777777777778,0.4560285012017685,0.2870370370370371,0.21353185723568496,0.03936695648383412,0.0,0.0,0.0,0.0,0.0,,,,,
6,22,0train,1test,transductive,0.5,crcs,245,144,144,1,left_hand,0.6111111111111112,0.5416666666666666,0.5416666666666666,0.5413512481504463,0.38888888888888884,,,43.0,0.14930555555555555,0.7931034482758621,0.5348837209302325,0.07722007722007722,1.0,0.12824650900945248,0.6721313880375348,0.05933474076571797,0.26982549129915123
6,33,0train,1test,transductive,0.5,clean,288,144,144,1,left_hand,0.0,0.5208333333333334,0.5208333333333333,0.5187417868996816,0.36111111111111116,,,,,,,,,,,,
6,33,0train,1test,transductive,0.5,poisoned,288,144,144,1,left_hand,1.0,0.4444444444444444,0.4444444444444445,0.42654148024284055,0.2592592592592593,,,,,,,,,,,,
6,33,0train,1test,transductive,0.5,spectral_baseline,287,144,144,1,left_hand,1.0,0.4513888888888889,0.4513888888888889,0.4339885178481597,0.2685185185185185,0.2126189076796136,0.03755548155199283,1.0,0.003472222222222222,0.0,0.0,0.003861003861003861,,,,,
6,33,0train,1test,transductive,0.5,crcs,245,144,144,1,left_hand,0.7407407407407407,0.5138888888888888,0.513888888888889,0.5009159201381914,0.35185185185185186,,,43.0,0.14930555555555555,0.7241379310344828,0.4883720930232558,0.08494208494208494,1.0,0.08483733221449465,0.4529193175638556,0.04932382417683522,0.18714086525386478
6,44,0train,1test,transductive,0.5,clean,288,144,144,1,left_hand,0.0,0.4583333333333333,0.4583333333333333,0.4565696649029982,0.2777777777777778,,,,,,,,,,,,
6,44,0train,1test,transductive,0.5,poisoned,288,144,144,1,left_hand,1.0,0.4097222222222222,0.4097222222222222,0.40740232638046725,0.2129629629629629,,,,,,,,,,,,
6,44,0train,1test,transductive,0.5,spectral_baseline,287,144,144,1,left_hand,1.0,0.4166666666666667,0.4166666666666667,0.4175244209726968,0.2222222222222222,0.21151438422104735,0.03722029287127976,1.0,0.003472222222222222,0.0,0.0,0.003861003861003861,,,,,
6,44,0train,1test,transductive,0.5,crcs,245,144,144,1,left_hand,0.8796296296296297,0.4861111111111111,0.4861111111111111,0.48680070748408494,0.31481481481481477,,,43.0,0.14930555555555555,0.7586206896551724,0.5116279069767442,0.08108108108108109,1.0,0.0932837526139095,0.6287107256302427,0.044151534633275646,0.16671761885780917
6,55,0train,1test,transductive,0.5,clean,288,144,144,1,left_hand,0.0,0.5416666666666666,0.5416666666666667,0.5411879820421319,0.38888888888888884,,,,,,,,,,,,
6,55,0train,1test,transductive,0.5,poisoned,288,144,144,1,left_hand,1.0,0.4513888888888889,0.4513888888888889,0.43422439723534456,0.2685185185185185,,,,,,,,,,,,
6,55,0train,1test,transductive,0.5,spectral_baseline,288,144,144,1,left_hand,1.0,0.4513888888888889,0.4513888888888889,0.43422439723534456,0.2685185185185185,0.2128959336059216,0.03873103285407076,0.0,0.0,0.0,0.0,0.0,,,,,
6,55,0train,1test,transductive,0.5,crcs,245,144,144,1,left_hand,0.7870370370370371,0.5,0.5,0.48790316736030553,0.33333333333333337,,,43.0,0.14930555555555555,0.8620689655172413,0.5813953488372093,0.0694980694980695,1.0,0.09706539739550887,0.6087604833651479,0.04987926182702454,0.30160983244483347
6,11,0train,1test,transductive,0.75,clean,288,216,72,1,left_hand,0.0,0.5555555555555556,0.5555555555555556,0.5517418853937086,0.40740740740740744,,,,,,,,,,,,
6,11,0train,1test,transductive,0.75,poisoned,288,216,72,1,left_hand,1.0,0.5277777777777778,0.5277777777777778,0.5221337801982964,0.37037037037037035,,,,,,,,,,,,
6,11,0train,1test,transductive,0.75,spectral_baseline,288,216,72,1,left_hand,1.0,0.5277777777777778,0.5277777777777778,0.5221337801982964,0.37037037037037035,0.2137059205074966,0.03908738303092592,0.0,0.0,0.0,0.0,0.0,,,,,
6,11,0train,1test,transductive,0.75,crcs,245,216,72,1,left_hand,0.6296296296296297,0.5833333333333334,0.5833333333333334,0.5826376118379053,0.4444444444444444,,,43.0,0.14930555555555555,0.7586206896551724,0.5116279069767442,0.08108108108108109,1.0,0.09836274294318786,0.5569323823098367,0.045078263870087815,0.2867861083214968
6,22,0train,1test,transductive,0.75,clean,288,216,72,1,left_hand,0.0,0.5694444444444444,0.5694444444444444,0.5753023160483706,0.42592592592592593,,,,,,,,,,,,
6,22,0train,1test,transductive,0.75,poisoned,288,216,72,1,left_hand,0.9814814814814815,0.4861111111111111,0.4861111111111111,0.472264663441134,0.31481481481481477,,,,,,,,,,,,
6,22,0train,1test,transductive,0.75,spectral_baseline,288,216,72,1,left_hand,0.9814814814814815,0.4861111111111111,0.4861111111111111,0.472264663441134,0.31481481481481477,0.21353185723568496,0.03936695648383412,0.0,0.0,0.0,0.0,0.0,,,,,
6,22,0train,1test,transductive,0.75,crcs,245,216,72,1,left_hand,0.5925925925925926,0.5,0.5,0.49789980817145507,0.33333333333333337,,,43.0,0.14930555555555555,0.8275862068965517,0.5581395348837209,0.07335907335907337,1.0,0.10674196274830401,0.6208724599836701,0.046906172684426685,0.28325816763088785
6,33,0train,1test,transductive,0.75,clean,288,216,72,1,left_hand,0.0,0.5416666666666666,0.5416666666666666,0.5420410783055198,0.38888888888888884,,,,,,,,,,,,
6,33,0train,1test,transductive,0.75,poisoned,288,216,72,1,left_hand,0.9629629629629629,0.4583333333333333,0.45833333333333337,0.4409389517764837,0.2777777777777778,,,,,,,,,,,,
6,33,0train,1test,transductive,0.75,spectral_baseline,287,216,72,1,left_hand,0.9629629629629629,0.4583333333333333,0.45833333333333337,0.4409389517764837,0.2777777777777778,0.2126189076796136,0.03755548155199283,1.0,0.003472222222222222,0.0,0.0,0.003861003861003861,,,,,
6,33,0train,1test,transductive,0.75,crcs,245,216,72,1,left_hand,0.6666666666666666,0.5,0.5,0.4972426470588236,0.33333333333333337,,,43.0,0.14930555555555555,0.5862068965517241,0.3953488372093023,0.10038610038610038,1.0,0.07124316532702539,0.3560745922829953,0.03614300893521243,0.16067999907682437
6,44,0train,1test,transductive,0.75,clean,288,216,72,1,left_hand,0.0,0.5555555555555556,0.5555555555555556,0.5558578481179101,0.40740740740740744,,,,,,,,,,,,
6,44,0train,1test,transductive,0.75,poisoned,288,216,72,1,left_hand,0.9629629629629629,0.5138888888888888,0.5138888888888888,0.5225529728020241,0.35185185185185186,,,,,,,,,,,,
6,44,0train,1test,transductive,0.75,spectral_baseline,287,216,72,1,left_hand,0.9814814814814815,0.4444444444444444,0.4444444444444444,0.44861111111111107,0.2592592592592593,0.21151438422104735,0.03722029287127976,1.0,0.003472222222222222,0.0,0.0,0.003861003861003861,,,,,
6,44,0train,1test,transductive,0.75,crcs,245,216,72,1,left_hand,0.5925925925925926,0.4722222222222222,0.4722222222222222,0.47554697554697556,0.2962962962962963,,,43.0,0.14930555555555555,0.7241379310344828,0.4883720930232558,0.08494208494208494,1.0,0.08941509226588579,0.5892447507860139,0.0415589844928356,0.1365107309205914
6,55,0train,1test,transductive,0.75,clean,288,216,72,1,left_hand,0.0,0.6666666666666666,0.6666666666666667,0.6661518661518662,0.5555555555555556,,,,,,,,,,,,
6,55,0train,1test,transductive,0.75,poisoned,288,216,72,1,left_hand,1.0,0.5,0.49999999999999994,0.4926597247852543,0.33333333333333337,,,,,,,,,,,,
6,55,0train,1test,transductive,0.75,spectral_baseline,288,216,72,1,left_hand,1.0,0.5,0.49999999999999994,0.4926597247852543,0.33333333333333337,0.2128959336059216,0.03873103285407076,0.0,0.0,0.0,0.0,0.0,,,,,
6,55,0train,1test,transductive,0.75,crcs,245,216,72,1,left_hand,0.7222222222222222,0.5694444444444444,0.5694444444444444,0.5630254707341994,0.42592592592592593,,,43.0,0.14930555555555555,0.8620689655172413,0.5813953488372093,0.0694980694980695,1.0,0.09764360845584258,0.7304712642950744,0.03709347791260148,0.37056156089312214
6,11,0train,1test,transductive,0.8,clean,288,232,56,1,left_hand,0.0,0.5714285714285714,0.5714285714285714,0.5714068179585421,0.4285714285714286,,,,,,,,,,,,
6,11,0train,1test,transductive,0.8,poisoned,288,232,56,1,left_hand,1.0,0.5714285714285714,0.5714285714285714,0.5697222222222222,0.4285714285714286,,,,,,,,,,,,
6,11,0train,1test,transductive,0.8,spectral_baseline,288,232,56,1,left_hand,1.0,0.5714285714285714,0.5714285714285714,0.5697222222222222,0.4285714285714286,0.2137059205074966,0.03908738303092592,0.0,0.0,0.0,0.0,0.0,,,,,
6,11,0train,1test,transductive,0.8,crcs,245,232,56,1,left_hand,0.7619047619047619,0.625,0.625,0.6235416666666667,0.5,,,43.0,0.14930555555555555,0.7586206896551724,0.5116279069767442,0.08108108108108109,1.0,0.08999649085727637,0.5447775327756108,0.03865961817142796,0.32793193963797485
6,22,0train,1test,transductive,0.8,clean,288,232,56,1,left_hand,0.0,0.5714285714285714,0.5714285714285714,0.5734355044699873,0.4285714285714286,,,,,,,,,,,,
6,22,0train,1test,transductive,0.8,poisoned,288,232,56,1,left_hand,0.9761904761904762,0.48214285714285715,0.48214285714285715,0.47269668737060044,0.30952380952380953,,,,,,,,,,,,
6,22,0train,1test,transductive,0.8,spectral_baseline,288,232,56,1,left_hand,0.9761904761904762,0.48214285714285715,0.48214285714285715,0.47269668737060044,0.30952380952380953,0.21353185723568496,0.03936695648383412,0.0,0.0,0.0,0.0,0.0,,,,,
6,22,0train,1test,transductive,0.8,crcs,245,232,56,1,left_hand,0.4523809523809524,0.5535714285714286,0.5535714285714286,0.5541935483870968,0.40476190476190477,,,43.0,0.14930555555555555,0.9310344827586207,0.627906976744186,0.06177606177606178,1.0,0.10140481954884357,0.6299069431709308,0.04381997683275719,0.28851799183463217
6,33,0train,1test,transductive,0.8,clean,288,232,56,1,left_hand,0.0,0.48214285714285715,0.4821428571428571,0.4868558860494344,0.30952380952380953,,,,,,,,,,,,
6,33,0train,1test,transductive,0.8,poisoned,288,232,56,1,left_hand,0.9285714285714286,0.5178571428571429,0.5178571428571429,0.5018304668304668,0.3571428571428571,,,,,,,,,,,,
6,33,0train,1test,transductive,0.8,spectral_baseline,287,232,56,1,left_hand,0.9523809523809523,0.5,0.49999999999999994,0.48268840203958174,0.33333333333333337,0.2126189076796136,0.03755548155199283,1.0,0.003472222222222222,0.0,0.0,0.003861003861003861,,,,,
6,33,0train,1test,transductive,0.8,crcs,245,232,56,1,left_hand,0.6666666666666666,0.48214285714285715,0.4821428571428571,0.47704545454545455,0.30952380952380953,,,43.0,0.14930555555555555,0.6896551724137931,0.46511627906976744,0.0888030888030888,1.0,0.07524853835984684,0.40485315512275266,0.03747538505242236,0.19988675192424607
6,44,0train,1test,transductive,0.8,clean,288,232,56,1,left_hand,0.0,0.5714285714285714,0.5714285714285714,0.5696435676392573,0.4285714285714286,,,,,,,,,,,,
6,44,0train,1test,transductive,0.8,poisoned,288,232,56,1,left_hand,0.9047619047619048,0.5178571428571429,0.5178571428571428,0.5251190476190476,0.3571428571428571,,,,,,,,,,,,
6,44,0train,1test,transductive,0.8,spectral_baseline,287,232,56,1,left_hand,0.9047619047619048,0.4642857142857143,0.4642857142857143,0.4686887508626639,0.2857142857142857,0.21151438422104735,0.03722029287127976,1.0,0.003472222222222222,0.0,0.0,0.003861003861003861,,,,,
6,44,0train,1test,transductive,0.8,crcs,245,232,56,1,left_hand,0.5238095238095238,0.5892857142857143,0.5892857142857143,0.5900020678246485,0.45238095238095233,,,43.0,0.14930555555555555,0.7241379310344828,0.4883720930232558,0.08494208494208494,1.0,0.08680649986444101,0.5921214556529848,0.04054596927023383,0.16057510334360092
6,55,0train,1test,transductive,0.8,clean,288,232,56,1,left_hand,0.0,0.4642857142857143,0.46428571428571425,0.46444444444444444,0.2857142857142857,,,,,,,,,,,,
6,55,0train,1test,transductive,0.8,poisoned,288,232,56,1,left_hand,0.9761904761904762,0.5,0.5,0.4911378344441225,0.33333333333333337,,,,,,,,,,,,
6,55,0train,1test,transductive,0.8,spectral_baseline,288,232,56,1,left_hand,0.9761904761904762,0.5,0.5,0.4911378344441225,0.33333333333333337,0.2128959336059216,0.03873103285407076,0.0,0.0,0.0,0.0,0.0,,,,,
6,55,0train,1test,transductive,0.8,crcs,245,232,56,1,left_hand,0.6428571428571429,0.5,0.5,0.4931100082712986,0.33333333333333337,,,43.0,0.14930555555555555,0.8620689655172413,0.5813953488372093,0.0694980694980695,1.0,0.09512623842807114,0.6945442435958371,0.03802829612625184,0.3592184597986742
7,11,0train,1test,inductive,0.0,clean,288,0,288,1,left_hand,0.0,0.5381944444444444,0.5381944444444444,0.4651591444375377,0.3842592592592593,,,,,,,,,,,,
7,11,0train,1test,inductive,0.0,poisoned,288,0,288,1,left_hand,0.009259259259259259,0.5,0.5,0.46555697475675706,0.33333333333333337,,,,,,,,,,,,
7,11,0train,1test,inductive,0.0,spectral_baseline,278,0,288,1,left_hand,0.009259259259259259,0.4826388888888889,0.48263888888888884,0.44950948032240534,0.31018518518518523,0.11148176885724394,0.01664882657595087,10.0,0.034722222222222224,0.034482758620689655,0.1,0.03474903474903475,,,,,
7,11,0train,1test,inductive,0.0,crcs,245,0,288,1,left_hand,0.009259259259259259,0.46875,0.46875,0.42276560079698255,0.29166666666666663,,,43.0,0.14930555555555555,0.0,0.0,0.16602316602316602,0.0,0.040540349114739443,0.3157226075092414,-0.008454557370133717,0.3621326366342315
7,22,0train,1test,inductive,0.0,clean,288,0,288,1,left_hand,0.0,0.5381944444444444,0.5381944444444444,0.4651591444375377,0.3842592592592593,,,,,,,,,,,,
7,22,0train,1test,inductive,0.0,poisoned,288,0,288,1,left_hand,0.018518518518518517,0.5625,0.5625,0.5550529688998442,0.41666666666666663,,,,,,,,,,,,
7,22,0train,1test,inductive,0.0,spectral_baseline,279,0,288,1,left_hand,0.023148148148148147,0.5729166666666666,0.5729166666666666,0.5675930982572993,0.4305555555555556,0.11327571273267045,0.018019927830774572,9.0,0.03125,0.06896551724137931,0.2222222222222222,0.02702702702702703,,,,,
7,22,0train,1test,inductive,0.0,crcs,245,0,288,1,left_hand,0.018518518518518517,0.5034722222222222,0.5034722222222222,0.4880294138342097,0.3379629629629629,,,43.0,0.14930555555555555,0.0,0.0,0.16602316602316602,0.0,0.04180248425357495,0.3350215718315187,-2.2164837568726237e-06,0.3440201186612626
7,33,0train,1test,inductive,0.0,clean,288,0,288,1,left_hand,0.0,0.5381944444444444,0.5381944444444444,0.4651591444375377,0.3842592592592593,,,,,,,,,,,,
7,33,0train,1test,inductive,0.0,poisoned,288,0,288,1,left_hand,0.06481481481481481,0.5868055555555556,0.5868055555555556,0.5873902184302995,0.44907407407407407,,,,,,,,,,,,
7,33,0train,1test,inductive,0.0,spectral_baseline,276,0,288,1,left_hand,0.05555555555555555,0.5729166666666666,0.5729166666666667,0.5696365514949207,0.4305555555555556,0.11148176885724394,0.015997220767541703,12.0,0.041666666666666664,0.0,0.0,0.04633204633204633,,,,,
7,33,0train,1test,inductive,0.0,crcs,245,0,288,1,left_hand,0.06944444444444445,0.5555555555555556,0.5555555555555556,0.5543706779346541,0.40740740740740744,,,43.0,0.14930555555555555,0.0,0.0,0.16602316602316602,0.0,0.04250269215096916,0.37007174551397426,-0.005211080574950992,0.3548060564451903
7,44,0train,1test,inductive,0.0,clean,288,0,288,1,left_hand,0.0,0.5381944444444444,0.5381944444444444,0.4651591444375377,0.3842592592592593,,,,,,,,,,,,
7,44,0train,1test,inductive,0.0,poisoned,288,0,288,1,left_hand,0.009259259259259259,0.5451388888888888,0.545138888888889,0.5273177596739543,0.3935185185185185,,,,,,,,,,,,
7,44,0train,1test,inductive,0.0,spectral_baseline,278,0,288,1,left_hand,0.009259259259259259,0.5243055555555556,0.5243055555555556,0.5018073275979437,0.3657407407407407,0.1116425687195636,0.017055918942787525,10.0,0.034722222222222224,0.0,0.0,0.03861003861003861,,,,,
7,44,0train,1test,inductive,0.0,crcs,245,0,288,1,left_hand,0.032407407407407406,0.5868055555555556,0.5868055555555556,0.5780507913026058,0.44907407407407407,,,43.0,0.14930555555555555,0.0,0.0,0.16602316602316602,0.0,0.04394031759680153,0.3477539520182077,-0.005804686951782592,0.356933970428187
7,55,0train,1test,inductive,0.0,clean,288,0,288,1,left_hand,0.0,0.5381944444444444,0.5381944444444444,0.4651591444375377,0.3842592592592593,,,,,,,,,,,,
7,55,0train,1test,inductive,0.0,poisoned,288,0,288,1,left_hand,0.023148148148148147,0.5659722222222222,0.5659722222222222,0.5497875388091413,0.4212962962962963,,,,,,,,,,,,
7,55,0train,1test,inductive,0.0,spectral_baseline,278,0,288,1,left_hand,0.05092592592592592,0.5659722222222222,0.5659722222222222,0.55364452263755,0.4212962962962963,0.11104074671016244,0.016358088093825704,10.0,0.034722222222222224,0.034482758620689655,0.1,0.03474903474903475,,,,,
7,55,0train,1test,inductive,0.0,crcs,245,0,288,1,left_hand,0.046296296296296294,0.6076388888888888,0.6076388888888888,0.5998772290325886,0.47685185185185186,,,43.0,0.14930555555555555,0.0,0.0,0.16602316602316602,0.0,0.039617204741232676,0.4437015105974732,-0.010806057386228118,0.34915321866515786
7,11,0train,1test,inductive,0.1,clean,288,28,260,1,left_hand,0.0,0.7730769230769231,0.7730769230769231,0.7649013095972077,0.6974358974358974,,,,,,,,,,,,
7,11,0train,1test,inductive,0.1,poisoned,288,28,260,1,left_hand,0.005128205128205128,0.7230769230769231,0.7230769230769232,0.7193331830736411,0.6307692307692307,,,,,,,,,,,,
7,11,0train,1test,inductive,0.1,spectral_baseline,278,28,260,1,left_hand,0.05641025641025641,0.7269230769230769,0.726923076923077,0.7247516698987287,0.6358974358974359,0.11148176885724394,0.01664882657595087,10.0,0.034722222222222224,0.034482758620689655,0.1,0.03474903474903475,,,,,
7,11,0train,1test,inductive,0.1,crcs,245,28,260,1,left_hand,0.0,0.7807692307692308,0.7807692307692308,0.7743466514652956,0.7076923076923076,,,43.0,0.14930555555555555,1.0,0.6744186046511628,0.05405405405405406,1.0,0.3862868617940722,3.622992357244979,0.0769504741589085,1.2274012380308565
7,22,0train,1test,inductive,0.1,clean,288,28,260,1,left_hand,0.0,0.7115384615384616,0.7115384615384616,0.6998518666391554,0.6153846153846154,,,,,,,,,,,,
7,22,0train,1test,inductive,0.1,poisoned,288,28,260,1,left_hand,0.005128205128205128,0.7115384615384616,0.7115384615384615,0.7129549117970504,0.6153846153846154,,,,,,,,,,,,
7,22,0train,1test,inductive,0.1,spectral_baseline,279,28,260,1,left_hand,0.035897435897435895,0.7384615384615385,0.7384615384615385,0.7409197012138189,0.6512820512820513,0.11327571273267045,0.018019927830774572,9.0,0.03125,0.06896551724137931,0.2222222222222222,0.02702702702702703,,,,,
7,22,0train,1test,inductive,0.1,crcs,245,28,260,1,left_hand,0.0,0.7346153846153847,0.7346153846153847,0.7323876491400938,0.6461538461538461,,,43.0,0.14930555555555555,1.0,0.6744186046511628,0.05405405405405406,1.0,0.8309941097587401,8.705756794412576,0.07269684408345754,2.962184063075203
7,33,0train,1test,inductive,0.1,clean,288,28,260,1,left_hand,0.0,0.7846153846153846,0.7846153846153847,0.7811841132377166,0.7128205128205128,,,,,,,,,,,,
7,33,0train,1test,inductive,0.1,poisoned,288,28,260,1,left_hand,0.06666666666666667,0.7346153846153847,0.7346153846153847,0.7313473548637943,0.6461538461538461,,,,,,,,,,,,
7,33,0train,1test,inductive,0.1,spectral_baseline,276,28,260,1,left_hand,0.035897435897435895,0.7384615384615385,0.7384615384615385,0.7358056778647533,0.6512820512820513,0.11148176885724394,0.015997220767541703,12.0,0.041666666666666664,0.0,0.0,0.04633204633204633,,,,,
7,33,0train,1test,inductive,0.1,crcs,245,28,260,1,left_hand,0.0,0.8,0.8,0.7982508605326759,0.7333333333333334,,,43.0,0.14930555555555555,1.0,0.6744186046511628,0.05405405405405406,1.0,0.38280787083781675,3.4909528390897906,0.03697068901120229,1.4302534917161986
7,44,0train,1test,inductive,0.1,clean,288,28,260,1,left_hand,0.0,0.7346153846153847,0.7346153846153847,0.7265962037364996,0.6461538461538461,,,,,,,,,,,,
7,44,0train,1test,inductive,0.1,poisoned,288,28,260,1,left_hand,0.005128205128205128,0.7192307692307692,0.7192307692307692,0.7150157278903118,0.6256410256410256,,,,,,,,,,,,
7,44,0train,1test,inductive,0.1,spectral_baseline,278,28,260,1,left_hand,0.005128205128205128,0.7192307692307692,0.7192307692307692,0.7148646881820473,0.6256410256410256,0.1116425687195636,0.017055918942787525,10.0,0.034722222222222224,0.0,0.0,0.03861003861003861,,,,,
7,44,0train,1test,inductive,0.1,crcs,245,28,260,1,left_hand,0.0,0.7576923076923077,0.7576923076923077,0.7538566443380833,0.676923076923077,,,43.0,0.14930555555555555,1.0,0.6744186046511628,0.05405405405405406,1.0,0.2957493833147741,2.5350713287135584,0.059136563836151256,0.9455309663464452
7,55,0train,1test,inductive,0.1,clean,288,28,260,1,left_hand,0.0,0.75,0.75,0.7424529114486248,0.6666666666666667,,,,,,,,,,,,
7,55,0train,1test,inductive,0.1,poisoned,288,28,260,1,left_hand,0.035897435897435895,0.7307692307692307,0.7307692307692307,0.7268430508936838,0.641025641025641,,,,,,,,,,,,
7,55,0train,1test,inductive,0.1,spectral_baseline,278,28,260,1,left_hand,0.035897435897435895,0.7307692307692307,0.7307692307692307,0.7270242914979756,0.641025641025641,0.11104074671016244,0.016358088093825704,10.0,0.034722222222222224,0.034482758620689655,0.1,0.03474903474903475,,,,,
7,55,0train,1test,inductive,0.1,crcs,245,28,260,1,left_hand,0.0,0.7730769230769231,0.7730769230769231,0.7678170072218955,0.6974358974358974,,,43.0,0.14930555555555555,1.0,0.6744186046511628,0.05405405405405406,1.0,0.6272789132242941,6.27083701602838,0.036556206566138144,2.604020831572219
7,11,0train,1test,inductive,0.25,clean,288,72,216,1,left_hand,0.0,0.7824074074074074,0.7824074074074073,0.7791296982226433,0.7098765432098766,,,,,,,,,,,,
7,11,0train,1test,inductive,0.25,poisoned,288,72,216,1,left_hand,0.9259259259259259,0.7777777777777778,0.7777777777777778,0.777061348913459,0.7037037037037037,,,,,,,,,,,,
7,11,0train,1test,inductive,0.25,spectral_baseline,278,72,216,1,left_hand,0.9135802469135802,0.7777777777777778,0.7777777777777778,0.7767809173840028,0.7037037037037037,0.11148176885724394,0.01664882657595087,10.0,0.034722222222222224,0.034482758620689655,0.1,0.03474903474903475,,,,,
7,11,0train,1test,inductive,0.25,crcs,245,72,216,1,left_hand,0.0,0.7916666666666666,0.7916666666666666,0.7900757696950307,0.7222222222222222,,,43.0,0.14930555555555555,1.0,0.6744186046511628,0.05405405405405406,1.0,0.42335356208781233,4.355951950863054,0.04908288430725402,1.6011129566912534
7,22,0train,1test,inductive,0.25,clean,288,72,216,1,left_hand,0.0,0.7777777777777778,0.7777777777777778,0.7760189589976825,0.7037037037037037,,,,,,,,,,,,
7,22,0train,1test,inductive,0.25,poisoned,288,72,216,1,left_hand,0.9259259259259259,0.7546296296296297,0.7546296296296298,0.7491079322975875,0.6728395061728395,,,,,,,,,,,,
7,22,0train,1test,inductive,0.25,spectral_baseline,279,72,216,1,left_hand,0.9320987654320988,0.7685185185185185,0.7685185185185184,0.7630286570950815,0.691358024691358,0.11327571273267045,0.018019927830774572,9.0,0.03125,0.06896551724137931,0.2222222222222222,0.02702702702702703,,,,,
7,22,0train,1test,inductive,0.25,crcs,245,72,216,1,left_hand,0.0,0.8009259259259259,0.8009259259259259,0.8007062547241119,0.7345679012345678,,,43.0,0.14930555555555555,1.0,0.6744186046511628,0.05405405405405406,1.0,0.4698252700837162,4.83192674132026,0.0358927333668668,1.8338094306409483
7,33,0train,1test,inductive,0.25,clean,288,72,216,1,left_hand,0.0,0.7777777777777778,0.7777777777777779,0.7729102878774832,0.7037037037037037,,,,,,,,,,,,
7,33,0train,1test,inductive,0.25,poisoned,288,72,216,1,left_hand,0.9876543209876543,0.7222222222222222,0.7222222222222223,0.7187329071082574,0.6296296296296297,,,,,,,,,,,,
7,33,0train,1test,inductive,0.25,spectral_baseline,276,72,216,1,left_hand,0.9876543209876543,0.7222222222222222,0.7222222222222223,0.7194271037652258,0.6296296296296297,0.11148176885724394,0.015997220767541703,12.0,0.041666666666666664,0.0,0.0,0.04633204633204633,,,,,
7,33,0train,1test,inductive,0.25,crcs,245,72,216,1,left_hand,0.0,0.7870370370370371,0.787037037037037,0.7835138255776193,0.7160493827160495,,,43.0,0.14930555555555555,1.0,0.6744186046511628,0.05405405405405406,1.0,0.3492955333363755,3.508353183845926,0.044129018555235267,1.3069364850197713
7,44,0train,1test,inductive,0.25,clean,288,72,216,1,left_hand,0.0,0.7870370370370371,0.787037037037037,0.7847974736402548,0.7160493827160495,,,,,,,,,,,,
7,44,0train,1test,inductive,0.25,poisoned,288,72,216,1,left_hand,0.9444444444444444,0.7685185185185185,0.7685185185185185,0.7679496798719487,0.691358024691358,,,,,,,,,,,,
7,44,0train,1test,inductive,0.25,spectral_baseline,278,72,216,1,left_hand,0.9444444444444444,0.7638888888888888,0.7638888888888888,0.7636055937526526,0.6851851851851851,0.1116425687195636,0.017055918942787525,10.0,0.034722222222222224,0.0,0.0,0.03861003861003861,,,,,
7,44,0train,1test,inductive,0.25,crcs,245,72,216,1,left_hand,0.0,0.7870370370370371,0.7870370370370371,0.7863274643463334,0.7160493827160495,,,43.0,0.14930555555555555,1.0,0.6744186046511628,0.05405405405405406,1.0,0.4311493657244283,4.129657216247386,0.04279770335396982,1.5336577610282145
7,55,0train,1test,inductive,0.25,clean,288,72,216,1,left_hand,0.0,0.7916666666666666,0.7916666666666666,0.7900103920510163,0.7222222222222222,,,,,,,,,,,,
7,55,0train,1test,inductive,0.25,poisoned,288,72,216,1,left_hand,0.9814814814814815,0.7546296296296297,0.7546296296296295,0.7551181056369838,0.6728395061728395,,,,,,,,,,,,
7,55,0train,1test,inductive,0.25,spectral_baseline,278,72,216,1,left_hand,0.9814814814814815,0.7592592592592593,0.7592592592592592,0.7591613310988405,0.6790123456790124,0.11104074671016244,0.016358088093825704,10.0,0.034722222222222224,0.034482758620689655,0.1,0.03474903474903475,,,,,
7,55,0train,1test,inductive,0.25,crcs,245,72,216,1,left_hand,0.0,0.7870370370370371,0.7870370370370371,0.7861648487583806,0.7160493827160495,,,43.0,0.14930555555555555,1.0,0.6744186046511628,0.05405405405405406,1.0,0.3828126716030415,4.02455001201531,0.017549118750090097,1.3613360093621107
7,11,0train,1test,inductive,0.5,clean,288,144,144,1,left_hand,0.0,0.8263888888888888,0.8263888888888888,0.8259595690591437,0.7685185185185185,,,,,,,,,,,,
7,11,0train,1test,inductive,0.5,poisoned,288,144,144,1,left_hand,0.9074074074074074,0.7847222222222222,0.7847222222222222,0.7843493597116786,0.712962962962963,,,,,,,,,,,,
7,11,0train,1test,inductive,0.5,spectral_baseline,278,144,144,1,left_hand,0.8888888888888888,0.7638888888888888,0.763888888888889,0.764078364078364,0.6851851851851851,0.11148176885724394,0.01664882657595087,10.0,0.034722222222222224,0.034482758620689655,0.1,0.03474903474903475,,,,,
7,11,0train,1test,inductive,0.5,crcs,245,144,144,1,left_hand,0.0,0.8402777777777778,0.8402777777777778,0.840929089026915,0.787037037037037,,,43.0,0.14930555555555555,1.0,0.6744186046511628,0.05405405405405406,1.0,0.3837083264184396,4.067838403699045,0.035084830408093994,1.4861412073055804
7,22,0train,1test,inductive,0.5,clean,288,144,144,1,left_hand,0.0,0.7916666666666666,0.7916666666666667,0.7923646401907272,0.7222222222222222,,,,,,,,,,,,
7,22,0train,1test,inductive,0.5,poisoned,288,144,144,1,left_hand,0.7962962962962963,0.7847222222222222,0.7847222222222222,0.7822792072448927,0.712962962962963,,,,,,,,,,,,
7,22,0train,1test,inductive,0.5,spectral_baseline,279,144,144,1,left_hand,0.7870370370370371,0.7777777777777778,0.7777777777777778,0.7749412568689678,0.7037037037037037,0.11327571273267045,0.018019927830774572,9.0,0.03125,0.06896551724137931,0.2222222222222222,0.02702702702702703,,,,,
7,22,0train,1test,inductive,0.5,crcs,245,144,144,1,left_hand,0.0,0.7916666666666666,0.7916666666666667,0.7933412010364813,0.7222222222222222,,,43.0,0.14930555555555555,1.0,0.6744186046511628,0.05405405405405406,1.0,0.5353680092604656,5.705815437728388,0.037095563993441015,1.99866532605327
7,33,0train,1test,inductive,0.5,clean,288,144,144,1,left_hand,0.0,0.8194444444444444,0.8194444444444444,0.8170110623784426,0.7592592592592593,,,,,,,,,,,,
7,33,0train,1test,inductive,0.5,poisoned,288,144,144,1,left_hand,0.9629629629629629,0.7847222222222222,0.7847222222222222,0.7861420730989526,0.712962962962963,,,,,,,,,,,,
7,33,0train,1test,inductive,0.5,spectral_baseline,276,144,144,1,left_hand,0.9629629629629629,0.7847222222222222,0.7847222222222222,0.7856727711585959,0.712962962962963,0.11148176885724394,0.015997220767541703,12.0,0.041666666666666664,0.0,0.0,0.04633204633204633,,,,,
7,33,0train,1test,inductive,0.5,crcs,245,144,144,1,left_hand,0.0,0.8611111111111112,0.8611111111111112,0.8598534798534799,0.8148148148148149,,,43.0,0.14930555555555555,1.0,0.6744186046511628,0.05405405405405406,1.0,0.42586852360609234,4.6806611357829,0.028981758317210022,1.6728214072270378
7,44,0train,1test,inductive,0.5,clean,288,144,144,1,left_hand,0.0,0.8472222222222222,0.8472222222222222,0.8473386858754912,0.7962962962962963,,,,,,,,,,,,
7,44,0train,1test,inductive,0.5,poisoned,288,144,144,1,left_hand,0.9259259259259259,0.8125,0.8125,0.8123188007873556,0.75,,,,,,,,,,,,
7,44,0train,1test,inductive,0.5,spectral_baseline,278,144,144,1,left_hand,0.9166666666666666,0.8194444444444444,0.8194444444444444,0.8194306322595861,0.7592592592592593,0.1116425687195636,0.017055918942787525,10.0,0.034722222222222224,0.0,0.0,0.03861003861003861,,,,,
7,44,0train,1test,inductive,0.5,crcs,245,144,144,1,left_hand,0.0,0.8611111111111112,0.861111111111111,0.8612969156447418,0.8148148148148149,,,43.0,0.14930555555555555,1.0,0.6744186046511628,0.05405405405405406,1.0,0.4869566816489706,4.890254079050752,0.041454423928717316,1.8329341305557785
7,55,0train,1test,inductive,0.5,clean,288,144,144,1,left_hand,0.0,0.8125,0.8125,0.8117714532217941,0.75,,,,,,,,,,,,
7,55,0train,1test,inductive,0.5,poisoned,288,144,144,1,left_hand,0.9166666666666666,0.8263888888888888,0.826388888888889,0.8268435751644707,0.7685185185185185,,,,,,,,,,,,
7,55,0train,1test,inductive,0.5,spectral_baseline,278,144,144,1,left_hand,0.9166666666666666,0.8333333333333334,0.8333333333333334,0.8328559342190822,0.7777777777777778,0.11104074671016244,0.016358088093825704,10.0,0.034722222222222224,0.034482758620689655,0.1,0.03474903474903475,,,,,
7,55,0train,1test,inductive,0.5,crcs,245,144,144,1,left_hand,0.0,0.8194444444444444,0.8194444444444444,0.8200981666735092,0.7592592592592593,,,43.0,0.14930555555555555,1.0,0.6744186046511628,0.05405405405405406,1.0,0.40627835653564026,4.455025351208288,0.01786562425213215,1.6997059483035006
7,11,0train,1test,inductive,0.75,clean,288,216,72,1,left_hand,0.0,0.8194444444444444,0.8194444444444445,0.8183983199463075,0.7592592592592593,,,,,,,,,,,,
7,11,0train,1test,inductive,0.75,poisoned,288,216,72,1,left_hand,0.8888888888888888,0.75,0.75,0.7473856209150327,0.6666666666666667,,,,,,,,,,,,
7,11,0train,1test,inductive,0.75,spectral_baseline,278,216,72,1,left_hand,0.9074074074074074,0.7361111111111112,0.7361111111111112,0.7340336134453782,0.6481481481481481,0.11148176885724394,0.01664882657595087,10.0,0.034722222222222224,0.034482758620689655,0.1,0.03474903474903475,,,,,
7,11,0train,1test,inductive,0.75,crcs,245,216,72,1,left_hand,0.0,0.8333333333333334,0.8333333333333334,0.8329893360853113,0.7777777777777778,,,43.0,0.14930555555555555,1.0,0.6744186046511628,0.05405405405405406,1.0,0.4105116140128774,4.434381653239887,0.03054130827055189,1.6169009038525912
7,22,0train,1test,inductive,0.75,clean,288,216,72,1,left_hand,0.0,0.8472222222222222,0.8472222222222223,0.846953781512605,0.7962962962962963,,,,,,,,,,,,
7,22,0train,1test,inductive,0.75,poisoned,288,216,72,1,left_hand,0.7407407407407407,0.8194444444444444,0.8194444444444444,0.81995211995212,0.7592592592592593,,,,,,,,,,,,
7,22,0train,1test,inductive,0.75,spectral_baseline,279,216,72,1,left_hand,0.6666666666666666,0.7777777777777778,0.7777777777777778,0.7785098676739544,0.7037037037037037,0.11327571273267045,0.018019927830774572,9.0,0.03125,0.06896551724137931,0.2222222222222222,0.02702702702702703,,,,,
7,22,0train,1test,inductive,0.75,crcs,245,216,72,1,left_hand,0.0,0.8472222222222222,0.8472222222222223,0.8465201465201465,0.7962962962962963,,,43.0,0.14930555555555555,1.0,0.6744186046511628,0.05405405405405406,1.0,0.5350523813008311,5.7478082400140025,0.0360048254051477,2.056040676871233
7,33,0train,1test,inductive,0.75,clean,288,216,72,1,left_hand,0.0,0.9027777777777778,0.9027777777777778,0.9027456027456028,0.8703703703703703,,,,,,,,,,,,
7,33,0train,1test,inductive,0.75,poisoned,288,216,72,1,left_hand,0.9444444444444444,0.8333333333333334,0.8333333333333333,0.8336580859800674,0.7777777777777778,,,,,,,,,,,,
7,33,0train,1test,inductive,0.75,spectral_baseline,276,216,72,1,left_hand,0.9259259259259259,0.7916666666666666,0.7916666666666666,0.7919657097288677,0.7222222222222222,0.11148176885724394,0.015997220767541703,12.0,0.041666666666666664,0.0,0.0,0.04633204633204633,,,,,
7,33,0train,1test,inductive,0.75,crcs,245,216,72,1,left_hand,0.0,0.9027777777777778,0.9027777777777778,0.9027456027456028,0.8703703703703703,,,43.0,0.14930555555555555,1.0,0.6744186046511628,0.05405405405405406,1.0,0.40484946407459765,4.496271179071295,0.023852838972719708,1.5235401885802526
7,44,0train,1test,inductive,0.75,clean,288,216,72,1,left_hand,0.0,0.875,0.875,0.8743966817496229,0.8333333333333334,,,,,,,,,,,,
7,44,0train,1test,inductive,0.75,poisoned,288,216,72,1,left_hand,0.8148148148148148,0.8194444444444444,0.8194444444444444,0.8198256766450812,0.7592592592592593,,,,,,,,,,,,
7,44,0train,1test,inductive,0.75,spectral_baseline,278,216,72,1,left_hand,0.8148148148148148,0.8055555555555556,0.8055555555555556,0.8055954800619435,0.7407407407407407,0.1116425687195636,0.017055918942787525,10.0,0.034722222222222224,0.0,0.0,0.03861003861003861,,,,,
7,44,0train,1test,inductive,0.75,crcs,245,216,72,1,left_hand,0.0,0.875,0.875,0.8743966817496229,0.8333333333333334,,,43.0,0.14930555555555555,1.0,0.6744186046511628,0.05405405405405406,1.0,0.4204119932618654,4.237772046229795,0.025889131480462495,1.6540224656265952
7,55,0train,1test,inductive,0.75,clean,288,216,72,1,left_hand,0.0,0.8611111111111112,0.8611111111111112,0.8599708355805917,0.8148148148148149,,,,,,,,,,,,
7,55,0train,1test,inductive,0.75,poisoned,288,216,72,1,left_hand,0.8703703703703703,0.8333333333333334,0.8333333333333333,0.8317259494891074,0.7777777777777778,,,,,,,,,,,,
7,55,0train,1test,inductive,0.75,spectral_baseline,278,216,72,1,left_hand,0.8518518518518519,0.8472222222222222,0.8472222222222222,0.845934451197609,0.7962962962962963,0.11104074671016244,0.016358088093825704,10.0,0.034722222222222224,0.034482758620689655,0.1,0.03474903474903475,,,,,
7,55,0train,1test,inductive,0.75,crcs,245,216,72,1,left_hand,0.0,0.875,0.875,0.8744438647595032,0.8333333333333334,,,43.0,0.14930555555555555,1.0,0.6744186046511628,0.05405405405405406,1.0,0.4131948371472872,4.505938873477603,0.023911553502598572,1.6249687876573706
7,11,0train,1test,inductive,0.8,clean,288,232,56,1,left_hand,0.0,0.8214285714285714,0.8214285714285714,0.821062271062271,0.7619047619047619,,,,,,,,,,,,
7,11,0train,1test,inductive,0.8,poisoned,288,232,56,1,left_hand,0.8571428571428571,0.7142857142857143,0.7142857142857143,0.7139059860750627,0.6190476190476191,,,,,,,,,,,,
7,11,0train,1test,inductive,0.8,spectral_baseline,278,232,56,1,left_hand,0.8571428571428571,0.7321428571428571,0.7321428571428571,0.7316009852216749,0.6428571428571428,0.11148176885724394,0.01664882657595087,10.0,0.034722222222222224,0.034482758620689655,0.1,0.03474903474903475,,,,,
7,11,0train,1test,inductive,0.8,crcs,245,232,56,1,left_hand,0.0,0.8035714285714286,0.8035714285714285,0.8040731618317825,0.7380952380952381,,,43.0,0.14930555555555555,1.0,0.6744186046511628,0.05405405405405406,1.0,0.42601891173907297,4.5828896736739875,0.03143479035342472,1.6466424229566166
7,22,0train,1test,inductive,0.8,clean,288,232,56,1,left_hand,0.0,0.8571428571428571,0.8571428571428572,0.85548503220917,0.8095238095238095,,,,,,,,,,,,
7,22,0train,1test,inductive,0.8,poisoned,288,232,56,1,left_hand,0.6904761904761905,0.75,0.75,0.7503703703703704,0.6666666666666667,,,,,,,,,,,,
7,22,0train,1test,inductive,0.8,spectral_baseline,279,232,56,1,left_hand,0.6666666666666666,0.7857142857142857,0.7857142857142857,0.7859883545367417,0.7142857142857143,0.11327571273267045,0.018019927830774572,9.0,0.03125,0.06896551724137931,0.2222222222222222,0.02702702702702703,,,,,
7,22,0train,1test,inductive,0.8,crcs,245,232,56,1,left_hand,0.0,0.8214285714285714,0.8214285714285714,0.8200374019339536,0.7619047619047619,,,43.0,0.14930555555555555,1.0,0.6744186046511628,0.05405405405405406,1.0,0.5058503963670324,5.4319819477154665,0.0349435809831137,1.9310407464066242
7,33,0train,1test,inductive,0.8,clean,288,232,56,1,left_hand,0.0,0.9107142857142857,0.9107142857142857,0.9091855781510955,0.8809523809523809,,,,,,,,,,,,
7,33,0train,1test,inductive,0.8,poisoned,288,232,56,1,left_hand,0.8809523809523809,0.8571428571428571,0.8571428571428572,0.8560467629433147,0.8095238095238095,,,,,,,,,,,,
7,33,0train,1test,inductive,0.8,spectral_baseline,276,232,56,1,left_hand,0.9047619047619048,0.8571428571428571,0.8571428571428572,0.8563501910276103,0.8095238095238095,0.11148176885724394,0.015997220767541703,12.0,0.041666666666666664,0.0,0.0,0.04633204633204633,,,,,
7,33,0train,1test,inductive,0.8,crcs,245,232,56,1,left_hand,0.0,0.9107142857142857,0.9107142857142857,0.9091855781510955,0.8809523809523809,,,43.0,0.14930555555555555,1.0,0.6744186046511628,0.05405405405405406,1.0,0.4136678138044671,4.599518772355301,0.023647062162509416,1.5383259585164266
7,44,0train,1test,inductive,0.8,clean,288,232,56,1,left_hand,0.0,0.8928571428571429,0.8928571428571429,0.892063492063492,0.8571428571428572,,,,,,,,,,,,
7,44,0train,1test,inductive,0.8,poisoned,288,232,56,1,left_hand,0.9047619047619048,0.8214285714285714,0.8214285714285714,0.8199966758702096,0.7619047619047619,,,,,,,,,,,,
7,44,0train,1test,inductive,0.8,spectral_baseline,278,232,56,1,left_hand,0.9047619047619048,0.8035714285714286,0.8035714285714285,0.8015974505744327,0.7380952380952381,0.1116425687195636,0.017055918942787525,10.0,0.034722222222222224,0.0,0.0,0.03861003861003861,,,,,
7,44,0train,1test,inductive,0.8,crcs,245,232,56,1,left_hand,0.0,0.8928571428571429,0.8928571428571428,0.8915115854771027,0.8571428571428572,,,43.0,0.14930555555555555,1.0,0.6744186046511628,0.05405405405405406,1.0,0.4254401420597761,4.294336375410711,0.025956428624199945,1.6938153487664984
7,55,0train,1test,inductive,0.8,clean,288,232,56,1,left_hand,0.0,0.8571428571428571,0.8571428571428572,0.8540115798180314,0.8095238095238095,,,,,,,,,,,,
7,55,0train,1test,inductive,0.8,poisoned,288,232,56,1,left_hand,0.7857142857142857,0.8392857142857143,0.8392857142857143,0.8382436528988253,0.7857142857142857,,,,,,,,,,,,
7,55,0train,1test,inductive,0.8,spectral_baseline,278,232,56,1,left_hand,0.7857142857142857,0.8571428571428571,0.8571428571428571,0.8570288268564131,0.8095238095238095,0.11104074671016244,0.016358088093825704,10.0,0.034722222222222224,0.034482758620689655,0.1,0.03474903474903475,,,,,
7,55,0train,1test,inductive,0.8,crcs,245,232,56,1,left_hand,0.0,0.8928571428571429,0.8928571428571428,0.8912319481284998,0.8571428571428572,,,43.0,0.14930555555555555,1.0,0.6744186046511628,0.05405405405405406,1.0,0.42431767072297955,4.661354106913123,0.021330203335486846,1.6591820112167288
7,11,0train,1test,transductive,0.0,clean,288,0,288,1,left_hand,0.0,0.6979166666666666,0.6979166666666666,0.6794372844320165,0.5972222222222222,,,,,,,,,,,,
7,11,0train,1test,transductive,0.0,poisoned,288,0,288,1,left_hand,0.027777777777777776,0.6805555555555556,0.6805555555555556,0.6791053571510332,0.5740740740740741,,,,,,,,,,,,
7,11,0train,1test,transductive,0.0,spectral_baseline,278,0,288,1,left_hand,0.032407407407407406,0.65625,0.65625,0.6539745694918108,0.5416666666666667,0.11148176885724394,0.01664882657595087,10.0,0.034722222222222224,0.034482758620689655,0.1,0.03474903474903475,,,,,
7,11,0train,1test,transductive,0.0,crcs,245,0,288,1,left_hand,0.027777777777777776,0.6041666666666666,0.6041666666666667,0.5925898785637158,0.4722222222222222,,,43.0,0.14930555555555555,0.0,0.0,0.16602316602316602,0.0,0.040540349114739443,0.3157226075092414,-0.008454557370133717,0.3621326366342315
7,22,0train,1test,transductive,0.0,clean,288,0,288,1,left_hand,0.0,0.6979166666666666,0.6979166666666666,0.6794372844320165,0.5972222222222222,,,,,,,,,,,,
7,22,0train,1test,transductive,0.0,poisoned,288,0,288,1,left_hand,0.004629629629629629,0.7013888888888888,0.701388888888889,0.7024714812081784,0.6018518518518519,,,,,,,,,,,,
7,22,0train,1test,transductive,0.0,spectral_baseline,279,0,288,1,left_hand,0.004629629629629629,0.7083333333333334,0.7083333333333334,0.7098774795657982,0.6111111111111112,0.11327571273267045,0.018019927830774572,9.0,0.03125,0.06896551724137931,0.2222222222222222,0.02702702702702703,,,,,
7,22,0train,1test,transductive,0.0,crcs,245,0,288,1,left_hand,0.004629629629629629,0.6701388888888888,0.6701388888888888,0.6701704238818621,0.5601851851851851,,,43.0,0.14930555555555555,0.0,0.0,0.16602316602316602,0.0,0.04180248425357495,0.3350215718315187,-2.2164837568726237e-06,0.3440201186612626
7,33,0train,1test,transductive,0.0,clean,288,0,288,1,left_hand,0.0,0.6979166666666666,0.6979166666666666,0.6794372844320165,0.5972222222222222,,,,,,,,,,,,
7,33,0train,1test,transductive,0.0,poisoned,288,0,288,1,left_hand,0.027777777777777776,0.6736111111111112,0.673611111111111,0.6730273674081655,0.5648148148148149,,,,,,,,,,,,
7,33,0train,1test,transductive,0.0,spectral_baseline,276,0,288,1,left_hand,0.013888888888888888,0.6701388888888888,0.6701388888888888,0.6682651817501104,0.5601851851851851,0.11148176885724394,0.015997220767541703,12.0,0.041666666666666664,0.0,0.0,0.04633204633204633,,,,,
7,33,0train,1test,transductive,0.0,crcs,245,0,288,1,left_hand,0.013888888888888888,0.6493055555555556,0.6493055555555556,0.6479378907268917,0.5324074074074074,,,43.0,0.14930555555555555,0.0,0.0,0.16602316602316602,0.0,0.04250269215096916,0.37007174551397426,-0.005211080574950992,0.3548060564451903
7,44,0train,1test,transductive,0.0,clean,288,0,288,1,left_hand,0.0,0.6979166666666666,0.6979166666666666,0.6794372844320165,0.5972222222222222,,,,,,,,,,,,
7,44,0train,1test,transductive,0.0,poisoned,288,0,288,1,left_hand,0.004629629629629629,0.7048611111111112,0.7048611111111112,0.7025319836899409,0.6064814814814814,,,,,,,,,,,,
7,44,0train,1test,transductive,0.0,spectral_baseline,278,0,288,1,left_hand,0.004629629629629629,0.6979166666666666,0.6979166666666667,0.6945074475645128,0.5972222222222222,0.1116425687195636,0.017055918942787525,10.0,0.034722222222222224,0.0,0.0,0.03861003861003861,,,,,
7,44,0train,1test,transductive,0.0,crcs,245,0,288,1,left_hand,0.013888888888888888,0.6736111111111112,0.6736111111111112,0.6700595930933879,0.5648148148148149,,,43.0,0.14930555555555555,0.0,0.0,0.16602316602316602,0.0,0.04394031759680153,0.3477539520182077,-0.005804686951782592,0.356933970428187
7,55,0train,1test,transductive,0.0,clean,288,0,288,1,left_hand,0.0,0.6979166666666666,0.6979166666666666,0.6794372844320165,0.5972222222222222,,,,,,,,,,,,
7,55,0train,1test,transductive,0.0,poisoned,288,0,288,1,left_hand,0.023148148148148147,0.6909722222222222,0.6909722222222222,0.6889420499800853,0.587962962962963,,,,,,,,,,,,
7,55,0train,1test,transductive,0.0,spectral_baseline,278,0,288,1,left_hand,0.032407407407407406,0.6909722222222222,0.6909722222222222,0.6892789247109101,0.587962962962963,0.11104074671016244,0.016358088093825704,10.0,0.034722222222222224,0.034482758620689655,0.1,0.03474903474903475,,,,,
7,55,0train,1test,transductive,0.0,crcs,245,0,288,1,left_hand,0.027777777777777776,0.6666666666666666,0.6666666666666666,0.6619629898366742,0.5555555555555556,,,43.0,0.14930555555555555,0.0,0.0,0.16602316602316602,0.0,0.039617204741232676,0.4437015105974732,-0.010806057386228118,0.34915321866515786
7,11,0train,1test,transductive,0.1,clean,288,28,260,1,left_hand,0.0,0.7692307692307693,0.7692307692307693,0.7619824177440515,0.6923076923076923,,,,,,,,,,,,
7,11,0train,1test,transductive,0.1,poisoned,288,28,260,1,left_hand,0.05128205128205128,0.7346153846153847,0.7346153846153847,0.7338602853256808,0.6461538461538461,,,,,,,,,,,,
7,11,0train,1test,transductive,0.1,spectral_baseline,278,28,260,1,left_hand,0.005128205128205128,0.7153846153846154,0.7153846153846155,0.7127560837990139,0.6205128205128205,0.11148176885724394,0.01664882657595087,10.0,0.034722222222222224,0.034482758620689655,0.1,0.03474903474903475,,,,,
7,11,0train,1test,transductive,0.1,crcs,245,28,260,1,left_hand,0.0,0.7576923076923077,0.7576923076923077,0.7508657936983378,0.676923076923077,,,43.0,0.14930555555555555,1.0,0.6744186046511628,0.05405405405405406,1.0,0.3777796450193683,3.4851295999023377,0.0807407177877546,1.1529471814612033
7,22,0train,1test,transductive,0.1,clean,288,28,260,1,left_hand,0.0,0.7384615384615385,0.7384615384615385,0.7297382902668985,0.6512820512820513,,,,,,,,,,,,
7,22,0train,1test,transductive,0.1,poisoned,288,28,260,1,left_hand,0.005128205128205128,0.7230769230769231,0.7230769230769232,0.7237604082871166,0.6307692307692307,,,,,,,,,,,,
7,22,0train,1test,transductive,0.1,spectral_baseline,279,28,260,1,left_hand,0.035897435897435895,0.7538461538461538,0.7538461538461538,0.7549054508098325,0.6717948717948719,0.11327571273267045,0.018019927830774572,9.0,0.03125,0.06896551724137931,0.2222222222222222,0.02702702702702703,,,,,
7,22,0train,1test,transductive,0.1,crcs,245,28,260,1,left_hand,0.0,0.7423076923076923,0.7423076923076923,0.7391115140279021,0.6564102564102564,,,43.0,0.14930555555555555,1.0,0.6744186046511628,0.05405405405405406,1.0,0.6622099592049241,6.700979383141657,0.07476492733641583,2.250806919691801
7,33,0train,1test,transductive,0.1,clean,288,28,260,1,left_hand,0.0,0.7769230769230769,0.776923076923077,0.7720716178005242,0.7025641025641025,,,,,,,,,,,,
7,33,0train,1test,transductive,0.1,poisoned,288,28,260,1,left_hand,0.07179487179487179,0.7269230769230769,0.726923076923077,0.7247800542799268,0.6358974358974359,,,,,,,,,,,,
7,33,0train,1test,transductive,0.1,spectral_baseline,276,28,260,1,left_hand,0.020512820512820513,0.7269230769230769,0.7269230769230769,0.7246713201409596,0.6358974358974359,0.11148176885724394,0.015997220767541703,12.0,0.041666666666666664,0.0,0.0,0.04633204633204633,,,,,
7,33,0train,1test,transductive,0.1,crcs,245,28,260,1,left_hand,0.0,0.7923076923076923,0.7923076923076924,0.7881803495837583,0.7230769230769231,,,43.0,0.14930555555555555,1.0,0.6744186046511628,0.05405405405405406,1.0,0.35289166060426547,3.211682136779,0.04762475382900219,1.2836050733704942
7,44,0train,1test,transductive,0.1,clean,288,28,260,1,left_hand,0.0,0.7730769230769231,0.773076923076923,0.7693528322858616,0.6974358974358974,,,,,,,,,,,,
7,44,0train,1test,transductive,0.1,poisoned,288,28,260,1,left_hand,0.005128205128205128,0.7423076923076923,0.7423076923076923,0.7395247796261214,0.6564102564102564,,,,,,,,,,,,
7,44,0train,1test,transductive,0.1,spectral_baseline,278,28,260,1,left_hand,0.010256410256410256,0.7423076923076923,0.7423076923076922,0.7398447818701489,0.6564102564102564,0.1116425687195636,0.017055918942787525,10.0,0.034722222222222224,0.0,0.0,0.03861003861003861,,,,,
7,44,0train,1test,transductive,0.1,crcs,245,28,260,1,left_hand,0.0,0.7653846153846153,0.7653846153846153,0.7626803802399875,0.6871794871794872,,,43.0,0.14930555555555555,1.0,0.6744186046511628,0.05405405405405406,1.0,0.3294005915865933,2.8732578632742474,0.05907141172545379,1.04486126885325
7,55,0train,1test,transductive,0.1,clean,288,28,260,1,left_hand,0.0,0.7461538461538462,0.7461538461538462,0.7372594315087354,0.6615384615384615,,,,,,,,,,,,
7,55,0train,1test,transductive,0.1,poisoned,288,28,260,1,left_hand,0.03076923076923077,0.7423076923076923,0.7423076923076923,0.7404072814965136,0.6564102564102564,,,,,,,,,,,,
7,55,0train,1test,transductive,0.1,spectral_baseline,278,28,260,1,left_hand,0.03076923076923077,0.7269230769230769,0.726923076923077,0.7222085376067461,0.6358974358974359,0.11104074671016244,0.016358088093825704,10.0,0.034722222222222224,0.034482758620689655,0.1,0.03474903474903475,,,,,
7,55,0train,1test,transductive,0.1,crcs,245,28,260,1,left_hand,0.0,0.7615384615384615,0.7615384615384616,0.7544017585669726,0.6820512820512821,,,43.0,0.14930555555555555,1.0,0.6744186046511628,0.05405405405405406,1.0,0.6307599946618114,6.297100850883435,0.037656986021293894,2.636500929616802
7,11,0train,1test,transductive,0.25,clean,288,72,216,1,left_hand,0.0,0.7962962962962963,0.7962962962962963,0.7937375080403797,0.7283950617283951,,,,,,,,,,,,
7,11,0train,1test,transductive,0.25,poisoned,288,72,216,1,left_hand,0.9259259259259259,0.7685185185185185,0.7685185185185185,0.7673292536420081,0.691358024691358,,,,,,,,,,,,
7,11,0train,1test,transductive,0.25,spectral_baseline,278,72,216,1,left_hand,0.9197530864197531,0.7731481481481481,0.7731481481481481,0.7722113099768488,0.6975308641975309,0.11148176885724394,0.01664882657595087,10.0,0.034722222222222224,0.034482758620689655,0.1,0.03474903474903475,,,,,
7,11,0train,1test,transductive,0.25,crcs,245,72,216,1,left_hand,0.0,0.7916666666666666,0.7916666666666666,0.7900561607192302,0.7222222222222222,,,43.0,0.14930555555555555,1.0,0.6744186046511628,0.05405405405405406,1.0,0.4262276701037187,4.401995581297889,0.048880376154487475,1.5904448318743982
7,22,0train,1test,transductive,0.25,clean,288,72,216,1,left_hand,0.0,0.7777777777777778,0.7777777777777778,0.7760189589976825,0.7037037037037037,,,,,,,,,,,,
7,22,0train,1test,transductive,0.25,poisoned,288,72,216,1,left_hand,0.9197530864197531,0.7638888888888888,0.763888888888889,0.762327608639084,0.6851851851851851,,,,,,,,,,,,
7,22,0train,1test,transductive,0.25,spectral_baseline,279,72,216,1,left_hand,0.9320987654320988,0.7777777777777778,0.7777777777777777,0.7732762121793281,0.7037037037037037,0.11327571273267045,0.018019927830774572,9.0,0.03125,0.06896551724137931,0.2222222222222222,0.02702702702702703,,,,,
7,22,0train,1test,transductive,0.25,crcs,245,72,216,1,left_hand,0.0,0.8055555555555556,0.8055555555555556,0.8055627272637689,0.7407407407407407,,,43.0,0.14930555555555555,1.0,0.6744186046511628,0.05405405405405406,1.0,0.47868447496748284,4.935634070919026,0.036782807907515785,1.8706630045529
7,33,0train,1test,transductive,0.25,clean,288,72,216,1,left_hand,0.0,0.7824074074074074,0.7824074074074074,0.7773665771293855,0.7098765432098766,,,,,,,,,,,,
7,33,0train,1test,transductive,0.25,poisoned,288,72,216,1,left_hand,0.9876543209876543,0.7268518518518519,0.7268518518518519,0.7225106812877408,0.6358024691358024,,,,,,,,,,,,
7,33,0train,1test,transductive,0.25,spectral_baseline,276,72,216,1,left_hand,0.9876543209876543,0.7222222222222222,0.7222222222222222,0.7192404195298125,0.6296296296296297,0.11148176885724394,0.015997220767541703,12.0,0.041666666666666664,0.0,0.0,0.04633204633204633,,,,,
7,33,0train,1test,transductive,0.25,crcs,245,72,216,1,left_hand,0.0,0.7824074074074074,0.7824074074074074,0.7783670965030034,0.7098765432098766,,,43.0,0.14930555555555555,1.0,0.6744186046511628,0.05405405405405406,1.0,0.34465074578703214,3.462937408104754,0.04115045085464812,1.315094595263488
7,44,0train,1test,transductive,0.25,clean,288,72,216,1,left_hand,0.0,0.7824074074074074,0.7824074074074074,0.7806884106602239,0.7098765432098766,,,,,,,,,,,,
7,44,0train,1test,transductive,0.25,poisoned,288,72,216,1,left_hand,0.9567901234567902,0.7361111111111112,0.736111111111111,0.7340381747118349,0.6481481481481481,,,,,,,,,,,,
7,44,0train,1test,transductive,0.25,spectral_baseline,278,72,216,1,left_hand,0.9444444444444444,0.7592592592592593,0.7592592592592593,0.7597169559991575,0.6790123456790124,0.1116425687195636,0.017055918942787525,10.0,0.034722222222222224,0.0,0.0,0.03861003861003861,,,,,
7,44,0train,1test,transductive,0.25,crcs,245,72,216,1,left_hand,0.0,0.7824074074074074,0.7824074074074074,0.7797867341551379,0.7098765432098766,,,43.0,0.14930555555555555,1.0,0.6744186046511628,0.05405405405405406,1.0,0.42957452383345557,4.1183750270074855,0.041891779851655514,1.5475624340293779
7,55,0train,1test,transductive,0.25,clean,288,72,216,1,left_hand,0.0,0.7962962962962963,0.7962962962962963,0.7941641424185866,0.7283950617283951,,,,,,,,,,,,
7,55,0train,1test,transductive,0.25,poisoned,288,72,216,1,left_hand,0.9876543209876543,0.7546296296296297,0.7546296296296297,0.7544631611016132,0.6728395061728395,,,,,,,,,,,,
7,55,0train,1test,transductive,0.25,spectral_baseline,278,72,216,1,left_hand,0.9876543209876543,0.7685185185185185,0.7685185185185185,0.768566531874873,0.691358024691358,0.11104074671016244,0.016358088093825704,10.0,0.034722222222222224,0.034482758620689655,0.1,0.03474903474903475,,,,,
7,55,0train,1test,transductive,0.25,crcs,245,72,216,1,left_hand,0.0,0.7916666666666666,0.7916666666666667,0.7912698412698412,0.7222222222222222,,,43.0,0.14930555555555555,1.0,0.6744186046511628,0.05405405405405406,1.0,0.3825693373404542,4.027013188529171,0.016937413143049886,1.354738052248963
7,11,0train,1test,transductive,0.5,clean,288,144,144,1,left_hand,0.0,0.8263888888888888,0.8263888888888888,0.8261530000900927,0.7685185185185185,,,,,,,,,,,,
7,11,0train,1test,transductive,0.5,poisoned,288,144,144,1,left_hand,0.8796296296296297,0.7847222222222222,0.7847222222222222,0.7843493597116786,0.712962962962963,,,,,,,,,,,,
7,11,0train,1test,transductive,0.5,spectral_baseline,278,144,144,1,left_hand,0.8888888888888888,0.7708333333333334,0.7708333333333334,0.7712816727865928,0.6944444444444444,0.11148176885724394,0.01664882657595087,10.0,0.034722222222222224,0.034482758620689655,0.1,0.03474903474903475,,,,,
7,11,0train,1test,transductive,0.5,crcs,245,144,144,1,left_hand,0.0,0.8333333333333334,0.8333333333333334,0.8341384863123994,0.7777777777777778,,,43.0,0.14930555555555555,1.0,0.6744186046511628,0.05405405405405406,1.0,0.38388560730607235,4.076519181334401,0.03427290172229722,1.4917875754658452
7,22,0train,1test,transductive,0.5,clean,288,144,144,1,left_hand,0.0,0.7986111111111112,0.7986111111111112,0.7993857187532384,0.7314814814814814,,,,,,,,,,,,
7,22,0train,1test,transductive,0.5,poisoned,288,144,144,1,left_hand,0.8148148148148148,0.7569444444444444,0.7569444444444444,0.7547023075584134,0.6759259259259259,,,,,,,,,,,,
7,22,0train,1test,transductive,0.5,spectral_baseline,279,144,144,1,left_hand,0.7870370370370371,0.7847222222222222,0.7847222222222222,0.7823259058015155,0.712962962962963,0.11327571273267045,0.018019927830774572,9.0,0.03125,0.06896551724137931,0.2222222222222222,0.02702702702702703,,,,,
7,22,0train,1test,transductive,0.5,crcs,245,144,144,1,left_hand,0.0,0.7916666666666666,0.7916666666666667,0.7933412010364813,0.7222222222222222,,,43.0,0.14930555555555555,1.0,0.6744186046511628,0.05405405405405406,1.0,0.5407591351920124,5.779185219466946,0.037158641654755874,2.0259286608971414
7,33,0train,1test,transductive,0.5,clean,288,144,144,1,left_hand,0.0,0.8194444444444444,0.8194444444444444,0.8170110623784426,0.7592592592592593,,,,,,,,,,,,
7,33,0train,1test,transductive,0.5,poisoned,288,144,144,1,left_hand,0.9722222222222222,0.7916666666666666,0.7916666666666666,0.7925140201259604,0.7222222222222222,,,,,,,,,,,,
7,33,0train,1test,transductive,0.5,spectral_baseline,276,144,144,1,left_hand,0.9629629629629629,0.7847222222222222,0.7847222222222222,0.7856727711585959,0.712962962962963,0.11148176885724394,0.015997220767541703,12.0,0.041666666666666664,0.0,0.0,0.04633204633204633,,,,,
7,33,0train,1test,transductive,0.5,crcs,245,144,144,1,left_hand,0.0,0.8541666666666666,0.8541666666666667,0.8529493029493029,0.8055555555555556,,,43.0,0.14930555555555555,1.0,0.6744186046511628,0.05405405405405406,1.0,0.4192062757818764,4.6145826636379415,0.028181953593674633,1.6117800278899337
7,44,0train,1test,transductive,0.5,clean,288,144,144,1,left_hand,0.0,0.8611111111111112,0.861111111111111,0.861281692164045,0.8148148148148149,,,,,,,,,,,,
7,44,0train,1test,transductive,0.5,poisoned,288,144,144,1,left_hand,0.9259259259259259,0.8125,0.8125,0.812451396253093,0.75,,,,,,,,,,,,
7,44,0train,1test,transductive,0.5,spectral_baseline,278,144,144,1,left_hand,0.9166666666666666,0.8125,0.8125,0.8123188007873556,0.75,0.1116425687195636,0.017055918942787525,10.0,0.034722222222222224,0.0,0.0,0.03861003861003861,,,,,
7,44,0train,1test,transductive,0.5,crcs,245,144,144,1,left_hand,0.0,0.8541666666666666,0.8541666666666666,0.8539902010192449,0.8055555555555556,,,43.0,0.14930555555555555,1.0,0.6744186046511628,0.05405405405405406,1.0,0.48399687861550234,4.858945191408433,0.04087285918056586,1.8170628125016743
7,55,0train,1test,transductive,0.5,clean,288,144,144,1,left_hand,0.0,0.8125,0.8125,0.8117714532217941,0.75,,,,,,,,,,,,
7,55,0train,1test,transductive,0.5,poisoned,288,144,144,1,left_hand,0.9351851851851852,0.8055555555555556,0.8055555555555555,0.8056994487292634,0.7407407407407407,,,,,,,,,,,,
7,55,0train,1test,transductive,0.5,spectral_baseline,278,144,144,1,left_hand,0.9166666666666666,0.8263888888888888,0.826388888888889,0.8252801766433246,0.7685185185185185,0.11104074671016244,0.016358088093825704,10.0,0.034722222222222224,0.034482758620689655,0.1,0.03474903474903475,,,,,
7,55,0train,1test,transductive,0.5,crcs,245,144,144,1,left_hand,0.0,0.8125,0.8125,0.8129546862755819,0.75,,,43.0,0.14930555555555555,1.0,0.6744186046511628,0.05405405405405406,1.0,0.40613593108921264,4.448901414822904,0.01873537642907225,1.7032618286283439
7,11,0train,1test,transductive,0.75,clean,288,216,72,1,left_hand,0.0,0.8055555555555556,0.8055555555555556,0.8046278046278046,0.7407407407407407,,,,,,,,,,,,
7,11,0train,1test,transductive,0.75,poisoned,288,216,72,1,left_hand,0.8888888888888888,0.75,0.75,0.7473856209150327,0.6666666666666667,,,,,,,,,,,,
7,11,0train,1test,transductive,0.75,spectral_baseline,278,216,72,1,left_hand,0.9074074074074074,0.7361111111111112,0.7361111111111112,0.7340336134453782,0.6481481481481481,0.11148176885724394,0.01664882657595087,10.0,0.034722222222222224,0.034482758620689655,0.1,0.03474903474903475,,,,,
7,11,0train,1test,transductive,0.75,crcs,245,216,72,1,left_hand,0.0,0.8333333333333334,0.8333333333333334,0.8329893360853113,0.7777777777777778,,,43.0,0.14930555555555555,1.0,0.6744186046511628,0.05405405405405406,1.0,0.4104053238697298,4.430604220554773,0.030488638743658352,1.619187155351684
7,22,0train,1test,transductive,0.75,clean,288,216,72,1,left_hand,0.0,0.8611111111111112,0.8611111111111112,0.8603390073978309,0.8148148148148149,,,,,,,,,,,,
7,22,0train,1test,transductive,0.75,poisoned,288,216,72,1,left_hand,0.7407407407407407,0.8194444444444444,0.8194444444444444,0.81995211995212,0.7592592592592593,,,,,,,,,,,,
7,22,0train,1test,transductive,0.75,spectral_baseline,279,216,72,1,left_hand,0.6666666666666666,0.7777777777777778,0.7777777777777778,0.7785098676739544,0.7037037037037037,0.11327571273267045,0.018019927830774572,9.0,0.03125,0.06896551724137931,0.2222222222222222,0.02702702702702703,,,,,
7,22,0train,1test,transductive,0.75,crcs,245,216,72,1,left_hand,0.0,0.8472222222222222,0.8472222222222223,0.8465201465201465,0.7962962962962963,,,43.0,0.14930555555555555,1.0,0.6744186046511628,0.05405405405405406,1.0,0.5392923112010142,5.795123395159569,0.035955717442508944,2.070378084452874
7,33,0train,1test,transductive,0.75,clean,288,216,72,1,left_hand,0.0,0.9027777777777778,0.9027777777777778,0.9027456027456028,0.8703703703703703,,,,,,,,,,,,
7,33,0train,1test,transductive,0.75,poisoned,288,216,72,1,left_hand,0.9444444444444444,0.8333333333333334,0.8333333333333333,0.8336580859800674,0.7777777777777778,,,,,,,,,,,,
7,33,0train,1test,transductive,0.75,spectral_baseline,276,216,72,1,left_hand,0.9259259259259259,0.8472222222222222,0.8472222222222222,0.8475232198142415,0.7962962962962963,0.11148176885724394,0.015997220767541703,12.0,0.041666666666666664,0.0,0.0,0.04633204633204633,,,,,
7,33,0train,1test,transductive,0.75,crcs,245,216,72,1,left_hand,0.0,0.9027777777777778,0.9027777777777778,0.9027456027456028,0.8703703703703703,,,43.0,0.14930555555555555,1.0,0.6744186046511628,0.05405405405405406,1.0,0.4041377104935422,4.487473564664278,0.023897365322794722,1.5176979705775588
7,44,0train,1test,transductive,0.75,clean,288,216,72,1,left_hand,0.0,0.8888888888888888,0.8888888888888888,0.8881619175736823,0.8518518518518519,,,,,,,,,,,,
7,44,0train,1test,transductive,0.75,poisoned,288,216,72,1,left_hand,0.8148148148148148,0.8194444444444444,0.8194444444444444,0.8198256766450812,0.7592592592592593,,,,,,,,,,,,
7,44,0train,1test,transductive,0.75,spectral_baseline,278,216,72,1,left_hand,0.8148148148148148,0.8055555555555556,0.8055555555555556,0.8055954800619435,0.7407407407407407,0.1116425687195636,0.017055918942787525,10.0,0.034722222222222224,0.0,0.0,0.03861003861003861,,,,,
7,44,0train,1test,transductive,0.75,crcs,245,216,72,1,left_hand,0.0,0.8888888888888888,0.888888888888889,0.8880325814536341,0.8518518518518519,,,43.0,0.14930555555555555,1.0,0.6744186046511628,0.05405405405405406,1.0,0.42253501767958257,4.257168153240994,0.02615964942109011,1.6654826605907094
7,55,0train,1test,transductive,0.75,clean,288,216,72,1,left_hand,0.0,0.875,0.875,0.873925663631546,0.8333333333333334,,,,,,,,,,,,
7,55,0train,1test,transductive,0.75,poisoned,288,216,72,1,left_hand,0.8703703703703703,0.8333333333333334,0.8333333333333333,0.8317259494891074,0.7777777777777778,,,,,,,,,,,,
7,55,0train,1test,transductive,0.75,spectral_baseline,278,216,72,1,left_hand,0.8703703703703703,0.8472222222222222,0.8472222222222222,0.8468855468855468,0.7962962962962963,0.11104074671016244,0.016358088093825704,10.0,0.034722222222222224,0.034482758620689655,0.1,0.03474903474903475,,,,,
7,55,0train,1test,transductive,0.75,crcs,245,216,72,1,left_hand,0.0,0.8611111111111112,0.8611111111111112,0.8599708355805917,0.8148148148148149,,,43.0,0.14930555555555555,1.0,0.6744186046511628,0.05405405405405406,1.0,0.4131683065339911,4.509810262339638,0.023520712866912857,1.6288211494650202
7,11,0train,1test,transductive,0.8,clean,288,232,56,1,left_hand,0.0,0.7857142857142857,0.7857142857142857,0.7854406130268199,0.7142857142857143,,,,,,,,,,,,
7,11,0train,1test,transductive,0.8,poisoned,288,232,56,1,left_hand,0.8571428571428571,0.7321428571428571,0.7321428571428572,0.7306051061007957,0.6428571428571428,,,,,,,,,,,,
7,11,0train,1test,transductive,0.8,spectral_baseline,278,232,56,1,left_hand,0.8571428571428571,0.7321428571428571,0.7321428571428571,0.7316009852216749,0.6428571428571428,0.11148176885724394,0.01664882657595087,10.0,0.034722222222222224,0.034482758620689655,0.1,0.03474903474903475,,,,,
7,11,0train,1test,transductive,0.8,crcs,245,232,56,1,left_hand,0.0,0.8214285714285714,0.8214285714285714,0.8225916803503011,0.7619047619047619,,,43.0,0.14930555555555555,1.0,0.6744186046511628,0.05405405405405406,1.0,0.4246615592329347,4.565611784612408,0.031594080377593564,1.640924294867076
7,22,0train,1test,transductive,0.8,clean,288,232,56,1,left_hand,0.0,0.8571428571428571,0.8571428571428572,0.85548503220917,0.8095238095238095,,,,,,,,,,,,
7,22,0train,1test,transductive,0.8,poisoned,288,232,56,1,left_hand,0.6904761904761905,0.75,0.75,0.7503703703703704,0.6666666666666667,,,,,,,,,,,,
7,22,0train,1test,transductive,0.8,spectral_baseline,279,232,56,1,left_hand,0.6904761904761905,0.7857142857142857,0.7857142857142857,0.7867177522349936,0.7142857142857143,0.11327571273267045,0.018019927830774572,9.0,0.03125,0.06896551724137931,0.2222222222222222,0.02702702702702703,,,,,
7,22,0train,1test,transductive,0.8,crcs,245,232,56,1,left_hand,0.0,0.8214285714285714,0.8214285714285714,0.8200374019339536,0.7619047619047619,,,43.0,0.14930555555555555,1.0,0.6744186046511628,0.05405405405405406,1.0,0.5099257269233018,5.476179721347894,0.0352000356673367,1.9462070370519469
7,33,0train,1test,transductive,0.8,clean,288,232,56,1,left_hand,0.0,0.9107142857142857,0.9107142857142857,0.9091855781510955,0.8809523809523809,,,,,,,,,,,,
7,33,0train,1test,transductive,0.8,poisoned,288,232,56,1,left_hand,0.8809523809523809,0.8571428571428571,0.8571428571428572,0.8560467629433147,0.8095238095238095,,,,,,,,,,,,
7,33,0train,1test,transductive,0.8,spectral_baseline,276,232,56,1,left_hand,0.9047619047619048,0.8571428571428571,0.8571428571428572,0.8563501910276103,0.8095238095238095,0.11148176885724394,0.015997220767541703,12.0,0.041666666666666664,0.0,0.0,0.04633204633204633,,,,,
7,33,0train,1test,transductive,0.8,crcs,245,232,56,1,left_hand,0.0,0.9107142857142857,0.9107142857142857,0.9091855781510955,0.8809523809523809,,,43.0,0.14930555555555555,1.0,0.6744186046511628,0.05405405405405406,1.0,0.41380089444429075,4.601636561328128,0.023957166782034155,1.544135183011883
7,44,0train,1test,transductive,0.8,clean,288,232,56,1,left_hand,0.0,0.9107142857142857,0.9107142857142858,0.9097504666470184,0.8809523809523809,,,,,,,,,,,,
7,44,0train,1test,transductive,0.8,poisoned,288,232,56,1,left_hand,0.9047619047619048,0.8214285714285714,0.8214285714285714,0.8199966758702096,0.7619047619047619,,,,,,,,,,,,
7,44,0train,1test,transductive,0.8,spectral_baseline,278,232,56,1,left_hand,0.9047619047619048,0.8035714285714286,0.8035714285714286,0.8007659066394405,0.7380952380952381,0.1116425687195636,0.017055918942787525,10.0,0.034722222222222224,0.0,0.0,0.03861003861003861,,,,,
7,44,0train,1test,transductive,0.8,crcs,245,232,56,1,left_hand,0.0,0.8928571428571429,0.8928571428571428,0.8915115854771027,0.8571428571428572,,,43.0,0.14930555555555555,1.0,0.6744186046511628,0.05405405405405406,1.0,0.42573119667897497,4.296815145375501,0.02603626837352074,1.6937516548028695
7,55,0train,1test,transductive,0.8,clean,288,232,56,1,left_hand,0.0,0.8571428571428571,0.8571428571428572,0.8540115798180314,0.8095238095238095,,,,,,,,,,,,
7,55,0train,1test,transductive,0.8,poisoned,288,232,56,1,left_hand,0.7857142857142857,0.8392857142857143,0.8392857142857143,0.8382436528988253,0.7857142857142857,,,,,,,,,,,,
7,55,0train,1test,transductive,0.8,spectral_baseline,278,232,56,1,left_hand,0.7857142857142857,0.8571428571428571,0.8571428571428571,0.8570288268564131,0.8095238095238095,0.11104074671016244,0.016358088093825704,10.0,0.034722222222222224,0.034482758620689655,0.1,0.03474903474903475,,,,,
7,55,0train,1test,transductive,0.8,crcs,245,232,56,1,left_hand,0.0,0.8928571428571429,0.8928571428571428,0.8912319481284998,0.8571428571428572,,,43.0,0.14930555555555555,1.0,0.6744186046511628,0.05405405405405406,1.0,0.4253579985465756,4.674221990875708,0.021238764817525176,1.6627034282058188
8,11,0train,1test,inductive,0.0,clean,288,0,288,1,left_hand,0.0,0.7083333333333334,0.7083333333333334,0.7053115925589837,0.6111111111111112,,,,,,,,,,,,
8,11,0train,1test,inductive,0.0,poisoned,288,0,288,1,left_hand,0.0787037037037037,0.6666666666666666,0.6666666666666665,0.6491809742711439,0.5555555555555556,,,,,,,,,,,,
8,11,0train,1test,inductive,0.0,spectral_baseline,287,0,288,1,left_hand,0.06481481481481481,0.6666666666666666,0.6666666666666666,0.6564713308990722,0.5555555555555556,0.16356297690768,0.03536920222399331,1.0,0.003472222222222222,0.0,0.0,0.003861003861003861,,,,,
8,11,0train,1test,inductive,0.0,crcs,245,0,288,1,left_hand,0.018518518518518517,0.6666666666666666,0.6666666666666667,0.6489215566092322,0.5555555555555556,,,43.0,0.14930555555555555,0.0,0.0,0.16602316602316602,0.0,0.04664644244516431,0.5031202764840327,-0.02168429672655804,0.19066834521747425
8,22,0train,1test,inductive,0.0,clean,288,0,288,1,left_hand,0.0,0.7083333333333334,0.7083333333333334,0.7053115925589837,0.6111111111111112,,,,,,,,,,,,
8,22,0train,1test,inductive,0.0,poisoned,288,0,288,1,left_hand,0.1388888888888889,0.6354166666666666,0.6354166666666666,0.6309897109260166,0.5138888888888888,,,,,,,,,,,,
8,22,0train,1test,inductive,0.0,spectral_baseline,287,0,288,1,left_hand,0.20833333333333334,0.6909722222222222,0.6909722222222223,0.690163118086875,0.587962962962963,0.16248544828934683,0.03445399663171585,1.0,0.003472222222222222,0.0,0.0,0.003861003861003861,,,,,
8,22,0train,1test,inductive,0.0,crcs,245,0,288,1,left_hand,0.20833333333333334,0.6527777777777778,0.6527777777777777,0.6483155509574581,0.537037037037037,,,43.0,0.14930555555555555,0.0,0.0,0.16602316602316602,0.0,0.044672923489045474,0.3503931715894061,-0.022254923948778774,0.20456727949541317
8,33,0train,1test,inductive,0.0,clean,288,0,288,1,left_hand,0.0,0.7083333333333334,0.7083333333333334,0.7053115925589837,0.6111111111111112,,,,,,,,,,,,
8,33,0train,1test,inductive,0.0,poisoned,288,0,288,1,left_hand,0.11574074074074074,0.7013888888888888,0.7013888888888888,0.6981958786712172,0.6018518518518519,,,,,,,,,,,,
8,33,0train,1test,inductive,0.0,spectral_baseline,287,0,288,1,left_hand,0.11574074074074074,0.6979166666666666,0.6979166666666666,0.693194364205332,0.5972222222222222,0.16248544828934683,0.03359240165056704,1.0,0.003472222222222222,0.0,0.0,0.003861003861003861,,,,,
8,33,0train,1test,inductive,0.0,crcs,245,0,288,1,left_hand,0.06018518518518518,0.7361111111111112,0.7361111111111112,0.7301685385918151,0.6481481481481481,,,43.0,0.14930555555555555,0.0,0.0,0.16602316602316602,0.0,0.045560535678460745,0.3806315799512865,-0.022019583784652633,0.22208275858485185
8,44,0train,1test,inductive,0.0,clean,288,0,288,1,left_hand,0.0,0.7083333333333334,0.7083333333333334,0.7053115925589837,0.6111111111111112,,,,,,,,,,,,
8,44,0train,1test,inductive,0.0,poisoned,288,0,288,1,left_hand,0.13425925925925927,0.6631944444444444,0.6631944444444444,0.6613824818332097,0.5509259259259259,,,,,,,,,,,,
8,44,0train,1test,inductive,0.0,spectral_baseline,287,0,288,1,left_hand,0.13425925925925927,0.65625,0.65625,0.6539875981113564,0.5416666666666667,0.16356297690768,0.03489674221153577,1.0,0.003472222222222222,0.0,0.0,0.003861003861003861,,,,,
8,44,0train,1test,inductive,0.0,crcs,245,0,288,1,left_hand,0.08796296296296297,0.6631944444444444,0.6631944444444444,0.6543010976970872,0.5509259259259259,,,43.0,0.14930555555555555,0.0,0.0,0.16602316602316602,0.0,0.046773222569157426,0.3648442525345874,-0.01938817944849759,0.20465578631850342
8,55,0train,1test,inductive,0.0,clean,288,0,288,1,left_hand,0.0,0.7083333333333334,0.7083333333333334,0.7053115925589837,0.6111111111111112,,,,,,,,,,,,
8,55,0train,1test,inductive,0.0,poisoned,288,0,288,1,left_hand,0.18055555555555555,0.7291666666666666,0.7291666666666666,0.724562258978132,0.6388888888888888,,,,,,,,,,,,
8,55,0train,1test,inductive,0.0,spectral_baseline,287,0,288,1,left_hand,0.17592592592592593,0.7326388888888888,0.7326388888888888,0.728083697911284,0.6435185185185186,0.16356297690768,0.03498330904703967,1.0,0.003472222222222222,0.0,0.0,0.003861003861003861,,,,,
8,55,0train,1test,inductive,0.0,crcs,245,0,288,1,left_hand,0.12962962962962962,0.7291666666666666,0.7291666666666666,0.723460719309901,0.6388888888888888,,,43.0,0.14930555555555555,0.0,0.0,0.16602316602316602,0.0,0.04494471511935058,0.3979400055411435,-0.02231197352609958,0.22017400302861215
8,11,0train,1test,inductive,0.1,clean,288,28,260,1,left_hand,0.0,0.7884615384615384,0.7884615384615385,0.7899096898628452,0.717948717948718,,,,,,,,,,,,
8,11,0train,1test,inductive,0.1,poisoned,288,28,260,1,left_hand,0.046153846153846156,0.7076923076923077,0.7076923076923077,0.7071740772717461,0.6102564102564103,,,,,,,,,,,,
8,11,0train,1test,inductive,0.1,spectral_baseline,287,28,260,1,left_hand,0.02564102564102564,0.7076923076923077,0.7076923076923077,0.7065783280837045,0.6102564102564103,0.16356297690768,0.03536920222399331,1.0,0.003472222222222222,0.0,0.0,0.003861003861003861,,,,,
8,11,0train,1test,inductive,0.1,crcs,245,28,260,1,left_hand,0.4358974358974359,0.7461538461538462,0.7461538461538462,0.7471804387883069,0.6615384615384615,,,43.0,0.14930555555555555,0.9655172413793104,0.6511627906976745,0.05791505791505792,1.0,0.15511767154609113,0.9695671860596793,0.038043059582268675,0.36546338478168283
8,22,0train,1test,inductive,0.1,clean,288,28,260,1,left_hand,0.0,0.7576923076923077,0.7576923076923078,0.7539843602788769,0.676923076923077,,,,,,,,,,,,
8,22,0train,1test,inductive,0.1,poisoned,288,28,260,1,left_hand,0.06666666666666667,0.7269230769230769,0.7269230769230769,0.7145751819664863,0.6358974358974359,,,,,,,,,,,,
8,22,0train,1test,inductive,0.1,spectral_baseline,287,28,260,1,left_hand,0.11282051282051282,0.7461538461538462,0.7461538461538462,0.7327265526693476,0.6615384615384615,0.16248544828934683,0.03445399663171585,1.0,0.003472222222222222,0.0,0.0,0.003861003861003861,,,,,
8,22,0train,1test,inductive,0.1,crcs,245,28,260,1,left_hand,0.0,0.7346153846153847,0.7346153846153847,0.7293169214320654,0.6461538461538461,,,43.0,0.14930555555555555,1.0,0.6744186046511628,0.05405405405405406,1.0,0.24886187964134177,1.6807151860667444,0.08357431037031979,0.9317571539912467
8,33,0train,1test,inductive,0.1,clean,288,28,260,1,left_hand,0.0,0.7346153846153847,0.7346153846153847,0.7295236493660286,0.6461538461538461,,,,,,,,,,,,
8,33,0train,1test,inductive,0.1,poisoned,288,28,260,1,left_hand,0.11794871794871795,0.7115384615384616,0.7115384615384616,0.6985030905486305,0.6153846153846154,,,,,,,,,,,,
8,33,0train,1test,inductive,0.1,spectral_baseline,287,28,260,1,left_hand,0.1282051282051282,0.7076923076923077,0.7076923076923077,0.6950907942264153,0.6102564102564103,0.16248544828934683,0.03359240165056704,1.0,0.003472222222222222,0.0,0.0,0.003861003861003861,,,,,
8,33,0train,1test,inductive,0.1,crcs,245,28,260,1,left_hand,0.0,0.7423076923076923,0.7423076923076923,0.7362378331845588,0.6564102564102564,,,43.0,0.14930555555555555,1.0,0.6744186046511628,0.05405405405405406,1.0,0.22824917120296384,1.6977824173468332,0.05573930690743148,1.0661929491104618
8,44,0train,1test,inductive,0.1,clean,288,28,260,1,left_hand,0.0,0.7923076923076923,0.7923076923076924,0.7936051155215056,0.7230769230769231,,,,,,,,,,,,
8,44,0train,1test,inductive,0.1,poisoned,288,28,260,1,left_hand,0.035897435897435895,0.7461538461538462,0.7461538461538462,0.7434593023255813,0.6615384615384615,,,,,,,,,,,,
8,44,0train,1test,inductive,0.1,spectral_baseline,287,28,260,1,left_hand,0.05128205128205128,0.75,0.75,0.7476618034413846,0.6666666666666667,0.16356297690768,0.03489674221153577,1.0,0.003472222222222222,0.0,0.0,0.003861003861003861,,,,,
8,44,0train,1test,inductive,0.1,crcs,245,28,260,1,left_hand,0.0,0.7807692307692308,0.7807692307692308,0.7825105269057557,0.7076923076923076,,,43.0,0.14930555555555555,1.0,0.6744186046511628,0.05405405405405406,1.0,0.39573791207626285,3.734936605472094,0.06965882618300519,1.6362478244574916
8,55,0train,1test,inductive,0.1,clean,288,28,260,1,left_hand,0.0,0.7769230769230769,0.7769230769230768,0.7753211167790264,0.7025641025641025,,,,,,,,,,,,
8,55,0train,1test,inductive,0.1,poisoned,288,28,260,1,left_hand,0.07179487179487179,0.7384615384615385,0.7384615384615385,0.7282357724061524,0.6512820512820513,,,,,,,,,,,,
8,55,0train,1test,inductive,0.1,spectral_baseline,287,28,260,1,left_hand,0.07179487179487179,0.7346153846153847,0.7346153846153847,0.7257245473439187,0.6461538461538461,0.16356297690768,0.03498330904703967,1.0,0.003472222222222222,0.0,0.0,0.003861003861003861,,,,,
8,55,0train,1test,inductive,0.1,crcs,245,28,260,1,left_hand,0.0,0.7692307692307693,0.7692307692307694,0.7640616539354945,0.6923076923076923,,,43.0,0.14930555555555555,1.0,0.6744186046511628,0.05405405405405406,1.0,0.30121325933246773,2.573310421961302,0.057089914953314426,1.0279616373820886
8,11,0train,1test,inductive,0.25,clean,288,72,216,1,left_hand,0.0,0.7916666666666666,0.7916666666666666,0.7864142562418424,0.7222222222222222,,,,,,,,,,,,
8,11,0train,1test,inductive,0.25,poisoned,288,72,216,1,left_hand,0.05555555555555555,0.7592592592592593,0.7592592592592593,0.7540325479204155,0.6790123456790124,,,,,,,,,,,,
8,11,0train,1test,inductive,0.25,spectral_baseline,287,72,216,1,left_hand,0.04938271604938271,0.7592592592592593,0.7592592592592593,0.7551413803587717,0.6790123456790124,0.16356297690768,0.03536920222399331,1.0,0.003472222222222222,0.0,0.0,0.003861003861003861,,,,,
8,11,0train,1test,inductive,0.25,crcs,245,72,216,1,left_hand,0.4876543209876543,0.7453703703703703,0.7453703703703705,0.7452796158974406,0.6604938271604939,,,43.0,0.14930555555555555,0.9655172413793104,0.6511627906976745,0.05791505791505792,1.0,0.16915435967107806,1.2663272350861128,0.02990822098317069,0.7942343947870603
8,22,0train,1test,inductive,0.25,clean,288,72,216,1,left_hand,0.0,0.8009259259259259,0.8009259259259259,0.7983089207608585,0.7345679012345678,,,,,,,,,,,,
8,22,0train,1test,inductive,0.25,poisoned,288,72,216,1,left_hand,0.018518518518518517,0.7824074074074074,0.7824074074074074,0.7779874406807397,0.7098765432098766,,,,,,,,,,,,
8,22,0train,1test,inductive,0.25,spectral_baseline,287,72,216,1,left_hand,0.006172839506172839,0.7731481481481481,0.7731481481481481,0.7683528784412437,0.6975308641975309,0.16248544828934683,0.03445399663171585,1.0,0.003472222222222222,0.0,0.0,0.003861003861003861,,,,,
8,22,0train,1test,inductive,0.25,crcs,245,72,216,1,left_hand,0.0,0.8240740740740741,0.824074074074074,0.8221912985292228,0.7654320987654322,,,43.0,0.14930555555555555,1.0,0.6744186046511628,0.05405405405405406,1.0,0.28675215569978135,2.4334977640132363,0.0605641484930674,1.235440705663982
8,33,0train,1test,inductive,0.25,clean,288,72,216,1,left_hand,0.0,0.7638888888888888,0.7638888888888888,0.7596897100147875,0.6851851851851851,,,,,,,,,,,,
8,33,0train,1test,inductive,0.25,poisoned,288,72,216,1,left_hand,0.06790123456790123,0.7361111111111112,0.736111111111111,0.7295869063135991,0.6481481481481481,,,,,,,,,,,,
8,33,0train,1test,inductive,0.25,spectral_baseline,287,72,216,1,left_hand,0.06790123456790123,0.7083333333333334,0.7083333333333334,0.6978306860759753,0.6111111111111112,0.16248544828934683,0.03359240165056704,1.0,0.003472222222222222,0.0,0.0,0.003861003861003861,,,,,
8,33,0train,1test,inductive,0.25,crcs,245,72,216,1,left_hand,0.0,0.7777777777777778,0.7777777777777777,0.7763255511990089,0.7037037037037037,,,43.0,0.14930555555555555,1.0,0.6744186046511628,0.05405405405405406,1.0,0.17040771643343244,1.2133679957441619,0.03212508042353415,1.0202877130084562
8,44,0train,1test,inductive,0.25,clean,288,72,216,1,left_hand,0.0,0.8009259259259259,0.8009259259259258,0.8001404593795898,0.7345679012345678,,,,,,,,,,,,
8,44,0train,1test,inductive,0.25,poisoned,288,72,216,1,left_hand,0.05555555555555555,0.7638888888888888,0.763888888888889,0.7619431643625192,0.6851851851851851,,,,,,,,,,,,
8,44,0train,1test,inductive,0.25,spectral_baseline,287,72,216,1,left_hand,0.04938271604938271,0.7638888888888888,0.763888888888889,0.7612446534711979,0.6851851851851851,0.16356297690768,0.03489674221153577,1.0,0.003472222222222222,0.0,0.0,0.003861003861003861,,,,,
8,44,0train,1test,inductive,0.25,crcs,245,72,216,1,left_hand,0.0,0.8055555555555556,0.8055555555555556,0.8056280712361047,0.7407407407407407,,,43.0,0.14930555555555555,1.0,0.6744186046511628,0.05405405405405406,1.0,0.22121265649055472,1.7732578720449368,0.041497712972485196,0.9565819534412514
8,55,0train,1test,inductive,0.25,clean,288,72,216,1,left_hand,0.0,0.7916666666666666,0.7916666666666667,0.7903518088016199,0.7222222222222222,,,,,,,,,,,,
8,55,0train,1test,inductive,0.25,poisoned,288,72,216,1,left_hand,0.037037037037037035,0.7777777777777778,0.7777777777777778,0.7726083049748604,0.7037037037037037,,,,,,,,,,,,
8,55,0train,1test,inductive,0.25,spectral_baseline,287,72,216,1,left_hand,0.030864197530864196,0.7777777777777778,0.7777777777777778,0.769531172733843,0.7037037037037037,0.16356297690768,0.03498330904703967,1.0,0.003472222222222222,0.0,0.0,0.003861003861003861,,,,,
8,55,0train,1test,inductive,0.25,crcs,245,72,216,1,left_hand,0.0,0.7962962962962963,0.7962962962962963,0.7924321332818536,0.7283950617283951,,,43.0,0.14930555555555555,1.0,0.6744186046511628,0.05405405405405406,1.0,0.1758857031759658,1.3854258765283476,0.03210676093099421,0.8433265740716069
8,11,0train,1test,inductive,0.5,clean,288,144,144,1,left_hand,0.0,0.8125,0.8125,0.8108766233766234,0.75,,,,,,,,,,,,
8,11,0train,1test,inductive,0.5,poisoned,288,144,144,1,left_hand,0.6944444444444444,0.7361111111111112,0.7361111111111112,0.7310350028989697,0.6481481481481481,,,,,,,,,,,,
8,11,0train,1test,inductive,0.5,spectral_baseline,287,144,144,1,left_hand,0.7037037037037037,0.7291666666666666,0.7291666666666666,0.7243690735494015,0.6388888888888888,0.16356297690768,0.03536920222399331,1.0,0.003472222222222222,0.0,0.0,0.003861003861003861,,,,,
8,11,0train,1test,inductive,0.5,crcs,245,144,144,1,left_hand,0.46296296296296297,0.7430555555555556,0.7430555555555556,0.7408150793700665,0.6574074074074074,,,43.0,0.14930555555555555,0.9655172413793104,0.6511627906976745,0.05791505791505792,1.0,0.19488126943639789,1.6584509031104857,0.028003769193173093,0.900618224279422
8,22,0train,1test,inductive,0.5,clean,288,144,144,1,left_hand,0.0,0.8194444444444444,0.8194444444444444,0.8169544049786208,0.7592592592592593,,,,,,,,,,,,
8,22,0train,1test,inductive,0.5,poisoned,288,144,144,1,left_hand,0.8333333333333334,0.7708333333333334,0.7708333333333334,0.7688858135752865,0.6944444444444444,,,,,,,,,,,,
8,22,0train,1test,inductive,0.5,spectral_baseline,287,144,144,1,left_hand,0.7870370370370371,0.7638888888888888,0.7638888888888888,0.761636065084341,0.6851851851851851,0.16248544828934683,0.03445399663171585,1.0,0.003472222222222222,0.0,0.0,0.003861003861003861,,,,,
8,22,0train,1test,inductive,0.5,crcs,245,144,144,1,left_hand,0.009259259259259259,0.8125,0.8125,0.8108416743172335,0.75,,,43.0,0.14930555555555555,1.0,0.6744186046511628,0.05405405405405406,1.0,0.2322039422934007,2.04754639770656,0.036187235761736845,1.019181182269175
8,33,0train,1test,inductive,0.5,clean,288,144,144,1,left_hand,0.0,0.8055555555555556,0.8055555555555556,0.805880762456105,0.7407407407407407,,,,,,,,,,,,
8,33,0train,1test,inductive,0.5,poisoned,288,144,144,1,left_hand,0.8240740740740741,0.7430555555555556,0.7430555555555555,0.73895624303233,0.6574074074074074,,,,,,,,,,,,
8,33,0train,1test,inductive,0.5,spectral_baseline,287,144,144,1,left_hand,0.8240740740740741,0.7361111111111112,0.736111111111111,0.7337779973649539,0.6481481481481481,0.16248544828934683,0.03359240165056704,1.0,0.003472222222222222,0.0,0.0,0.003861003861003861,,,,,
8,33,0train,1test,inductive,0.5,crcs,245,144,144,1,left_hand,0.0,0.8194444444444444,0.8194444444444444,0.8200604351329572,0.7592592592592593,,,43.0,0.14930555555555555,1.0,0.6744186046511628,0.05405405405405406,1.0,0.1709344722800138,1.4089927744110564,0.018099180202344342,0.8965551789361582
8,44,0train,1test,inductive,0.5,clean,288,144,144,1,left_hand,0.0,0.7986111111111112,0.7986111111111112,0.7988353714976704,0.7314814814814814,,,,,,,,,,,,
8,44,0train,1test,inductive,0.5,poisoned,288,144,144,1,left_hand,0.8055555555555556,0.7569444444444444,0.7569444444444444,0.7572275684467336,0.6759259259259259,,,,,,,,,,,,
8,44,0train,1test,inductive,0.5,spectral_baseline,287,144,144,1,left_hand,0.7685185185185185,0.75,0.75,0.7494558721664606,0.6666666666666667,0.16356297690768,0.03489674221153577,1.0,0.003472222222222222,0.0,0.0,0.003861003861003861,,,,,
8,44,0train,1test,inductive,0.5,crcs,245,144,144,1,left_hand,0.0,0.8333333333333334,0.8333333333333335,0.8344456220388283,0.7777777777777778,,,43.0,0.14930555555555555,1.0,0.6744186046511628,0.05405405405405406,1.0,0.21918258151619682,1.95708444644068,0.035689262353075235,1.031450949150428
8,55,0train,1test,inductive,0.5,clean,288,144,144,1,left_hand,0.009259259259259259,0.8125,0.8125,0.8112963082744458,0.75,,,,,,,,,,,,
8,55,0train,1test,inductive,0.5,poisoned,288,144,144,1,left_hand,0.7592592592592593,0.8055555555555556,0.8055555555555556,0.8038978822429527,0.7407407407407407,,,,,,,,,,,,
8,55,0train,1test,inductive,0.5,spectral_baseline,287,144,144,1,left_hand,0.7314814814814815,0.8055555555555556,0.8055555555555556,0.8038978822429527,0.7407407407407407,0.16356297690768,0.03498330904703967,1.0,0.003472222222222222,0.0,0.0,0.003861003861003861,,,,,
8,55,0train,1test,inductive,0.5,crcs,245,144,144,1,left_hand,0.046296296296296294,0.8541666666666666,0.8541666666666666,0.8537518037518038,0.8055555555555556,,,43.0,0.14930555555555555,1.0,0.6744186046511628,0.05405405405405406,1.0,0.18886228656825294,1.5471377879060353,0.02200449246347858,0.9779424126072376
8,11,0train,1test,inductive,0.75,clean,288,216,72,1,left_hand,0.0,0.8194444444444444,0.8194444444444445,0.8188876675718781,0.7592592592592593,,,,,,,,,,,,
8,11,0train,1test,inductive,0.75,poisoned,288,216,72,1,left_hand,0.5,0.7638888888888888,0.763888888888889,0.76219781167599,0.6851851851851851,,,,,,,,,,,,
8,11,0train,1test,inductive,0.75,spectral_baseline,287,216,72,1,left_hand,0.5185185185185185,0.7638888888888888,0.763888888888889,0.76219781167599,0.6851851851851851,0.16356297690768,0.03536920222399331,1.0,0.003472222222222222,0.0,0.0,0.003861003861003861,,,,,
8,11,0train,1test,inductive,0.75,crcs,245,216,72,1,left_hand,0.6666666666666666,0.8055555555555556,0.8055555555555556,0.803842940685046,0.7407407407407407,,,43.0,0.14930555555555555,0.9655172413793104,0.6511627906976745,0.05791505791505792,1.0,0.17695302443112748,1.541409314062122,0.024182995973927965,0.7756410668913776
8,22,0train,1test,inductive,0.75,clean,288,216,72,1,left_hand,0.0,0.875,0.8749999999999999,0.8777239100768512,0.8333333333333334,,,,,,,,,,,,
8,22,0train,1test,inductive,0.75,poisoned,288,216,72,1,left_hand,0.6296296296296297,0.75,0.75,0.749331550802139,0.6666666666666667,,,,,,,,,,,,
8,22,0train,1test,inductive,0.75,spectral_baseline,287,216,72,1,left_hand,0.5925925925925926,0.7638888888888888,0.763888888888889,0.7622911743978775,0.6851851851851851,0.16248544828934683,0.03445399663171585,1.0,0.003472222222222222,0.0,0.0,0.003861003861003861,,,,,
8,22,0train,1test,inductive,0.75,crcs,245,216,72,1,left_hand,0.0,0.8472222222222222,0.8472222222222223,0.84784048754637,0.7962962962962963,,,43.0,0.14930555555555555,1.0,0.6744186046511628,0.05405405405405406,1.0,0.21645178049773492,1.8879880600065024,0.030770015064301708,0.9900757955890462
8,33,0train,1test,inductive,0.75,clean,288,216,72,1,left_hand,0.0,0.875,0.875,0.870290919102464,0.8333333333333334,,,,,,,,,,,,
8,33,0train,1test,inductive,0.75,poisoned,288,216,72,1,left_hand,0.7222222222222222,0.7916666666666666,0.7916666666666666,0.7903100812125023,0.7222222222222222,,,,,,,,,,,,
8,33,0train,1test,inductive,0.75,spectral_baseline,287,216,72,1,left_hand,0.7222222222222222,0.7916666666666666,0.7916666666666666,0.7887257669866365,0.7222222222222222,0.16248544828934683,0.03359240165056704,1.0,0.003472222222222222,0.0,0.0,0.003861003861003861,,,,,
8,33,0train,1test,inductive,0.75,crcs,245,216,72,1,left_hand,0.0,0.9166666666666666,0.9166666666666667,0.9173745173745174,0.8888888888888888,,,43.0,0.14930555555555555,1.0,0.6744186046511628,0.05405405405405406,1.0,0.1868079618859647,1.612282374638784,0.021638032062449478,0.931873813662034
8,44,0train,1test,inductive,0.75,clean,288,216,72,1,left_hand,0.0,0.8333333333333334,0.8333333333333334,0.8344465991524814,0.7777777777777778,,,,,,,,,,,,
8,44,0train,1test,inductive,0.75,poisoned,288,216,72,1,left_hand,0.6481481481481481,0.7777777777777778,0.7777777777777778,0.7753259337561663,0.7037037037037037,,,,,,,,,,,,
8,44,0train,1test,inductive,0.75,spectral_baseline,287,216,72,1,left_hand,0.6666666666666666,0.7916666666666666,0.7916666666666667,0.789390756302521,0.7222222222222222,0.16356297690768,0.03489674221153577,1.0,0.003472222222222222,0.0,0.0,0.003861003861003861,,,,,
8,44,0train,1test,inductive,0.75,crcs,245,216,72,1,left_hand,0.0,0.8194444444444444,0.8194444444444444,0.8195956137132607,0.7592592592592593,,,43.0,0.14930555555555555,1.0,0.6744186046511628,0.05405405405405406,1.0,0.20182612793096721,1.8642646675533792,0.03262129693835395,0.9686997496465105
8,55,0train,1test,inductive,0.75,clean,288,216,72,1,left_hand,0.07407407407407407,0.8472222222222222,0.8472222222222223,0.8478303790803791,0.7962962962962963,,,,,,,,,,,,
8,55,0train,1test,inductive,0.75,poisoned,288,216,72,1,left_hand,0.6296296296296297,0.8472222222222222,0.8472222222222223,0.842246682166037,0.7962962962962963,,,,,,,,,,,,
8,55,0train,1test,inductive,0.75,spectral_baseline,287,216,72,1,left_hand,0.5925925925925926,0.8472222222222222,0.8472222222222223,0.842246682166037,0.7962962962962963,0.16356297690768,0.03498330904703967,1.0,0.003472222222222222,0.0,0.0,0.003861003861003861,,,,,
8,55,0train,1test,inductive,0.75,crcs,245,216,72,1,left_hand,0.0,0.875,0.875,0.8745569057066168,0.8333333333333334,,,43.0,0.14930555555555555,1.0,0.6744186046511628,0.05405405405405406,1.0,0.1880904458537278,1.5296257634346955,0.025560278279760526,0.9038963813024101
8,11,0train,1test,inductive,0.8,clean,288,232,56,1,left_hand,0.0,0.8392857142857143,0.8392857142857142,0.8382306709892917,0.7857142857142857,,,,,,,,,,,,
8,11,0train,1test,inductive,0.8,poisoned,288,232,56,1,left_hand,0.35714285714285715,0.7678571428571429,0.7678571428571429,0.7672376642964879,0.6904761904761905,,,,,,,,,,,,
8,11,0train,1test,inductive,0.8,spectral_baseline,287,232,56,1,left_hand,0.38095238095238093,0.75,0.75,0.7465966386554622,0.6666666666666667,0.16356297690768,0.03536920222399331,1.0,0.003472222222222222,0.0,0.0,0.003861003861003861,,,,,
8,11,0train,1test,inductive,0.8,crcs,245,232,56,1,left_hand,0.6190476190476191,0.8214285714285714,0.8214285714285714,0.8170105118380981,0.7619047619047619,,,43.0,0.14930555555555555,0.9655172413793104,0.6511627906976745,0.05791505791505792,1.0,0.18532114079741657,1.6107291105470796,0.025611596753785635,0.8353111568630137
8,22,0train,1test,inductive,0.8,clean,288,232,56,1,left_hand,0.0,0.8571428571428571,0.8571428571428571,0.8611651439237646,0.8095238095238095,,,,,,,,,,,,
8,22,0train,1test,inductive,0.8,poisoned,288,232,56,1,left_hand,0.5952380952380952,0.7321428571428571,0.7321428571428571,0.732843137254902,0.6428571428571428,,,,,,,,,,,,
8,22,0train,1test,inductive,0.8,spectral_baseline,287,232,56,1,left_hand,0.5714285714285714,0.75,0.75,0.7494955589073236,0.6666666666666667,0.16248544828934683,0.03445399663171585,1.0,0.003472222222222222,0.0,0.0,0.003861003861003861,,,,,
8,22,0train,1test,inductive,0.8,crcs,245,232,56,1,left_hand,0.0,0.875,0.875,0.8784065232341094,0.8333333333333334,,,43.0,0.14930555555555555,1.0,0.6744186046511628,0.05405405405405406,1.0,0.21477986413722053,1.8696807144167509,0.028063470457078424,0.9796412066272292
8,33,0train,1test,inductive,0.8,clean,288,232,56,1,left_hand,0.0,0.9107142857142857,0.9107142857142857,0.9109407617472134,0.8809523809523809,,,,,,,,,,,,
8,33,0train,1test,inductive,0.8,poisoned,288,232,56,1,left_hand,0.7380952380952381,0.7678571428571429,0.7678571428571429,0.7625658125658126,0.6904761904761905,,,,,,,,,,,,
8,33,0train,1test,inductive,0.8,spectral_baseline,287,232,56,1,left_hand,0.6904761904761905,0.7678571428571429,0.7678571428571429,0.7625658125658126,0.6904761904761905,0.16248544828934683,0.03359240165056704,1.0,0.003472222222222222,0.0,0.0,0.003861003861003861,,,,,
8,33,0train,1test,inductive,0.8,crcs,245,232,56,1,left_hand,0.0,0.9285714285714286,0.9285714285714286,0.9291643860609378,0.9047619047619048,,,43.0,0.14930555555555555,1.0,0.6744186046511628,0.05405405405405406,1.0,0.18749753737628205,1.619041423905426,0.02077747315124875,0.9680009746340301
8,44,0train,1test,inductive,0.8,clean,288,232,56,1,left_hand,0.0,0.8214285714285714,0.8214285714285714,0.8198832417582418,0.7619047619047619,,,,,,,,,,,,
8,44,0train,1test,inductive,0.8,poisoned,288,232,56,1,left_hand,0.6190476190476191,0.7857142857142857,0.7857142857142857,0.7797983870967742,0.7142857142857143,,,,,,,,,,,,
8,44,0train,1test,inductive,0.8,spectral_baseline,287,232,56,1,left_hand,0.6190476190476191,0.8035714285714286,0.8035714285714286,0.796875,0.7380952380952381,0.16356297690768,0.03489674221153577,1.0,0.003472222222222222,0.0,0.0,0.003861003861003861,,,,,
8,44,0train,1test,inductive,0.8,crcs,245,232,56,1,left_hand,0.0,0.875,0.875,0.8731914739979256,0.8333333333333334,,,43.0,0.14930555555555555,1.0,0.6744186046511628,0.05405405405405406,1.0,0.19895551988988838,1.8022843068652028,0.031977484969425346,0.9560626847590016
8,55,0train,1test,inductive,0.8,clean,288,232,56,1,left_hand,0.0,0.8928571428571429,0.8928571428571428,0.8925189114844287,0.8571428571428572,,,,,,,,,,,,
8,55,0train,1test,inductive,0.8,poisoned,288,232,56,1,left_hand,0.6428571428571429,0.875,0.875,0.8720695970695971,0.8333333333333334,,,,,,,,,,,,
8,55,0train,1test,inductive,0.8,spectral_baseline,287,232,56,1,left_hand,0.6428571428571429,0.875,0.875,0.8720695970695971,0.8333333333333334,0.16356297690768,0.03498330904703967,1.0,0.003472222222222222,0.0,0.0,0.003861003861003861,,,,,
8,55,0train,1test,inductive,0.8,crcs,245,232,56,1,left_hand,0.0,0.875,0.875,0.8707407407407408,0.8333333333333334,,,43.0,0.14930555555555555,1.0,0.6744186046511628,0.05405405405405406,1.0,0.1910336178473436,1.568251981464675,0.024647379994682004,0.9358958407117436
8,11,0train,1test,transductive,0.0,clean,288,0,288,1,left_hand,0.0,0.7638888888888888,0.7638888888888888,0.7611596342846343,0.6851851851851851,,,,,,,,,,,,
8,11,0train,1test,transductive,0.0,poisoned,288,0,288,1,left_hand,0.009259259259259259,0.71875,0.71875,0.708210137064107,0.625,,,,,,,,,,,,
8,11,0train,1test,transductive,0.0,spectral_baseline,287,0,288,1,left_hand,0.004629629629629629,0.7152777777777778,0.7152777777777779,0.7042950605068603,0.6203703703703703,0.16356297690768,0.03536920222399331,1.0,0.003472222222222222,0.0,0.0,0.003861003861003861,,,,,
8,11,0train,1test,transductive,0.0,crcs,245,0,288,1,left_hand,0.0,0.6875,0.6875000000000001,0.6785116199589885,0.5833333333333333,,,43.0,0.14930555555555555,0.0,0.0,0.16602316602316602,0.0,0.04664644244516431,0.5031202764840327,-0.02168429672655804,0.19066834521747425
8,22,0train,1test,transductive,0.0,clean,288,0,288,1,left_hand,0.0,0.7638888888888888,0.7638888888888888,0.7611596342846343,0.6851851851851851,,,,,,,,,,,,
8,22,0train,1test,transductive,0.0,poisoned,288,0,288,1,left_hand,0.032407407407407406,0.6909722222222222,0.6909722222222222,0.6829341317807962,0.587962962962963,,,,,,,,,,,,
8,22,0train,1test,transductive,0.0,spectral_baseline,287,0,288,1,left_hand,0.10185185185185185,0.7048611111111112,0.704861111111111,0.6977730342806168,0.6064814814814814,0.16248544828934683,0.03445399663171585,1.0,0.003472222222222222,0.0,0.0,0.003861003861003861,,,,,
8,22,0train,1test,transductive,0.0,crcs,245,0,288,1,left_hand,0.09259259259259259,0.6805555555555556,0.6805555555555555,0.6741374158911417,0.5740740740740741,,,43.0,0.14930555555555555,0.0,0.0,0.16602316602316602,0.0,0.044672923489045474,0.3503931715894061,-0.022254923948778774,0.20456727949541317
8,33,0train,1test,transductive,0.0,clean,288,0,288,1,left_hand,0.0,0.7638888888888888,0.7638888888888888,0.7611596342846343,0.6851851851851851,,,,,,,,,,,,
8,33,0train,1test,transductive,0.0,poisoned,288,0,288,1,left_hand,0.06018518518518518,0.7291666666666666,0.7291666666666667,0.7189359559489084,0.6388888888888888,,,,,,,,,,,,
8,33,0train,1test,transductive,0.0,spectral_baseline,287,0,288,1,left_hand,0.06018518518518518,0.7152777777777778,0.7152777777777777,0.7031102887331311,0.6203703703703703,0.16248544828934683,0.03359240165056704,1.0,0.003472222222222222,0.0,0.0,0.003861003861003861,,,,,
8,33,0train,1test,transductive,0.0,crcs,245,0,288,1,left_hand,0.05092592592592592,0.7222222222222222,0.7222222222222223,0.7119197715937633,0.6296296296296297,,,43.0,0.14930555555555555,0.0,0.0,0.16602316602316602,0.0,0.045560535678460745,0.3806315799512865,-0.022019583784652633,0.22208275858485185
8,44,0train,1test,transductive,0.0,clean,288,0,288,1,left_hand,0.0,0.7638888888888888,0.7638888888888888,0.7611596342846343,0.6851851851851851,,,,,,,,,,,,
8,44,0train,1test,transductive,0.0,poisoned,288,0,288,1,left_hand,0.13425925925925927,0.6875,0.6875,0.6745122046095497,0.5833333333333333,,,,,,,,,,,,
8,44,0train,1test,transductive,0.0,spectral_baseline,287,0,288,1,left_hand,0.1388888888888889,0.6805555555555556,0.6805555555555556,0.6681887180602567,0.5740740740740741,0.16356297690768,0.03489674221153577,1.0,0.003472222222222222,0.0,0.0,0.003861003861003861,,,,,
8,44,0train,1test,transductive,0.0,crcs,245,0,288,1,left_hand,0.07407407407407407,0.6423611111111112,0.6423611111111112,0.632518390854297,0.5231481481481481,,,43.0,0.14930555555555555,0.0,0.0,0.16602316602316602,0.0,0.046773222569157426,0.3648442525345874,-0.01938817944849759,0.20465578631850342
8,55,0train,1test,transductive,0.0,clean,288,0,288,1,left_hand,0.0,0.7638888888888888,0.7638888888888888,0.7611596342846343,0.6851851851851851,,,,,,,,,,,,
8,55,0train,1test,transductive,0.0,poisoned,288,0,288,1,left_hand,0.046296296296296294,0.7291666666666666,0.7291666666666666,0.715976421663074,0.6388888888888888,,,,,,,,,,,,
8,55,0train,1test,transductive,0.0,spectral_baseline,287,0,288,1,left_hand,0.046296296296296294,0.7256944444444444,0.7256944444444444,0.7122710202403406,0.6342592592592593,0.16356297690768,0.03498330904703967,1.0,0.003472222222222222,0.0,0.0,0.003861003861003861,,,,,
8,55,0train,1test,transductive,0.0,crcs,245,0,288,1,left_hand,0.037037037037037035,0.7256944444444444,0.7256944444444444,0.7156204748018596,0.6342592592592593,,,43.0,0.14930555555555555,0.0,0.0,0.16602316602316602,0.0,0.04494471511935058,0.3979400055411435,-0.02231197352609958,0.22017400302861215
8,11,0train,1test,transductive,0.1,clean,288,28,260,1,left_hand,0.0,0.7730769230769231,0.773076923076923,0.7728104828325727,0.6974358974358974,,,,,,,,,,,,
8,11,0train,1test,transductive,0.1,poisoned,288,28,260,1,left_hand,0.010256410256410256,0.7115384615384616,0.7115384615384616,0.7099503026088914,0.6153846153846154,,,,,,,,,,,,
8,11,0train,1test,transductive,0.1,spectral_baseline,287,28,260,1,left_hand,0.015384615384615385,0.6884615384615385,0.6884615384615385,0.6845702749345395,0.5846153846153845,0.16356297690768,0.03536920222399331,1.0,0.003472222222222222,0.0,0.0,0.003861003861003861,,,,,
8,11,0train,1test,transductive,0.1,crcs,245,28,260,1,left_hand,0.441025641025641,0.7346153846153847,0.7346153846153847,0.7360069927251476,0.6461538461538461,,,43.0,0.14930555555555555,0.9655172413793104,0.6511627906976745,0.05791505791505792,1.0,0.13750984388875848,0.8138036082743683,0.03936153962937664,0.2463154114658584
8,22,0train,1test,transductive,0.1,clean,288,28,260,1,left_hand,0.0,0.7653846153846153,0.7653846153846153,0.7638828765178343,0.6871794871794872,,,,,,,,,,,,
8,22,0train,1test,transductive,0.1,poisoned,288,28,260,1,left_hand,0.035897435897435895,0.7423076923076923,0.7423076923076923,0.7358869239663942,0.6564102564102564,,,,,,,,,,,,
8,22,0train,1test,transductive,0.1,spectral_baseline,287,28,260,1,left_hand,0.035897435897435895,0.7346153846153847,0.7346153846153847,0.7296594823004909,0.6461538461538461,0.16248544828934683,0.03445399663171585,1.0,0.003472222222222222,0.0,0.0,0.003861003861003861,,,,,
8,22,0train,1test,transductive,0.1,crcs,245,28,260,1,left_hand,0.0,0.7692307692307693,0.7692307692307693,0.7688064354085308,0.6923076923076923,,,43.0,0.14930555555555555,1.0,0.6744186046511628,0.05405405405405406,1.0,0.2444465902467381,1.5998246985819615,0.07824046991974401,0.9526672923018056
8,33,0train,1test,transductive,0.1,clean,288,28,260,1,left_hand,0.0,0.75,0.7500000000000001,0.7464431763943513,0.6666666666666667,,,,,,,,,,,,
8,33,0train,1test,transductive,0.1,poisoned,288,28,260,1,left_hand,0.09743589743589744,0.7230769230769231,0.7230769230769231,0.7122504263210806,0.6307692307692307,,,,,,,,,,,,
8,33,0train,1test,transductive,0.1,spectral_baseline,287,28,260,1,left_hand,0.09743589743589744,0.7192307692307692,0.7192307692307692,0.7088063887667301,0.6256410256410256,0.16248544828934683,0.03359240165056704,1.0,0.003472222222222222,0.0,0.0,0.003861003861003861,,,,,
8,33,0train,1test,transductive,0.1,crcs,245,28,260,1,left_hand,0.0,0.7807692307692308,0.7807692307692309,0.7790890412165853,0.7076923076923076,,,43.0,0.14930555555555555,1.0,0.6744186046511628,0.05405405405405406,1.0,0.21432360568362185,1.5796679635050122,0.055022537167821545,0.9931650511440213
8,44,0train,1test,transductive,0.1,clean,288,28,260,1,left_hand,0.0,0.8,0.8,0.7997048683024293,0.7333333333333334,,,,,,,,,,,,
8,44,0train,1test,transductive,0.1,poisoned,288,28,260,1,left_hand,0.14871794871794872,0.7346153846153847,0.7346153846153847,0.730181991273512,0.6461538461538461,,,,,,,,,,,,
8,44,0train,1test,transductive,0.1,spectral_baseline,287,28,260,1,left_hand,0.13846153846153847,0.7307692307692307,0.7307692307692308,0.7264843165658343,0.641025641025641,0.16356297690768,0.03489674221153577,1.0,0.003472222222222222,0.0,0.0,0.003861003861003861,,,,,
8,44,0train,1test,transductive,0.1,crcs,245,28,260,1,left_hand,0.0,0.7807692307692308,0.7807692307692308,0.7812619363473909,0.7076923076923076,,,43.0,0.14930555555555555,1.0,0.6744186046511628,0.05405405405405406,1.0,0.3465465740525958,3.1931392976247155,0.07306898520141697,1.4029158112180775
8,55,0train,1test,transductive,0.1,clean,288,28,260,1,left_hand,0.0,0.7807692307692308,0.7807692307692308,0.7795558573464696,0.7076923076923076,,,,,,,,,,,,
8,55,0train,1test,transductive,0.1,poisoned,288,28,260,1,left_hand,0.06666666666666667,0.7307692307692307,0.7307692307692307,0.7243228875758199,0.641025641025641,,,,,,,,,,,,
8,55,0train,1test,transductive,0.1,spectral_baseline,287,28,260,1,left_hand,0.06666666666666667,0.7269230769230769,0.7269230769230769,0.7198578661626246,0.6358974358974359,0.16356297690768,0.03498330904703967,1.0,0.003472222222222222,0.0,0.0,0.003861003861003861,,,,,
8,55,0train,1test,transductive,0.1,crcs,245,28,260,1,left_hand,0.0,0.7730769230769231,0.7730769230769231,0.7702528681774492,0.6974358974358974,,,43.0,0.14930555555555555,1.0,0.6744186046511628,0.05405405405405406,1.0,0.311868159426834,2.65952599583871,0.0599695988552421,1.1566372717864228
8,11,0train,1test,transductive,0.25,clean,288,72,216,1,left_hand,0.0,0.8240740740740741,0.8240740740740742,0.8217002587300666,0.7654320987654322,,,,,,,,,,,,
8,11,0train,1test,transductive,0.25,poisoned,288,72,216,1,left_hand,0.043209876543209874,0.7592592592592593,0.7592592592592593,0.754128683670475,0.6790123456790124,,,,,,,,,,,,
8,11,0train,1test,transductive,0.25,spectral_baseline,287,72,216,1,left_hand,0.06790123456790123,0.7453703703703703,0.7453703703703702,0.742928622090631,0.6604938271604939,0.16356297690768,0.03536920222399331,1.0,0.003472222222222222,0.0,0.0,0.003861003861003861,,,,,
8,11,0train,1test,transductive,0.25,crcs,245,72,216,1,left_hand,0.4567901234567901,0.7592592592592593,0.7592592592592593,0.7597429778831454,0.6790123456790124,,,43.0,0.14930555555555555,0.9655172413793104,0.6511627906976745,0.05791505791505792,1.0,0.17188275634874917,1.272574105705818,0.03076677478630015,0.7891397025363635
8,22,0train,1test,transductive,0.25,clean,288,72,216,1,left_hand,0.0,0.8055555555555556,0.8055555555555555,0.8047972311663996,0.7407407407407407,,,,,,,,,,,,
8,22,0train,1test,transductive,0.25,poisoned,288,72,216,1,left_hand,0.006172839506172839,0.7916666666666666,0.7916666666666666,0.7877098420013167,0.7222222222222222,,,,,,,,,,,,
8,22,0train,1test,transductive,0.25,spectral_baseline,287,72,216,1,left_hand,0.006172839506172839,0.7731481481481481,0.7731481481481481,0.7694505757620512,0.6975308641975309,0.16248544828934683,0.03445399663171585,1.0,0.003472222222222222,0.0,0.0,0.003861003861003861,,,,,
8,22,0train,1test,transductive,0.25,crcs,245,72,216,1,left_hand,0.0,0.7731481481481481,0.7731481481481481,0.7723104702183842,0.6975308641975309,,,43.0,0.14930555555555555,1.0,0.6744186046511628,0.05405405405405406,1.0,0.2874046606927196,2.4064417345177636,0.06304474633012663,1.2290965157547062
8,33,0train,1test,transductive,0.25,clean,288,72,216,1,left_hand,0.0,0.7777777777777778,0.7777777777777778,0.77614586140359,0.7037037037037037,,,,,,,,,,,,
8,33,0train,1test,transductive,0.25,poisoned,288,72,216,1,left_hand,0.06790123456790123,0.7546296296296297,0.7546296296296297,0.7494594332298137,0.6728395061728395,,,,,,,,,,,,
8,33,0train,1test,transductive,0.25,spectral_baseline,287,72,216,1,left_hand,0.06790123456790123,0.7314814814814815,0.7314814814814814,0.7251679094133594,0.6419753086419753,0.16248544828934683,0.03359240165056704,1.0,0.003472222222222222,0.0,0.0,0.003861003861003861,,,,,
8,33,0train,1test,transductive,0.25,crcs,245,72,216,1,left_hand,0.0,0.7731481481481481,0.7731481481481481,0.7733197913385415,0.6975308641975309,,,43.0,0.14930555555555555,1.0,0.6744186046511628,0.05405405405405406,1.0,0.17762760291768687,1.2817242269339444,0.03345717625883017,1.0829236862282496
8,44,0train,1test,transductive,0.25,clean,288,72,216,1,left_hand,0.0,0.8055555555555556,0.8055555555555556,0.8046457899399075,0.7407407407407407,,,,,,,,,,,,
8,44,0train,1test,transductive,0.25,poisoned,288,72,216,1,left_hand,0.09876543209876543,0.7592592592592593,0.7592592592592593,0.756412039802498,0.6790123456790124,,,,,,,,,,,,
8,44,0train,1test,transductive,0.25,spectral_baseline,287,72,216,1,left_hand,0.09876543209876543,0.7592592592592593,0.7592592592592592,0.7554436402102453,0.6790123456790124,0.16356297690768,0.03489674221153577,1.0,0.003472222222222222,0.0,0.0,0.003861003861003861,,,,,
8,44,0train,1test,transductive,0.25,crcs,245,72,216,1,left_hand,0.0,0.7916666666666666,0.7916666666666666,0.7913472615698147,0.7222222222222222,,,43.0,0.14930555555555555,1.0,0.6744186046511628,0.05405405405405406,1.0,0.21873853119514755,1.7628740563328438,0.04174105991810573,0.9342949933479672
8,55,0train,1test,transductive,0.25,clean,288,72,216,1,left_hand,0.0,0.8055555555555556,0.8055555555555556,0.8048578966857307,0.7407407407407407,,,,,,,,,,,,
8,55,0train,1test,transductive,0.25,poisoned,288,72,216,1,left_hand,0.037037037037037035,0.7685185185185185,0.7685185185185185,0.7635413254514198,0.691358024691358,,,,,,,,,,,,
8,55,0train,1test,transductive,0.25,spectral_baseline,287,72,216,1,left_hand,0.030864197530864196,0.7731481481481481,0.7731481481481481,0.7658817645790028,0.6975308641975309,0.16356297690768,0.03498330904703967,1.0,0.003472222222222222,0.0,0.0,0.003861003861003861,,,,,
8,55,0train,1test,transductive,0.25,crcs,245,72,216,1,left_hand,0.0,0.7916666666666666,0.7916666666666667,0.7897926984816708,0.7222222222222222,,,43.0,0.14930555555555555,1.0,0.6744186046511628,0.05405405405405406,1.0,0.17477290782418162,1.3843983741716546,0.03297998068017379,0.8388000651745079
8,11,0train,1test,transductive,0.5,clean,288,144,144,1,left_hand,0.0,0.8194444444444444,0.8194444444444444,0.818332982806667,0.7592592592592593,,,,,,,,,,,,
8,11,0train,1test,transductive,0.5,poisoned,288,144,144,1,left_hand,0.6851851851851852,0.75,0.75,0.7465333364403587,0.6666666666666667,,,,,,,,,,,,
8,11,0train,1test,transductive,0.5,spectral_baseline,287,144,144,1,left_hand,0.6944444444444444,0.7291666666666666,0.7291666666666666,0.7243690735494015,0.6388888888888888,0.16356297690768,0.03536920222399331,1.0,0.003472222222222222,0.0,0.0,0.003861003861003861,,,,,
8,11,0train,1test,transductive,0.5,crcs,245,144,144,1,left_hand,0.4722222222222222,0.75,0.75,0.7477261317044599,0.6666666666666667,,,43.0,0.14930555555555555,0.9655172413793104,0.6511627906976745,0.05791505791505792,1.0,0.1932217391097853,1.6372444994183706,0.02801377804865978,0.8954843797103409
8,22,0train,1test,transductive,0.5,clean,288,144,144,1,left_hand,0.0,0.8194444444444444,0.8194444444444444,0.8168023278225631,0.7592592592592593,,,,,,,,,,,,
8,22,0train,1test,transductive,0.5,poisoned,288,144,144,1,left_hand,0.8333333333333334,0.7708333333333334,0.7708333333333334,0.7688858135752865,0.6944444444444444,,,,,,,,,,,,
8,22,0train,1test,transductive,0.5,spectral_baseline,287,144,144,1,left_hand,0.7870370370370371,0.7708333333333334,0.7708333333333334,0.7688858135752865,0.6944444444444444,0.16248544828934683,0.03445399663171585,1.0,0.003472222222222222,0.0,0.0,0.003861003861003861,,,,,
8,22,0train,1test,transductive,0.5,crcs,245,144,144,1,left_hand,0.018518518518518517,0.8263888888888888,0.826388888888889,0.8256936060809301,0.7685185185185185,,,43.0,0.14930555555555555,1.0,0.6744186046511628,0.05405405405405406,1.0,0.2301224313746571,2.019064846589769,0.03675620555894626,1.006358622247445
8,33,0train,1test,transductive,0.5,clean,288,144,144,1,left_hand,0.0,0.7986111111111112,0.7986111111111112,0.7983503138598416,0.7314814814814814,,,,,,,,,,,,
8,33,0train,1test,transductive,0.5,poisoned,288,144,144,1,left_hand,0.8240740740740741,0.7430555555555556,0.7430555555555556,0.7407024313620365,0.6574074074074074,,,,,,,,,,,,
8,33,0train,1test,transductive,0.5,spectral_baseline,287,144,144,1,left_hand,0.8240740740740741,0.7291666666666666,0.7291666666666667,0.7266335814722912,0.6388888888888888,0.16248544828934683,0.03359240165056704,1.0,0.003472222222222222,0.0,0.0,0.003861003861003861,,,,,
8,33,0train,1test,transductive,0.5,crcs,245,144,144,1,left_hand,0.0,0.8263888888888888,0.826388888888889,0.8278773975972913,0.7685185185185185,,,43.0,0.14930555555555555,1.0,0.6744186046511628,0.05405405405405406,1.0,0.1745258356115974,1.4447215030696685,0.018636310405899987,0.9258756405869443
8,44,0train,1test,transductive,0.5,clean,288,144,144,1,left_hand,0.0,0.7847222222222222,0.7847222222222223,0.7847579306322072,0.712962962962963,,,,,,,,,,,,
8,44,0train,1test,transductive,0.5,poisoned,288,144,144,1,left_hand,0.8240740740740741,0.7638888888888888,0.7638888888888888,0.7643750603689752,0.6851851851851851,,,,,,,,,,,,
8,44,0train,1test,transductive,0.5,spectral_baseline,287,144,144,1,left_hand,0.8148148148148148,0.7708333333333334,0.7708333333333333,0.7714357107160705,0.6944444444444444,0.16356297690768,0.03489674221153577,1.0,0.003472222222222222,0.0,0.0,0.003861003861003861,,,,,
8,44,0train,1test,transductive,0.5,crcs,245,144,144,1,left_hand,0.0,0.8263888888888888,0.8263888888888888,0.8276614605142198,0.7685185185185185,,,43.0,0.14930555555555555,1.0,0.6744186046511628,0.05405405405405406,1.0,0.21846249427619682,1.9487247506489886,0.035019981852538774,1.030761951296266
8,55,0train,1test,transductive,0.5,clean,288,144,144,1,left_hand,0.0,0.8194444444444444,0.8194444444444445,0.8189237233354881,0.7592592592592593,,,,,,,,,,,,
8,55,0train,1test,transductive,0.5,poisoned,288,144,144,1,left_hand,0.7314814814814815,0.7986111111111112,0.7986111111111112,0.7976393144932471,0.7314814814814814,,,,,,,,,,,,
8,55,0train,1test,transductive,0.5,spectral_baseline,287,144,144,1,left_hand,0.7314814814814815,0.7916666666666666,0.7916666666666666,0.7914637445887446,0.7222222222222222,0.16356297690768,0.03498330904703967,1.0,0.003472222222222222,0.0,0.0,0.003861003861003861,,,,,
8,55,0train,1test,transductive,0.5,crcs,245,144,144,1,left_hand,0.027777777777777776,0.8472222222222222,0.8472222222222222,0.8464154622448017,0.7962962962962963,,,43.0,0.14930555555555555,1.0,0.6744186046511628,0.05405405405405406,1.0,0.18896932137304714,1.551833532462728,0.02264477320527449,0.9644201721636971
8,11,0train,1test,transductive,0.75,clean,288,216,72,1,left_hand,0.0,0.8194444444444444,0.8194444444444445,0.8188876675718781,0.7592592592592593,,,,,,,,,,,,
8,11,0train,1test,transductive,0.75,poisoned,288,216,72,1,left_hand,0.5,0.7777777777777778,0.7777777777777778,0.7767710572601134,0.7037037037037037,,,,,,,,,,,,
8,11,0train,1test,transductive,0.75,spectral_baseline,287,216,72,1,left_hand,0.5,0.7638888888888888,0.763888888888889,0.76219781167599,0.6851851851851851,0.16356297690768,0.03536920222399331,1.0,0.003472222222222222,0.0,0.0,0.003861003861003861,,,,,
8,11,0train,1test,transductive,0.75,crcs,245,216,72,1,left_hand,0.6851851851851852,0.8055555555555556,0.8055555555555556,0.803842940685046,0.7407407407407407,,,43.0,0.14930555555555555,0.9655172413793104,0.6511627906976745,0.05791505791505792,1.0,0.1766685560499074,1.535743974591799,0.024473690111981018,0.779098717193187
8,22,0train,1test,transductive,0.75,clean,288,216,72,1,left_hand,0.0,0.875,0.8749999999999999,0.8777239100768512,0.8333333333333334,,,,,,,,,,,,
8,22,0train,1test,transductive,0.75,poisoned,288,216,72,1,left_hand,0.6296296296296297,0.7638888888888888,0.7638888888888888,0.7648729946524064,0.6851851851851851,,,,,,,,,,,,
8,22,0train,1test,transductive,0.75,spectral_baseline,287,216,72,1,left_hand,0.5925925925925926,0.7638888888888888,0.763888888888889,0.7622911743978775,0.6851851851851851,0.16248544828934683,0.03445399663171585,1.0,0.003472222222222222,0.0,0.0,0.003861003861003861,,,,,
8,22,0train,1test,transductive,0.75,crcs,245,216,72,1,left_hand,0.0,0.8472222222222222,0.8472222222222223,0.84784048754637,0.7962962962962963,,,43.0,0.14930555555555555,1.0,0.6744186046511628,0.05405405405405406,1.0,0.21502984238437564,1.875032966590779,0.03010277930222087,0.9828924138471145
8,33,0train,1test,transductive,0.75,clean,288,216,72,1,left_hand,0.0,0.875,0.875,0.870290919102464,0.8333333333333334,,,,,,,,,,,,
8,33,0train,1test,transductive,0.75,poisoned,288,216,72,1,left_hand,0.7222222222222222,0.7916666666666666,0.7916666666666666,0.7903100812125023,0.7222222222222222,,,,,,,,,,,,
8,33,0train,1test,transductive,0.75,spectral_baseline,287,216,72,1,left_hand,0.6851851851851852,0.7916666666666666,0.7916666666666666,0.7887257669866365,0.7222222222222222,0.16248544828934683,0.03359240165056704,1.0,0.003472222222222222,0.0,0.0,0.003861003861003861,,,,,
8,33,0train,1test,transductive,0.75,crcs,245,216,72,1,left_hand,0.0,0.9027777777777778,0.9027777777777777,0.9034461152882206,0.8703703703703703,,,43.0,0.14930555555555555,1.0,0.6744186046511628,0.05405405405405406,1.0,0.18780380940068117,1.623381202245913,0.02185319852700397,0.9440900379168949
8,44,0train,1test,transductive,0.75,clean,288,216,72,1,left_hand,0.0,0.8333333333333334,0.8333333333333334,0.8344465991524814,0.7777777777777778,,,,,,,,,,,,
8,44,0train,1test,transductive,0.75,poisoned,288,216,72,1,left_hand,0.6481481481481481,0.7777777777777778,0.7777777777777778,0.7753259337561663,0.7037037037037037,,,,,,,,,,,,
8,44,0train,1test,transductive,0.75,spectral_baseline,287,216,72,1,left_hand,0.6666666666666666,0.7916666666666666,0.7916666666666667,0.789390756302521,0.7222222222222222,0.16356297690768,0.03489674221153577,1.0,0.003472222222222222,0.0,0.0,0.003861003861003861,,,,,
8,44,0train,1test,transductive,0.75,crcs,245,216,72,1,left_hand,0.0,0.8333333333333334,0.8333333333333334,0.8344699418228829,0.7777777777777778,,,43.0,0.14930555555555555,1.0,0.6744186046511628,0.05405405405405406,1.0,0.20105613163229852,1.8609256740924653,0.03206813591258249,0.9734307083677519
8,55,0train,1test,transductive,0.75,clean,288,216,72,1,left_hand,0.037037037037037035,0.8611111111111112,0.8611111111111112,0.8625084093834093,0.8148148148148149,,,,,,,,,,,,
8,55,0train,1test,transductive,0.75,poisoned,288,216,72,1,left_hand,0.6111111111111112,0.8472222222222222,0.8472222222222223,0.842246682166037,0.7962962962962963,,,,,,,,,,,,
8,55,0train,1test,transductive,0.75,spectral_baseline,287,216,72,1,left_hand,0.5555555555555556,0.8333333333333334,0.8333333333333333,0.8263110671647258,0.7777777777777778,0.16356297690768,0.03498330904703967,1.0,0.003472222222222222,0.0,0.0,0.003861003861003861,,,,,
8,55,0train,1test,transductive,0.75,crcs,245,216,72,1,left_hand,0.0,0.8888888888888888,0.8888888888888888,0.8889794340610337,0.8518518518518519,,,43.0,0.14930555555555555,1.0,0.6744186046511628,0.05405405405405406,1.0,0.18649593134737538,1.52125904844093,0.025423589693509656,0.8868730087609263
8,11,0train,1test,transductive,0.8,clean,288,232,56,1,left_hand,0.0,0.8571428571428571,0.8571428571428571,0.8559957068021584,0.8095238095238095,,,,,,,,,,,,
8,11,0train,1test,transductive,0.8,poisoned,288,232,56,1,left_hand,0.38095238095238093,0.7678571428571429,0.7678571428571429,0.7651431901431901,0.6904761904761905,,,,,,,,,,,,
8,11,0train,1test,transductive,0.8,spectral_baseline,287,232,56,1,left_hand,0.40476190476190477,0.75,0.75,0.7451431901431901,0.6666666666666667,0.16356297690768,0.03536920222399331,1.0,0.003472222222222222,0.0,0.0,0.003861003861003861,,,,,
8,11,0train,1test,transductive,0.8,crcs,245,232,56,1,left_hand,0.6904761904761905,0.8214285714285714,0.8214285714285714,0.8170105118380981,0.7619047619047619,,,43.0,0.14930555555555555,0.9655172413793104,0.6511627906976745,0.05791505791505792,1.0,0.1851439037360838,1.6049871110464125,0.025197597443591065,0.8409968078676822
8,22,0train,1test,transductive,0.8,clean,288,232,56,1,left_hand,0.0,0.8571428571428571,0.8571428571428571,0.8611651439237646,0.8095238095238095,,,,,,,,,,,,
8,22,0train,1test,transductive,0.8,poisoned,288,232,56,1,left_hand,0.5952380952380952,0.75,0.75,0.7494955589073236,0.6666666666666667,,,,,,,,,,,,
8,22,0train,1test,transductive,0.8,spectral_baseline,287,232,56,1,left_hand,0.5238095238095238,0.75,0.75,0.7494955589073236,0.6666666666666667,0.16248544828934683,0.03445399663171585,1.0,0.003472222222222222,0.0,0.0,0.003861003861003861,,,,,
8,22,0train,1test,transductive,0.8,crcs,245,232,56,1,left_hand,0.0,0.875,0.875,0.8784065232341094,0.8333333333333334,,,43.0,0.14930555555555555,1.0,0.6744186046511628,0.05405405405405406,1.0,0.2131405950344535,1.8576262037730813,0.02717689671531324,0.9694089534642109
8,33,0train,1test,transductive,0.8,clean,288,232,56,1,left_hand,0.0,0.9107142857142857,0.9107142857142857,0.9109407617472134,0.8809523809523809,,,,,,,,,,,,
8,33,0train,1test,transductive,0.8,poisoned,288,232,56,1,left_hand,0.6904761904761905,0.7678571428571429,0.7678571428571429,0.7643688839341013,0.6904761904761905,,,,,,,,,,,,
8,33,0train,1test,transductive,0.8,spectral_baseline,287,232,56,1,left_hand,0.6666666666666666,0.7678571428571429,0.7678571428571429,0.7643688839341013,0.6904761904761905,0.16248544828934683,0.03359240165056704,1.0,0.003472222222222222,0.0,0.0,0.003861003861003861,,,,,
8,33,0train,1test,transductive,0.8,crcs,245,232,56,1,left_hand,0.0,0.9464285714285714,0.9464285714285714,0.946957671957672,0.9285714285714286,,,43.0,0.14930555555555555,1.0,0.6744186046511628,0.05405405405405406,1.0,0.1887427980164037,1.6338483657422462,0.02104726258081481,0.98081653647061
8,44,0train,1test,transductive,0.8,clean,288,232,56,1,left_hand,0.0,0.8214285714285714,0.8214285714285714,0.8198832417582418,0.7619047619047619,,,,,,,,,,,,
8,44,0train,1test,transductive,0.8,poisoned,288,232,56,1,left_hand,0.5952380952380952,0.7857142857142857,0.7857142857142857,0.7797983870967742,0.7142857142857143,,,,,,,,,,,,
8,44,0train,1test,transductive,0.8,spectral_baseline,287,232,56,1,left_hand,0.6190476190476191,0.8035714285714286,0.8035714285714286,0.796875,0.7380952380952381,0.16356297690768,0.03489674221153577,1.0,0.003472222222222222,0.0,0.0,0.003861003861003861,,,,,
8,44,0train,1test,transductive,0.8,crcs,245,232,56,1,left_hand,0.0,0.8928571428571429,0.8928571428571428,0.8917099925164441,0.8571428571428572,,,43.0,0.14930555555555555,1.0,0.6744186046511628,0.05405405405405406,1.0,0.1985973558925405,1.7989728897467923,0.032043565720393546,0.9526431690681139
8,55,0train,1test,transductive,0.8,clean,288,232,56,1,left_hand,0.0,0.8928571428571429,0.8928571428571428,0.8925189114844287,0.8571428571428572,,,,,,,,,,,,
8,55,0train,1test,transductive,0.8,poisoned,288,232,56,1,left_hand,0.6190476190476191,0.875,0.875,0.8720695970695971,0.8333333333333334,,,,,,,,,,,,
8,55,0train,1test,transductive,0.8,spectral_baseline,287,232,56,1,left_hand,0.5952380952380952,0.875,0.875,0.8720695970695971,0.8333333333333334,0.16356297690768,0.03498330904703967,1.0,0.003472222222222222,0.0,0.0,0.003861003861003861,,,,,
8,55,0train,1test,transductive,0.8,crcs,245,232,56,1,left_hand,0.0,0.875,0.875,0.8707407407407408,0.8333333333333334,,,43.0,0.14930555555555555,1.0,0.6744186046511628,0.05405405405405406,1.0,0.18973423808849832,1.5605925858401006,0.02494367594039922,0.9203594745631294
9,11,0train,1test,inductive,0.0,clean,288,0,288,1,left_hand,0.0,0.7708333333333334,0.7708333333333335,0.739159795371251,0.6944444444444444,,,,,,,,,,,,
9,11,0train,1test,inductive,0.0,poisoned,288,0,288,1,left_hand,0.046296296296296294,0.7083333333333334,0.7083333333333334,0.6763369823893384,0.6111111111111112,,,,,,,,,,,,
9,11,0train,1test,inductive,0.0,spectral_baseline,288,0,288,1,left_hand,0.046296296296296294,0.7083333333333334,0.7083333333333334,0.6763369823893384,0.6111111111111112,0.2717998041260884,0.03821871588275193,0.0,0.0,0.0,0.0,0.0,,,,,
9,11,0train,1test,inductive,0.0,crcs,245,0,288,1,left_hand,0.004629629629629629,0.7291666666666666,0.7291666666666667,0.6988330666739301,0.6388888888888888,,,43.0,0.14930555555555555,0.0,0.0,0.16602316602316602,0.0,0.04103358429878196,0.4050220292312207,-0.04065741909919961,0.19478167820597025
9,22,0train,1test,inductive,0.0,clean,288,0,288,1,left_hand,0.0,0.7708333333333334,0.7708333333333335,0.739159795371251,0.6944444444444444,,,,,,,,,,,,
9,22,0train,1test,inductive,0.0,poisoned,288,0,288,1,left_hand,0.11574074074074074,0.6979166666666666,0.6979166666666666,0.6829095055825402,0.5972222222222222,,,,,,,,,,,,
9,22,0train,1test,inductive,0.0,spectral_baseline,288,0,288,1,left_hand,0.11574074074074074,0.6979166666666666,0.6979166666666666,0.6829095055825402,0.5972222222222222,0.2717998041260884,0.03821871588275193,0.0,0.0,0.0,0.0,0.0,,,,,
9,22,0train,1test,inductive,0.0,crcs,245,0,288,1,left_hand,0.009259259259259259,0.7673611111111112,0.767361111111111,0.7607174103237097,0.6898148148148149,,,43.0,0.14930555555555555,0.034482758620689655,0.023255813953488372,0.16216216216216217,0.0,0.044390032458841794,0.40497260974959115,-0.03489242229355981,0.17196202524013607
9,33,0train,1test,inductive,0.0,clean,288,0,288,1,left_hand,0.0,0.7708333333333334,0.7708333333333335,0.739159795371251,0.6944444444444444,,,,,,,,,,,,
9,33,0train,1test,inductive,0.0,poisoned,288,0,288,1,left_hand,0.023148148148148147,0.75,0.7499999999999999,0.7206827274216436,0.6666666666666667,,,,,,,,,,,,
9,33,0train,1test,inductive,0.0,spectral_baseline,288,0,288,1,left_hand,0.023148148148148147,0.75,0.7499999999999999,0.7206827274216436,0.6666666666666667,0.2717998041260884,0.0377647135703635,0.0,0.0,0.0,0.0,0.0,,,,,
9,33,0train,1test,inductive,0.0,crcs,245,0,288,1,left_hand,0.023148148148148147,0.7534722222222222,0.7534722222222223,0.7313596491228069,0.6712962962962963,,,43.0,0.14930555555555555,0.0,0.0,0.16602316602316602,0.0,0.043558660170413245,0.43399925355840563,-0.04120224966811251,0.19711642259457168
9,44,0train,1test,inductive,0.0,clean,288,0,288,1,left_hand,0.0,0.7708333333333334,0.7708333333333335,0.739159795371251,0.6944444444444444,,,,,,,,,,,,
9,44,0train,1test,inductive,0.0,poisoned,288,0,288,1,left_hand,0.20833333333333334,0.7465277777777778,0.7465277777777778,0.7322302714158325,0.662037037037037,,,,,,,,,,,,
9,44,0train,1test,inductive,0.0,spectral_baseline,288,0,288,1,left_hand,0.20833333333333334,0.7465277777777778,0.7465277777777778,0.7322302714158325,0.662037037037037,0.2717598527880065,0.038803699730528385,0.0,0.0,0.0,0.0,0.0,,,,,
9,44,0train,1test,inductive,0.0,crcs,245,0,288,1,left_hand,0.14351851851851852,0.7291666666666666,0.7291666666666667,0.7188568211688271,0.6388888888888888,,,43.0,0.14930555555555555,0.0,0.0,0.16602316602316602,0.0,0.042938051618030895,0.4528301566495575,-0.03612436959576976,0.17703554717664552
9,55,0train,1test,inductive,0.0,clean,288,0,288,1,left_hand,0.0,0.7708333333333334,0.7708333333333335,0.739159795371251,0.6944444444444444,,,,,,,,,,,,
9,55,0train,1test,inductive,0.0,poisoned,288,0,288,1,left_hand,0.009259259259259259,0.75,0.75,0.7278399122928179,0.6666666666666667,,,,,,,,,,,,
9,55,0train,1test,inductive,0.0,spectral_baseline,288,0,288,1,left_hand,0.009259259259259259,0.75,0.75,0.7278399122928179,0.6666666666666667,0.2717598527880065,0.04102448266743994,0.0,0.0,0.0,0.0,0.0,,,,,
9,55,0train,1test,inductive,0.0,crcs,245,0,288,1,left_hand,0.041666666666666664,0.7291666666666666,0.7291666666666666,0.7047543095477287,0.6388888888888888,,,43.0,0.14930555555555555,0.06896551724137931,0.046511627906976744,0.1583011583011583,0.0,0.04206806572800933,0.4041200564173917,-0.04331476826124017,0.20592063688040915
9,11,0train,1test,inductive,0.1,clean,288,28,260,1,left_hand,0.005128205128205128,0.8,0.8,0.7996905393457117,0.7333333333333334,,,,,,,,,,,,
9,11,0train,1test,inductive,0.1,poisoned,288,28,260,1,left_hand,0.03076923076923077,0.7884615384615384,0.7884615384615385,0.7840314769067621,0.717948717948718,,,,,,,,,,,,
9,11,0train,1test,inductive,0.1,spectral_baseline,288,28,260,1,left_hand,0.03076923076923077,0.7884615384615384,0.7884615384615385,0.7840314769067621,0.717948717948718,0.2717998041260884,0.03821871588275193,0.0,0.0,0.0,0.0,0.0,,,,,
9,11,0train,1test,inductive,0.1,crcs,245,28,260,1,left_hand,0.0,0.8038461538461539,0.8038461538461539,0.8022195241030263,0.7384615384615385,,,43.0,0.14930555555555555,1.0,0.6744186046511628,0.05405405405405406,1.0,0.25085012357077746,1.9880465311967312,0.00297585944654307,0.2511876705333568
9,22,0train,1test,inductive,0.1,clean,288,28,260,1,left_hand,0.005128205128205128,0.8076923076923077,0.8076923076923077,0.8006054131054131,0.7435897435897436,,,,,,,,,,,,
9,22,0train,1test,inductive,0.1,poisoned,288,28,260,1,left_hand,0.09230769230769231,0.8,0.7999999999999999,0.7915033836002136,0.7333333333333334,,,,,,,,,,,,
9,22,0train,1test,inductive,0.1,spectral_baseline,288,28,260,1,left_hand,0.09230769230769231,0.8,0.7999999999999999,0.7915033836002136,0.7333333333333334,0.2717998041260884,0.03821871588275193,0.0,0.0,0.0,0.0,0.0,,,,,
9,22,0train,1test,inductive,0.1,crcs,245,28,260,1,left_hand,0.005128205128205128,0.8153846153846154,0.8153846153846154,0.809590521018997,0.7538461538461538,,,43.0,0.14930555555555555,1.0,0.6744186046511628,0.05405405405405406,1.0,0.2471677615408779,1.5115690786278078,0.0109118032006008,0.506858494464328
9,33,0train,1test,inductive,0.1,clean,288,28,260,1,left_hand,0.005128205128205128,0.8076923076923077,0.8076923076923077,0.8049228788214444,0.7435897435897436,,,,,,,,,,,,
9,33,0train,1test,inductive,0.1,poisoned,288,28,260,1,left_hand,0.03076923076923077,0.8076923076923077,0.8076923076923077,0.8011588673982443,0.7435897435897436,,,,,,,,,,,,
9,33,0train,1test,inductive,0.1,spectral_baseline,288,28,260,1,left_hand,0.03076923076923077,0.8076923076923077,0.8076923076923077,0.8011588673982443,0.7435897435897436,0.2717998041260884,0.0377647135703635,0.0,0.0,0.0,0.0,0.0,,,,,
9,33,0train,1test,inductive,0.1,crcs,245,28,260,1,left_hand,0.005128205128205128,0.8076923076923077,0.8076923076923077,0.8057661077134339,0.7435897435897436,,,43.0,0.14930555555555555,1.0,0.6744186046511628,0.05405405405405406,1.0,0.24330119557390986,1.5944590464642348,0.03725393113566965,0.706175574483465
9,44,0train,1test,inductive,0.1,clean,288,28,260,1,left_hand,0.010256410256410256,0.8269230769230769,0.826923076923077,0.8272297136638973,0.7692307692307692,,,,,,,,,,,,
9,44,0train,1test,inductive,0.1,poisoned,288,28,260,1,left_hand,0.07179487179487179,0.8307692307692308,0.8307692307692307,0.8295697981181016,0.7743589743589744,,,,,,,,,,,,
9,44,0train,1test,inductive,0.1,spectral_baseline,288,28,260,1,left_hand,0.07179487179487179,0.8307692307692308,0.8307692307692307,0.8295697981181016,0.7743589743589744,0.2717598527880065,0.038803699730528385,0.0,0.0,0.0,0.0,0.0,,,,,
9,44,0train,1test,inductive,0.1,crcs,245,28,260,1,left_hand,0.005128205128205128,0.8307692307692308,0.8307692307692307,0.8312524774906122,0.7743589743589744,,,43.0,0.14930555555555555,1.0,0.6744186046511628,0.05405405405405406,1.0,0.2699357249508141,1.9067763153703614,0.006351159193037979,0.7950438252201251
9,55,0train,1test,inductive,0.1,clean,288,28,260,1,left_hand,0.005128205128205128,0.8346153846153846,0.8346153846153846,0.8338208491964748,0.7794871794871795,,,,,,,,,,,,
9,55,0train,1test,inductive,0.1,poisoned,288,28,260,1,left_hand,0.015384615384615385,0.823076923076923,0.8230769230769232,0.8221215230278158,0.764102564102564,,,,,,,,,,,,
9,55,0train,1test,inductive,0.1,spectral_baseline,288,28,260,1,left_hand,0.015384615384615385,0.823076923076923,0.8230769230769232,0.8221215230278158,0.764102564102564,0.2717598527880065,0.04102448266743994,0.0,0.0,0.0,0.0,0.0,,,,,
9,55,0train,1test,inductive,0.1,crcs,245,28,260,1,left_hand,0.0,0.823076923076923,0.8230769230769232,0.8219080238646802,0.764102564102564,,,43.0,0.14930555555555555,1.0,0.6744186046511628,0.05405405405405406,1.0,0.3141990155822853,2.230495841724098,0.043691470407356096,0.9485050984862617
9,11,0train,1test,inductive,0.25,clean,288,72,216,1,left_hand,0.006172839506172839,0.8194444444444444,0.8194444444444444,0.8173172714121666,0.7592592592592593,,,,,,,,,,,,
9,11,0train,1test,inductive,0.25,poisoned,288,72,216,1,left_hand,0.018518518518518517,0.8148148148148148,0.8148148148148149,0.8071549842347805,0.7530864197530864,,,,,,,,,,,,
9,11,0train,1test,inductive,0.25,spectral_baseline,288,72,216,1,left_hand,0.018518518518518517,0.8148148148148148,0.8148148148148149,0.8071549842347805,0.7530864197530864,0.2717998041260884,0.03821871588275193,0.0,0.0,0.0,0.0,0.0,,,,,
9,11,0train,1test,inductive,0.25,crcs,245,72,216,1,left_hand,0.012345679012345678,0.8287037037037037,0.8287037037037036,0.8269607266076995,0.7716049382716049,,,43.0,0.14930555555555555,1.0,0.6744186046511628,0.05405405405405406,1.0,0.21890905848525463,1.6475658135606186,-0.009085658908137659,0.6636374415836861
9,22,0train,1test,inductive,0.25,clean,288,72,216,1,left_hand,0.006172839506172839,0.8379629629629629,0.8379629629629629,0.8356315238398347,0.7839506172839507,,,,,,,,,,,,
9,22,0train,1test,inductive,0.25,poisoned,288,72,216,1,left_hand,0.07407407407407407,0.8425925925925926,0.8425925925925926,0.8380927421949651,0.7901234567901234,,,,,,,,,,,,
9,22,0train,1test,inductive,0.25,spectral_baseline,288,72,216,1,left_hand,0.07407407407407407,0.8425925925925926,0.8425925925925926,0.8380927421949651,0.7901234567901234,0.2717998041260884,0.03821871588275193,0.0,0.0,0.0,0.0,0.0,,,,,
9,22,0train,1test,inductive,0.25,crcs,245,72,216,1,left_hand,0.0,0.8379629629629629,0.8379629629629629,0.8366605195297246,0.7839506172839507,,,43.0,0.14930555555555555,1.0,0.6744186046511628,0.05405405405405406,1.0,0.20775213744230017,1.3819172786878355,0.0035883228617462765,0.4604596157633749
9,33,0train,1test,inductive,0.25,clean,288,72,216,1,left_hand,0.006172839506172839,0.8240740740740741,0.8240740740740741,0.821968340617828,0.7654320987654322,,,,,,,,,,,,
9,33,0train,1test,inductive,0.25,poisoned,288,72,216,1,left_hand,0.030864197530864196,0.8425925925925926,0.8425925925925926,0.8379031995573349,0.7901234567901234,,,,,,,,,,,,
9,33,0train,1test,inductive,0.25,spectral_baseline,288,72,216,1,left_hand,0.030864197530864196,0.8425925925925926,0.8425925925925926,0.8379031995573349,0.7901234567901234,0.2717998041260884,0.0377647135703635,0.0,0.0,0.0,0.0,0.0,,,,,
9,33,0train,1test,inductive,0.25,crcs,245,72,216,1,left_hand,0.0,0.8287037037037037,0.8287037037037037,0.827979062860866,0.7716049382716049,,,43.0,0.14930555555555555,1.0,0.6744186046511628,0.05405405405405406,1.0,0.2296797135654002,1.5638962208715081,0.016301255711425613,0.8161227912146207
9,44,0train,1test,inductive,0.25,clean,288,72,216,1,left_hand,0.006172839506172839,0.8425925925925926,0.8425925925925926,0.8421882821025748,0.7901234567901234,,,,,,,,,,,,
9,44,0train,1test,inductive,0.25,poisoned,288,72,216,1,left_hand,0.1111111111111111,0.8564814814814815,0.8564814814814814,0.8556769802722313,0.808641975308642,,,,,,,,,,,,
9,44,0train,1test,inductive,0.25,spectral_baseline,288,72,216,1,left_hand,0.1111111111111111,0.8564814814814815,0.8564814814814814,0.8556769802722313,0.808641975308642,0.2717598527880065,0.038803699730528385,0.0,0.0,0.0,0.0,0.0,,,,,
9,44,0train,1test,inductive,0.25,crcs,245,72,216,1,left_hand,0.006172839506172839,0.8425925925925926,0.8425925925925926,0.8419883516185833,0.7901234567901234,,,43.0,0.14930555555555555,1.0,0.6744186046511628,0.05405405405405406,1.0,0.22401324490656194,1.5126808265588065,0.0071031681446683224,0.7880182838721482
9,55,0train,1test,inductive,0.25,clean,288,72,216,1,left_hand,0.012345679012345678,0.8518518518518519,0.8518518518518517,0.8507519512659433,0.8024691358024691,,,,,,,,,,,,
9,55,0train,1test,inductive,0.25,poisoned,288,72,216,1,left_hand,0.05555555555555555,0.8888888888888888,0.8888888888888888,0.8866786278290704,0.8518518518518519,,,,,,,,,,,,
9,55,0train,1test,inductive,0.25,spectral_baseline,288,72,216,1,left_hand,0.05555555555555555,0.8888888888888888,0.8888888888888888,0.8866786278290704,0.8518518518518519,0.2717598527880065,0.04102448266743994,0.0,0.0,0.0,0.0,0.0,,,,,
9,55,0train,1test,inductive,0.25,crcs,245,72,216,1,left_hand,0.0,0.8518518518518519,0.8518518518518517,0.8501004076578142,0.8024691358024691,,,43.0,0.14930555555555555,1.0,0.6744186046511628,0.05405405405405406,1.0,0.2616198249537935,1.841342305127903,0.020939050722595578,0.8884942846018882
9,11,0train,1test,inductive,0.5,clean,288,144,144,1,left_hand,0.009259259259259259,0.8611111111111112,0.8611111111111112,0.8601452123376195,0.8148148148148149,,,,,,,,,,,,
9,11,0train,1test,inductive,0.5,poisoned,288,144,144,1,left_hand,0.4444444444444444,0.8680555555555556,0.8680555555555556,0.8604760619938981,0.8240740740740741,,,,,,,,,,,,
9,11,0train,1test,inductive,0.5,spectral_baseline,288,144,144,1,left_hand,0.4444444444444444,0.8680555555555556,0.8680555555555556,0.8604760619938981,0.8240740740740741,0.2717998041260884,0.03821871588275193,0.0,0.0,0.0,0.0,0.0,,,,,
9,11,0train,1test,inductive,0.5,crcs,245,144,144,1,left_hand,0.0,0.8611111111111112,0.8611111111111112,0.8596002939846223,0.8148148148148149,,,43.0,0.14930555555555555,1.0,0.6744186046511628,0.05405405405405406,1.0,0.20472185644130725,1.4496321222099768,-0.009987225987452227,0.602958577423374
9,22,0train,1test,inductive,0.5,clean,288,144,144,1,left_hand,0.018518518518518517,0.8263888888888888,0.826388888888889,0.8240352931412331,0.7685185185185185,,,,,,,,,,,,
9,22,0train,1test,inductive,0.5,poisoned,288,144,144,1,left_hand,0.5462962962962963,0.8333333333333334,0.8333333333333334,0.830359885047385,0.7777777777777778,,,,,,,,,,,,
9,22,0train,1test,inductive,0.5,spectral_baseline,288,144,144,1,left_hand,0.5462962962962963,0.8333333333333334,0.8333333333333334,0.830359885047385,0.7777777777777778,0.2717998041260884,0.03821871588275193,0.0,0.0,0.0,0.0,0.0,,,,,
9,22,0train,1test,inductive,0.5,crcs,245,144,144,1,left_hand,0.009259259259259259,0.8333333333333334,0.8333333333333333,0.8319426488544136,0.7777777777777778,,,43.0,0.14930555555555555,1.0,0.6744186046511628,0.05405405405405406,1.0,0.1938360881705295,1.225378209133747,0.000521229938179034,0.5783393911849942
9,33,0train,1test,inductive,0.5,clean,288,144,144,1,left_hand,0.009259259259259259,0.8194444444444444,0.8194444444444444,0.8218270022096883,0.7592592592592593,,,,,,,,,,,,
9,33,0train,1test,inductive,0.5,poisoned,288,144,144,1,left_hand,0.3888888888888889,0.8472222222222222,0.8472222222222222,0.8453932849712902,0.7962962962962963,,,,,,,,,,,,
9,33,0train,1test,inductive,0.5,spectral_baseline,288,144,144,1,left_hand,0.3888888888888889,0.8472222222222222,0.8472222222222222,0.8453932849712902,0.7962962962962963,0.2717998041260884,0.0377647135703635,0.0,0.0,0.0,0.0,0.0,,,,,
9,33,0train,1test,inductive,0.5,crcs,245,144,144,1,left_hand,0.0,0.8263888888888888,0.8263888888888888,0.8283946042992096,0.7685185185185185,,,43.0,0.14930555555555555,1.0,0.6744186046511628,0.05405405405405406,1.0,0.23774929182351817,1.6663717572448085,0.005508119941172947,0.9221065980191554
9,44,0train,1test,inductive,0.5,clean,288,144,144,1,left_hand,0.009259259259259259,0.8402777777777778,0.8402777777777778,0.8389102916895982,0.787037037037037,,,,,,,,,,,,
9,44,0train,1test,inductive,0.5,poisoned,288,144,144,1,left_hand,0.5370370370370371,0.875,0.875,0.869774011299435,0.8333333333333334,,,,,,,,,,,,
9,44,0train,1test,inductive,0.5,spectral_baseline,288,144,144,1,left_hand,0.5370370370370371,0.875,0.875,0.869774011299435,0.8333333333333334,0.2717598527880065,0.038803699730528385,0.0,0.0,0.0,0.0,0.0,,,,,
9,44,0train,1test,inductive,0.5,crcs,245,144,144,1,left_hand,0.009259259259259259,0.8472222222222222,0.8472222222222223,0.8453110020274199,0.7962962962962963,,,43.0,0.14930555555555555,1.0,0.6744186046511628,0.05405405405405406,1.0,0.20015130064313183,1.3156010280826076,0.0016107820383086267,0.7142776427613234
9,55,0train,1test,inductive,0.5,clean,288,144,144,1,left_hand,0.009259259259259259,0.8611111111111112,0.8611111111111112,0.859653295474191,0.8148148148148149,,,,,,,,,,,,
9,55,0train,1test,inductive,0.5,poisoned,288,144,144,1,left_hand,0.49074074074074076,0.9027777777777778,0.9027777777777777,0.9008181867359082,0.8703703703703703,,,,,,,,,,,,
9,55,0train,1test,inductive,0.5,spectral_baseline,288,144,144,1,left_hand,0.49074074074074076,0.9027777777777778,0.9027777777777777,0.9008181867359082,0.8703703703703703,0.2717598527880065,0.04102448266743994,0.0,0.0,0.0,0.0,0.0,,,,,
9,55,0train,1test,inductive,0.5,crcs,245,144,144,1,left_hand,0.009259259259259259,0.8680555555555556,0.8680555555555556,0.867210005036092,0.8240740740740741,,,43.0,0.14930555555555555,1.0,0.6744186046511628,0.05405405405405406,1.0,0.2226346321016579,1.5503447338262424,0.008986531417188177,0.7543400014121244
9,11,0train,1test,inductive,0.75,clean,288,216,72,1,left_hand,0.018518518518518517,0.875,0.875,0.8705003390487261,0.8333333333333334,,,,,,,,,,,,
9,11,0train,1test,inductive,0.75,poisoned,288,216,72,1,left_hand,0.3148148148148148,0.875,0.875,0.8676466254052461,0.8333333333333334,,,,,,,,,,,,
9,11,0train,1test,inductive,0.75,spectral_baseline,288,216,72,1,left_hand,0.3148148148148148,0.875,0.875,0.8676466254052461,0.8333333333333334,0.2717998041260884,0.03821871588275193,0.0,0.0,0.0,0.0,0.0,,,,,
9,11,0train,1test,inductive,0.75,crcs,245,216,72,1,left_hand,0.0,0.8611111111111112,0.8611111111111112,0.8542397660818714,0.8148148148148149,,,43.0,0.14930555555555555,1.0,0.6744186046511628,0.05405405405405406,1.0,0.20887542761040884,1.4396699980969594,-0.007190513288133792,0.6197755628995133
9,22,0train,1test,inductive,0.75,clean,288,216,72,1,left_hand,0.0,0.8194444444444444,0.8194444444444444,0.8188250285024479,0.7592592592592593,,,,,,,,,,,,
9,22,0train,1test,inductive,0.75,poisoned,288,216,72,1,left_hand,0.42592592592592593,0.8888888888888888,0.8888888888888888,0.8872255125063212,0.8518518518518519,,,,,,,,,,,,
9,22,0train,1test,inductive,0.75,spectral_baseline,288,216,72,1,left_hand,0.42592592592592593,0.8888888888888888,0.8888888888888888,0.8872255125063212,0.8518518518518519,0.2717998041260884,0.03821871588275193,0.0,0.0,0.0,0.0,0.0,,,,,
9,22,0train,1test,inductive,0.75,crcs,245,216,72,1,left_hand,0.0,0.8194444444444444,0.8194444444444444,0.8183110529884723,0.7592592592592593,,,43.0,0.14930555555555555,1.0,0.6744186046511628,0.05405405405405406,1.0,0.19047961317462345,1.31793875416297,-0.014096715275913873,0.7073823414316626
9,33,0train,1test,inductive,0.75,clean,288,216,72,1,left_hand,0.018518518518518517,0.8472222222222222,0.8472222222222222,0.8483011755070577,0.7962962962962963,,,,,,,,,,,,
9,33,0train,1test,inductive,0.75,poisoned,288,216,72,1,left_hand,0.3333333333333333,0.8472222222222222,0.8472222222222222,0.8485508534850641,0.7962962962962963,,,,,,,,,,,,
9,33,0train,1test,inductive,0.75,spectral_baseline,288,216,72,1,left_hand,0.3333333333333333,0.8472222222222222,0.8472222222222222,0.8485508534850641,0.7962962962962963,0.2717998041260884,0.0377647135703635,0.0,0.0,0.0,0.0,0.0,,,,,
9,33,0train,1test,inductive,0.75,crcs,245,216,72,1,left_hand,0.018518518518518517,0.8472222222222222,0.8472222222222222,0.8483011755070577,0.7962962962962963,,,43.0,0.14930555555555555,1.0,0.6744186046511628,0.05405405405405406,1.0,0.22451394373194114,1.518823678361184,0.0016602244117763956,0.8122195572688554
9,44,0train,1test,inductive,0.75,clean,288,216,72,1,left_hand,0.0,0.8333333333333334,0.8333333333333334,0.8351158645276293,0.7777777777777778,,,,,,,,,,,,
9,44,0train,1test,inductive,0.75,poisoned,288,216,72,1,left_hand,0.35185185185185186,0.9027777777777778,0.9027777777777778,0.9021450594980007,0.8703703703703703,,,,,,,,,,,,
9,44,0train,1test,inductive,0.75,spectral_baseline,288,216,72,1,left_hand,0.35185185185185186,0.9027777777777778,0.9027777777777778,0.9021450594980007,0.8703703703703703,0.2717598527880065,0.038803699730528385,0.0,0.0,0.0,0.0,0.0,,,,,
9,44,0train,1test,inductive,0.75,crcs,245,216,72,1,left_hand,0.0,0.8333333333333334,0.8333333333333334,0.8351158645276293,0.7777777777777778,,,43.0,0.14930555555555555,1.0,0.6744186046511628,0.05405405405405406,1.0,0.21486097165522133,1.495000207480502,0.0006248212972983101,0.7199592862132662
9,55,0train,1test,inductive,0.75,clean,288,216,72,1,left_hand,0.0,0.8472222222222222,0.8472222222222222,0.8455748552522746,0.7962962962962963,,,,,,,,,,,,
9,55,0train,1test,inductive,0.75,poisoned,288,216,72,1,left_hand,0.3333333333333333,0.9027777777777778,0.9027777777777778,0.9012189564821144,0.8703703703703703,,,,,,,,,,,,
9,55,0train,1test,inductive,0.75,spectral_baseline,288,216,72,1,left_hand,0.3333333333333333,0.9027777777777778,0.9027777777777778,0.9012189564821144,0.8703703703703703,0.2717598527880065,0.04102448266743994,0.0,0.0,0.0,0.0,0.0,,,,,
9,55,0train,1test,inductive,0.75,crcs,245,216,72,1,left_hand,0.0,0.8611111111111112,0.8611111111111112,0.8593062992468765,0.8148148148148149,,,43.0,0.14930555555555555,1.0,0.6744186046511628,0.05405405405405406,1.0,0.21758832671259598,1.4760534783574684,0.0051598923132963725,0.7391681469292982
9,11,0train,1test,inductive,0.8,clean,288,232,56,1,left_hand,0.023809523809523808,0.8571428571428571,0.8571428571428572,0.8488440438871473,0.8095238095238095,,,,,,,,,,,,
9,11,0train,1test,inductive,0.8,poisoned,288,232,56,1,left_hand,0.30952380952380953,0.8392857142857143,0.8392857142857143,0.8255088325652842,0.7857142857142857,,,,,,,,,,,,
9,11,0train,1test,inductive,0.8,spectral_baseline,288,232,56,1,left_hand,0.30952380952380953,0.8392857142857143,0.8392857142857143,0.8255088325652842,0.7857142857142857,0.2717998041260884,0.03821871588275193,0.0,0.0,0.0,0.0,0.0,,,,,
9,11,0train,1test,inductive,0.8,crcs,245,232,56,1,left_hand,0.0,0.875,0.875,0.8697344875949122,0.8333333333333334,,,43.0,0.14930555555555555,1.0,0.6744186046511628,0.05405405405405406,1.0,0.213649577461793,1.4934676825520437,-0.007272932115691726,0.6416326930501828
9,22,0train,1test,inductive,0.8,clean,288,232,56,1,left_hand,0.0,0.8571428571428571,0.8571428571428571,0.856959706959707,0.8095238095238095,,,,,,,,,,,,
9,22,0train,1test,inductive,0.8,poisoned,288,232,56,1,left_hand,0.38095238095238093,0.8928571428571429,0.8928571428571428,0.8920833333333333,0.8571428571428572,,,,,,,,,,,,
9,22,0train,1test,inductive,0.8,spectral_baseline,288,232,56,1,left_hand,0.38095238095238093,0.8928571428571429,0.8928571428571428,0.8920833333333333,0.8571428571428572,0.2717998041260884,0.03821871588275193,0.0,0.0,0.0,0.0,0.0,,,,,
9,22,0train,1test,inductive,0.8,crcs,245,232,56,1,left_hand,0.0,0.8571428571428571,0.8571428571428571,0.8567079575144092,0.8095238095238095,,,43.0,0.14930555555555555,1.0,0.6744186046511628,0.05405405405405406,1.0,0.195055244095967,1.3723612320538368,-0.013573686960748291,0.7438306416549509
9,33,0train,1test,inductive,0.8,clean,288,232,56,1,left_hand,0.023809523809523808,0.875,0.875,0.875925925925926,0.8333333333333334,,,,,,,,,,,,
9,33,0train,1test,inductive,0.8,poisoned,288,232,56,1,left_hand,0.2619047619047619,0.8571428571428571,0.8571428571428571,0.8596551724137931,0.8095238095238095,,,,,,,,,,,,
9,33,0train,1test,inductive,0.8,spectral_baseline,288,232,56,1,left_hand,0.2619047619047619,0.8571428571428571,0.8571428571428571,0.8596551724137931,0.8095238095238095,0.2717998041260884,0.0377647135703635,0.0,0.0,0.0,0.0,0.0,,,,,
9,33,0train,1test,inductive,0.8,crcs,245,232,56,1,left_hand,0.023809523809523808,0.875,0.875,0.875925925925926,0.8333333333333334,,,43.0,0.14930555555555555,1.0,0.6744186046511628,0.05405405405405406,1.0,0.22360381825121955,1.5496610741570631,-0.0018864274349125881,0.8244291046048196
9,44,0train,1test,inductive,0.8,clean,288,232,56,1,left_hand,0.0,0.875,0.875,0.876717032967033,0.8333333333333334,,,,,,,,,,,,
9,44,0train,1test,inductive,0.8,poisoned,288,232,56,1,left_hand,0.3333333333333333,0.9285714285714286,0.9285714285714286,0.9284802043422733,0.9047619047619048,,,,,,,,,,,,
9,44,0train,1test,inductive,0.8,spectral_baseline,288,232,56,1,left_hand,0.3333333333333333,0.9285714285714286,0.9285714285714286,0.9284802043422733,0.9047619047619048,0.2717598527880065,0.038803699730528385,0.0,0.0,0.0,0.0,0.0,,,,,
9,44,0train,1test,inductive,0.8,crcs,245,232,56,1,left_hand,0.0,0.8928571428571429,0.8928571428571428,0.8942414648755027,0.8571428571428572,,,43.0,0.14930555555555555,1.0,0.6744186046511628,0.05405405405405406,1.0,0.21346082616348222,1.4755601718737978,-0.004265037593539088,0.723014251450719
9,55,0train,1test,inductive,0.8,clean,288,232,56,1,left_hand,0.0,0.8392857142857143,0.8392857142857143,0.8378434886499403,0.7857142857142857,,,,,,,,,,,,
9,55,0train,1test,inductive,0.8,poisoned,288,232,56,1,left_hand,0.35714285714285715,0.875,0.875,0.8722222222222222,0.8333333333333334,,,,,,,,,,,,
9,55,0train,1test,inductive,0.8,spectral_baseline,288,232,56,1,left_hand,0.35714285714285715,0.875,0.875,0.8722222222222222,0.8333333333333334,0.2717598527880065,0.04102448266743994,0.0,0.0,0.0,0.0,0.0,,,,,
9,55,0train,1test,inductive,0.8,crcs,245,232,56,1,left_hand,0.0,0.8392857142857143,0.8392857142857143,0.8374649080989459,0.7857142857142857,,,43.0,0.14930555555555555,1.0,0.6744186046511628,0.05405405405405406,1.0,0.22550283395430115,1.5648026379485318,0.0071208404451074524,0.7409501210007302
9,11,0train,1test,transductive,0.0,clean,288,0,288,1,left_hand,0.0,0.8055555555555556,0.8055555555555556,0.8013616058526758,0.7407407407407407,,,,,,,,,,,,
9,11,0train,1test,transductive,0.0,poisoned,288,0,288,1,left_hand,0.032407407407407406,0.7916666666666666,0.7916666666666667,0.7820012267474064,0.7222222222222222,,,,,,,,,,,,
9,11,0train,1test,transductive,0.0,spectral_baseline,288,0,288,1,left_hand,0.032407407407407406,0.7916666666666666,0.7916666666666667,0.7820012267474064,0.7222222222222222,0.2717998041260884,0.03821871588275193,0.0,0.0,0.0,0.0,0.0,,,,,
9,11,0train,1test,transductive,0.0,crcs,245,0,288,1,left_hand,0.027777777777777776,0.7673611111111112,0.7673611111111112,0.7488338168309141,0.6898148148148149,,,43.0,0.14930555555555555,0.0,0.0,0.16602316602316602,0.0,0.04103358429878196,0.4050220292312207,-0.04065741909919961,0.19478167820597025
9,22,0train,1test,transductive,0.0,clean,288,0,288,1,left_hand,0.0,0.8055555555555556,0.8055555555555556,0.8013616058526758,0.7407407407407407,,,,,,,,,,,,
9,22,0train,1test,transductive,0.0,poisoned,288,0,288,1,left_hand,0.09722222222222222,0.7569444444444444,0.7569444444444444,0.7532146833455133,0.6759259259259259,,,,,,,,,,,,
9,22,0train,1test,transductive,0.0,spectral_baseline,288,0,288,1,left_hand,0.09722222222222222,0.7569444444444444,0.7569444444444444,0.7532146833455133,0.6759259259259259,0.2717998041260884,0.03821871588275193,0.0,0.0,0.0,0.0,0.0,,,,,
9,22,0train,1test,transductive,0.0,crcs,245,0,288,1,left_hand,0.018518518518518517,0.7673611111111112,0.767361111111111,0.756684500634041,0.6898148148148149,,,43.0,0.14930555555555555,0.034482758620689655,0.023255813953488372,0.16216216216216217,0.0,0.044390032458841794,0.40497260974959115,-0.03489242229355981,0.17196202524013607
9,33,0train,1test,transductive,0.0,clean,288,0,288,1,left_hand,0.0,0.8055555555555556,0.8055555555555556,0.8013616058526758,0.7407407407407407,,,,,,,,,,,,
9,33,0train,1test,transductive,0.0,poisoned,288,0,288,1,left_hand,0.05092592592592592,0.7916666666666666,0.7916666666666667,0.7834932624057874,0.7222222222222222,,,,,,,,,,,,
9,33,0train,1test,transductive,0.0,spectral_baseline,288,0,288,1,left_hand,0.05092592592592592,0.7916666666666666,0.7916666666666667,0.7834932624057874,0.7222222222222222,0.2717998041260884,0.0377647135703635,0.0,0.0,0.0,0.0,0.0,,,,,
9,33,0train,1test,transductive,0.0,crcs,245,0,288,1,left_hand,0.05092592592592592,0.7881944444444444,0.7881944444444445,0.7725545689081504,0.7175925925925926,,,43.0,0.14930555555555555,0.0,0.0,0.16602316602316602,0.0,0.043558660170413245,0.43399925355840563,-0.04120224966811251,0.19711642259457168
9,44,0train,1test,transductive,0.0,clean,288,0,288,1,left_hand,0.0,0.8055555555555556,0.8055555555555556,0.8013616058526758,0.7407407407407407,,,,,,,,,,,,
9,44,0train,1test,transductive,0.0,poisoned,288,0,288,1,left_hand,0.1712962962962963,0.75,0.75,0.7408261493761555,0.6666666666666667,,,,,,,,,,,,
9,44,0train,1test,transductive,0.0,spectral_baseline,288,0,288,1,left_hand,0.1712962962962963,0.75,0.75,0.7408261493761555,0.6666666666666667,0.2717598527880065,0.038803699730528385,0.0,0.0,0.0,0.0,0.0,,,,,
9,44,0train,1test,transductive,0.0,crcs,245,0,288,1,left_hand,0.1111111111111111,0.7465277777777778,0.7465277777777778,0.7295100732600733,0.662037037037037,,,43.0,0.14930555555555555,0.0,0.0,0.16602316602316602,0.0,0.042938051618030895,0.4528301566495575,-0.03612436959576976,0.17703554717664552
9,55,0train,1test,transductive,0.0,clean,288,0,288,1,left_hand,0.0,0.8055555555555556,0.8055555555555556,0.8013616058526758,0.7407407407407407,,,,,,,,,,,,
9,55,0train,1test,transductive,0.0,poisoned,288,0,288,1,left_hand,0.037037037037037035,0.7604166666666666,0.7604166666666666,0.7543924103073991,0.6805555555555556,,,,,,,,,,,,
9,55,0train,1test,transductive,0.0,spectral_baseline,288,0,288,1,left_hand,0.037037037037037035,0.7604166666666666,0.7604166666666666,0.7543924103073991,0.6805555555555556,0.2717598527880065,0.04102448266743994,0.0,0.0,0.0,0.0,0.0,,,,,
9,55,0train,1test,transductive,0.0,crcs,245,0,288,1,left_hand,0.08333333333333333,0.7673611111111112,0.7673611111111112,0.7560667313886471,0.6898148148148149,,,43.0,0.14930555555555555,0.06896551724137931,0.046511627906976744,0.1583011583011583,0.0,0.04206806572800933,0.4041200564173917,-0.04331476826124017,0.20592063688040915
9,11,0train,1test,transductive,0.1,clean,288,28,260,1,left_hand,0.005128205128205128,0.8038461538461539,0.8038461538461539,0.8008587416688531,0.7384615384615385,,,,,,,,,,,,
9,11,0train,1test,transductive,0.1,poisoned,288,28,260,1,left_hand,0.06153846153846154,0.8,0.8,0.7911880986141101,0.7333333333333334,,,,,,,,,,,,
9,11,0train,1test,transductive,0.1,spectral_baseline,288,28,260,1,left_hand,0.06153846153846154,0.8,0.8,0.7911880986141101,0.7333333333333334,0.2717998041260884,0.03821871588275193,0.0,0.0,0.0,0.0,0.0,,,,,
9,11,0train,1test,transductive,0.1,crcs,245,28,260,1,left_hand,0.005128205128205128,0.7923076923076923,0.7923076923076924,0.7869124662751752,0.7230769230769231,,,43.0,0.14930555555555555,1.0,0.6744186046511628,0.05405405405405406,1.0,0.2447354961209514,1.9413641923067382,-0.0006117460599378997,0.2068507758600494
9,22,0train,1test,transductive,0.1,clean,288,28,260,1,left_hand,0.005128205128205128,0.8153846153846154,0.8153846153846154,0.8113462987159861,0.7538461538461538,,,,,,,,,,,,
9,22,0train,1test,transductive,0.1,poisoned,288,28,260,1,left_hand,0.07692307692307693,0.8192307692307692,0.8192307692307692,0.8142677482053104,0.7589743589743589,,,,,,,,,,,,
9,22,0train,1test,transductive,0.1,spectral_baseline,288,28,260,1,left_hand,0.07692307692307693,0.8192307692307692,0.8192307692307692,0.8142677482053104,0.7589743589743589,0.2717998041260884,0.03821871588275193,0.0,0.0,0.0,0.0,0.0,,,,,
9,22,0train,1test,transductive,0.1,crcs,245,28,260,1,left_hand,0.005128205128205128,0.8076923076923077,0.8076923076923076,0.8056767489612522,0.7435897435897436,,,43.0,0.14930555555555555,1.0,0.6744186046511628,0.05405405405405406,1.0,0.25008189357722965,1.485548660589874,-0.002783084654136961,0.428321096070734
9,33,0train,1test,transductive,0.1,clean,288,28,260,1,left_hand,0.005128205128205128,0.8192307692307692,0.8192307692307692,0.815903540903541,0.7589743589743589,,,,,,,,,,,,
9,33,0train,1test,transductive,0.1,poisoned,288,28,260,1,left_hand,0.046153846153846156,0.823076923076923,0.823076923076923,0.8165375040359621,0.764102564102564,,,,,,,,,,,,
9,33,0train,1test,transductive,0.1,spectral_baseline,288,28,260,1,left_hand,0.046153846153846156,0.823076923076923,0.823076923076923,0.8165375040359621,0.764102564102564,0.2717998041260884,0.0377647135703635,0.0,0.0,0.0,0.0,0.0,,,,,
9,33,0train,1test,transductive,0.1,crcs,245,28,260,1,left_hand,0.005128205128205128,0.823076923076923,0.8230769230769232,0.819069289961785,0.764102564102564,,,43.0,0.14930555555555555,1.0,0.6744186046511628,0.05405405405405406,1.0,0.25116783927675734,1.679544694636095,0.03976592316166591,0.6961430391363701
9,44,0train,1test,transductive,0.1,clean,288,28,260,1,left_hand,0.005128205128205128,0.8384615384615385,0.8384615384615385,0.8368645962644037,0.7846153846153846,,,,,,,,,,,,
9,44,0train,1test,transductive,0.1,poisoned,288,28,260,1,left_hand,0.11282051282051282,0.8,0.7999999999999999,0.7953458067577449,0.7333333333333334,,,,,,,,,,,,
9,44,0train,1test,transductive,0.1,spectral_baseline,288,28,260,1,left_hand,0.11282051282051282,0.8,0.7999999999999999,0.7953458067577449,0.7333333333333334,0.2717598527880065,0.038803699730528385,0.0,0.0,0.0,0.0,0.0,,,,,
9,44,0train,1test,transductive,0.1,crcs,245,28,260,1,left_hand,0.005128205128205128,0.8192307692307692,0.8192307692307692,0.8160299123969358,0.7589743589743589,,,43.0,0.14930555555555555,1.0,0.6744186046511628,0.05405405405405406,1.0,0.2544295972037964,1.8210753446016694,-0.0013283510237350163,0.7977229701892177
9,55,0train,1test,transductive,0.1,clean,288,28,260,1,left_hand,0.005128205128205128,0.8307692307692308,0.8307692307692308,0.8273385734999908,0.7743589743589744,,,,,,,,,,,,
9,55,0train,1test,transductive,0.1,poisoned,288,28,260,1,left_hand,0.03076923076923077,0.8346153846153846,0.8346153846153846,0.8289187723456393,0.7794871794871795,,,,,,,,,,,,
9,55,0train,1test,transductive,0.1,spectral_baseline,288,28,260,1,left_hand,0.03076923076923077,0.8346153846153846,0.8346153846153846,0.8289187723456393,0.7794871794871795,0.2717598527880065,0.04102448266743994,0.0,0.0,0.0,0.0,0.0,,,,,
9,55,0train,1test,transductive,0.1,crcs,245,28,260,1,left_hand,0.0,0.8307692307692308,0.8307692307692308,0.8278848890616488,0.7743589743589744,,,43.0,0.14930555555555555,1.0,0.6744186046511628,0.05405405405405406,1.0,0.2950629960648844,1.9675478844041057,0.0323903207649377,0.8332630375475142
9,11,0train,1test,transductive,0.25,clean,288,72,216,1,left_hand,0.012345679012345678,0.8194444444444444,0.8194444444444444,0.8169084314156531,0.7592592592592593,,,,,,,,,,,,
9,11,0train,1test,transductive,0.25,poisoned,288,72,216,1,left_hand,0.024691358024691357,0.8240740740740741,0.824074074074074,0.8161054648180018,0.7654320987654322,,,,,,,,,,,,
9,11,0train,1test,transductive,0.25,spectral_baseline,288,72,216,1,left_hand,0.024691358024691357,0.8240740740740741,0.824074074074074,0.8161054648180018,0.7654320987654322,0.2717998041260884,0.03821871588275193,0.0,0.0,0.0,0.0,0.0,,,,,
9,11,0train,1test,transductive,0.25,crcs,245,72,216,1,left_hand,0.012345679012345678,0.8148148148148148,0.8148148148148148,0.810918336206362,0.7530864197530864,,,43.0,0.14930555555555555,1.0,0.6744186046511628,0.05405405405405406,1.0,0.21766287737262538,1.6398461050109734,-0.01128804614544088,0.6825742590654414
9,22,0train,1test,transductive,0.25,clean,288,72,216,1,left_hand,0.006172839506172839,0.8564814814814815,0.8564814814814814,0.8551194106140931,0.808641975308642,,,,,,,,,,,,
9,22,0train,1test,transductive,0.25,poisoned,288,72,216,1,left_hand,0.06790123456790123,0.8657407407407407,0.8657407407407407,0.863819147285103,0.8209876543209876,,,,,,,,,,,,
9,22,0train,1test,transductive,0.25,spectral_baseline,288,72,216,1,left_hand,0.06790123456790123,0.8657407407407407,0.8657407407407407,0.863819147285103,0.8209876543209876,0.2717998041260884,0.03821871588275193,0.0,0.0,0.0,0.0,0.0,,,,,
9,22,0train,1test,transductive,0.25,crcs,245,72,216,1,left_hand,0.0,0.8472222222222222,0.8472222222222223,0.8462304146895188,0.7962962962962963,,,43.0,0.14930555555555555,1.0,0.6744186046511628,0.05405405405405406,1.0,0.20668983424548576,1.383102662588816,0.001143587689753663,0.4570452336818193
9,33,0train,1test,transductive,0.25,clean,288,72,216,1,left_hand,0.006172839506172839,0.8194444444444444,0.8194444444444444,0.8177755577755578,0.7592592592592593,,,,,,,,,,,,
9,33,0train,1test,transductive,0.25,poisoned,288,72,216,1,left_hand,0.030864197530864196,0.8425925925925926,0.8425925925925926,0.8380219171072452,0.7901234567901234,,,,,,,,,,,,
9,33,0train,1test,transductive,0.25,spectral_baseline,288,72,216,1,left_hand,0.030864197530864196,0.8425925925925926,0.8425925925925926,0.8380219171072452,0.7901234567901234,0.2717998041260884,0.0377647135703635,0.0,0.0,0.0,0.0,0.0,,,,,
9,33,0train,1test,transductive,0.25,crcs,245,72,216,1,left_hand,0.006172839506172839,0.8240740740740741,0.8240740740740741,0.8226408341114224,0.7654320987654322,,,43.0,0.14930555555555555,1.0,0.6744186046511628,0.05405405405405406,1.0,0.2310828179556489,1.6010532814167084,0.017049193940016732,0.8357110489992952
9,44,0train,1test,transductive,0.25,clean,288,72,216,1,left_hand,0.006172839506172839,0.8425925925925926,0.8425925925925926,0.8421882821025748,0.7901234567901234,,,,,,,,,,,,
9,44,0train,1test,transductive,0.25,poisoned,288,72,216,1,left_hand,0.1111111111111111,0.8518518518518519,0.8518518518518519,0.8503488173733748,0.8024691358024691,,,,,,,,,,,,
9,44,0train,1test,transductive,0.25,spectral_baseline,288,72,216,1,left_hand,0.1111111111111111,0.8518518518518519,0.8518518518518519,0.8503488173733748,0.8024691358024691,0.2717598527880065,0.038803699730528385,0.0,0.0,0.0,0.0,0.0,,,,,
9,44,0train,1test,transductive,0.25,crcs,245,72,216,1,left_hand,0.006172839506172839,0.8472222222222222,0.8472222222222223,0.8469477181433704,0.7962962962962963,,,43.0,0.14930555555555555,1.0,0.6744186046511628,0.05405405405405406,1.0,0.2189262798646393,1.4800602097092679,0.0026120437236592797,0.7564689141877707
9,55,0train,1test,transductive,0.25,clean,288,72,216,1,left_hand,0.012345679012345678,0.8518518518518519,0.8518518518518519,0.8498520960960249,0.8024691358024691,,,,,,,,,,,,
9,55,0train,1test,transductive,0.25,poisoned,288,72,216,1,left_hand,0.05555555555555555,0.8796296296296297,0.8796296296296295,0.8766101280892855,0.8395061728395061,,,,,,,,,,,,
9,55,0train,1test,transductive,0.25,spectral_baseline,288,72,216,1,left_hand,0.05555555555555555,0.8796296296296297,0.8796296296296295,0.8766101280892855,0.8395061728395061,0.2717598527880065,0.04102448266743994,0.0,0.0,0.0,0.0,0.0,,,,,
9,55,0train,1test,transductive,0.25,crcs,245,72,216,1,left_hand,0.0,0.8611111111111112,0.8611111111111112,0.8597513313625846,0.8148148148148149,,,43.0,0.14930555555555555,1.0,0.6744186046511628,0.05405405405405406,1.0,0.26350709104086745,1.829301243579411,0.01974063699518307,0.8684417717945663
9,11,0train,1test,transductive,0.5,clean,288,144,144,1,left_hand,0.009259259259259259,0.8541666666666666,0.8541666666666667,0.8529654015238832,0.8055555555555556,,,,,,,,,,,,
9,11,0train,1test,transductive,0.5,poisoned,288,144,144,1,left_hand,0.4722222222222222,0.8680555555555556,0.8680555555555556,0.8604760619938981,0.8240740740740741,,,,,,,,,,,,
9,11,0train,1test,transductive,0.5,spectral_baseline,288,144,144,1,left_hand,0.4722222222222222,0.8680555555555556,0.8680555555555556,0.8604760619938981,0.8240740740740741,0.2717998041260884,0.03821871588275193,0.0,0.0,0.0,0.0,0.0,,,,,
9,11,0train,1test,transductive,0.5,crcs,245,144,144,1,left_hand,0.0,0.8541666666666666,0.8541666666666667,0.8525241484800308,0.8055555555555556,,,43.0,0.14930555555555555,1.0,0.6744186046511628,0.05405405405405406,1.0,0.19979294835990713,1.3737874258296385,-0.00934064972959294,0.6006520242568503
9,22,0train,1test,transductive,0.5,clean,288,144,144,1,left_hand,0.018518518518518517,0.8333333333333334,0.8333333333333334,0.8312968721419426,0.7777777777777778,,,,,,,,,,,,
9,22,0train,1test,transductive,0.5,poisoned,288,144,144,1,left_hand,0.5740740740740741,0.8402777777777778,0.8402777777777778,0.8377315203580921,0.787037037037037,,,,,,,,,,,,
9,22,0train,1test,transductive,0.5,spectral_baseline,288,144,144,1,left_hand,0.5740740740740741,0.8402777777777778,0.8402777777777778,0.8377315203580921,0.787037037037037,0.2717998041260884,0.03821871588275193,0.0,0.0,0.0,0.0,0.0,,,,,
9,22,0train,1test,transductive,0.5,crcs,245,144,144,1,left_hand,0.009259259259259259,0.8194444444444444,0.8194444444444444,0.8182199461541156,0.7592592592592593,,,43.0,0.14930555555555555,1.0,0.6744186046511628,0.05405405405405406,1.0,0.19121342098364513,1.214265026975514,0.0004350316972837624,0.5692916962379209
9,33,0train,1test,transductive,0.5,clean,288,144,144,1,left_hand,0.009259259259259259,0.8263888888888888,0.8263888888888888,0.8282550020536291,0.7685185185185185,,,,,,,,,,,,
9,33,0train,1test,transductive,0.5,poisoned,288,144,144,1,left_hand,0.3611111111111111,0.8402777777777778,0.8402777777777778,0.8386269293995345,0.787037037037037,,,,,,,,,,,,
9,33,0train,1test,transductive,0.5,spectral_baseline,288,144,144,1,left_hand,0.3611111111111111,0.8402777777777778,0.8402777777777778,0.8386269293995345,0.787037037037037,0.2717998041260884,0.0377647135703635,0.0,0.0,0.0,0.0,0.0,,,,,
9,33,0train,1test,transductive,0.5,crcs,245,144,144,1,left_hand,0.0,0.8194444444444444,0.8194444444444444,0.8209869078290132,0.7592592592592593,,,43.0,0.14930555555555555,1.0,0.6744186046511628,0.05405405405405406,1.0,0.23929281481550632,1.676665701631306,0.005161639161537473,0.9411377331063174
9,44,0train,1test,transductive,0.5,clean,288,144,144,1,left_hand,0.009259259259259259,0.8472222222222222,0.8472222222222223,0.8459850009145784,0.7962962962962963,,,,,,,,,,,,
9,44,0train,1test,transductive,0.5,poisoned,288,144,144,1,left_hand,0.5648148148148148,0.8680555555555556,0.8680555555555556,0.8618468076885926,0.8240740740740741,,,,,,,,,,,,
9,44,0train,1test,transductive,0.5,spectral_baseline,288,144,144,1,left_hand,0.5648148148148148,0.8680555555555556,0.8680555555555556,0.8618468076885926,0.8240740740740741,0.2717598527880065,0.038803699730528385,0.0,0.0,0.0,0.0,0.0,,,,,
9,44,0train,1test,transductive,0.5,crcs,245,144,144,1,left_hand,0.009259259259259259,0.8402777777777778,0.8402777777777779,0.8387485099441621,0.787037037037037,,,43.0,0.14930555555555555,1.0,0.6744186046511628,0.05405405405405406,1.0,0.1992384185858626,1.3032513216644748,0.0016229612975378986,0.6997771046053831
9,55,0train,1test,transductive,0.5,clean,288,144,144,1,left_hand,0.018518518518518517,0.8611111111111112,0.8611111111111112,0.859653295474191,0.8148148148148149,,,,,,,,,,,,
9,55,0train,1test,transductive,0.5,poisoned,288,144,144,1,left_hand,0.5,0.9027777777777778,0.9027777777777777,0.9008181867359082,0.8703703703703703,,,,,,,,,,,,
9,55,0train,1test,transductive,0.5,spectral_baseline,288,144,144,1,left_hand,0.5,0.9027777777777778,0.9027777777777777,0.9008181867359082,0.8703703703703703,0.2717598527880065,0.04102448266743994,0.0,0.0,0.0,0.0,0.0,,,,,
9,55,0train,1test,transductive,0.5,crcs,245,144,144,1,left_hand,0.009259259259259259,0.8680555555555556,0.8680555555555555,0.867932159165036,0.8240740740740741,,,43.0,0.14930555555555555,1.0,0.6744186046511628,0.05405405405405406,1.0,0.2215769584908024,1.5259900058112081,0.010429569823743955,0.7468786280363466
9,11,0train,1test,transductive,0.75,clean,288,216,72,1,left_hand,0.018518518518518517,0.875,0.875,0.8705003390487261,0.8333333333333334,,,,,,,,,,,,
9,11,0train,1test,transductive,0.75,poisoned,288,216,72,1,left_hand,0.3148148148148148,0.875,0.875,0.8676466254052461,0.8333333333333334,,,,,,,,,,,,
9,11,0train,1test,transductive,0.75,spectral_baseline,288,216,72,1,left_hand,0.3148148148148148,0.875,0.875,0.8676466254052461,0.8333333333333334,0.2717998041260884,0.03821871588275193,0.0,0.0,0.0,0.0,0.0,,,,,
9,11,0train,1test,transductive,0.75,crcs,245,216,72,1,left_hand,0.0,0.875,0.875,0.8705003390487261,0.8333333333333334,,,43.0,0.14930555555555555,1.0,0.6744186046511628,0.05405405405405406,1.0,0.20800329779177118,1.4334465533457041,-0.006303768176680019,0.6382152678095854
9,22,0train,1test,transductive,0.75,clean,288,216,72,1,left_hand,0.0,0.8194444444444444,0.8194444444444444,0.8188250285024479,0.7592592592592593,,,,,,,,,,,,
9,22,0train,1test,transductive,0.75,poisoned,288,216,72,1,left_hand,0.42592592592592593,0.8888888888888888,0.8888888888888888,0.8872255125063212,0.8518518518518519,,,,,,,,,,,,
9,22,0train,1test,transductive,0.75,spectral_baseline,288,216,72,1,left_hand,0.42592592592592593,0.8888888888888888,0.8888888888888888,0.8872255125063212,0.8518518518518519,0.2717998041260884,0.03821871588275193,0.0,0.0,0.0,0.0,0.0,,,,,
9,22,0train,1test,transductive,0.75,crcs,245,216,72,1,left_hand,0.0,0.8194444444444444,0.8194444444444444,0.8183110529884723,0.7592592592592593,,,43.0,0.14930555555555555,1.0,0.6744186046511628,0.05405405405405406,1.0,0.18995491326498298,1.3119962170258126,-0.013807145720875198,0.6991941679379449
9,33,0train,1test,transductive,0.75,clean,288,216,72,1,left_hand,0.018518518518518517,0.8472222222222222,0.8472222222222222,0.8483011755070577,0.7962962962962963,,,,,,,,,,,,
9,33,0train,1test,transductive,0.75,poisoned,288,216,72,1,left_hand,0.3333333333333333,0.8472222222222222,0.8472222222222222,0.8485508534850641,0.7962962962962963,,,,,,,,,,,,
9,33,0train,1test,transductive,0.75,spectral_baseline,288,216,72,1,left_hand,0.3333333333333333,0.8472222222222222,0.8472222222222222,0.8485508534850641,0.7962962962962963,0.2717998041260884,0.0377647135703635,0.0,0.0,0.0,0.0,0.0,,,,,
9,33,0train,1test,transductive,0.75,crcs,245,216,72,1,left_hand,0.018518518518518517,0.8472222222222222,0.8472222222222222,0.8483011755070577,0.7962962962962963,,,43.0,0.14930555555555555,1.0,0.6744186046511628,0.05405405405405406,1.0,0.22280490882933326,1.500011454517477,0.0014357713574295174,0.811846074039176
9,44,0train,1test,transductive,0.75,clean,288,216,72,1,left_hand,0.0,0.8333333333333334,0.8333333333333334,0.8351158645276293,0.7777777777777778,,,,,,,,,,,,
9,44,0train,1test,transductive,0.75,poisoned,288,216,72,1,left_hand,0.35185185185185186,0.9027777777777778,0.9027777777777778,0.9021450594980007,0.8703703703703703,,,,,,,,,,,,
9,44,0train,1test,transductive,0.75,spectral_baseline,288,216,72,1,left_hand,0.35185185185185186,0.9027777777777778,0.9027777777777778,0.9021450594980007,0.8703703703703703,0.2717598527880065,0.038803699730528385,0.0,0.0,0.0,0.0,0.0,,,,,
9,44,0train,1test,transductive,0.75,crcs,245,216,72,1,left_hand,0.0,0.8333333333333334,0.8333333333333334,0.8351158645276293,0.7777777777777778,,,43.0,0.14930555555555555,1.0,0.6744186046511628,0.05405405405405406,1.0,0.21524090668630158,1.498285267506681,0.0004973426151618684,0.7203572685485449
9,55,0train,1test,transductive,0.75,clean,288,216,72,1,left_hand,0.0,0.8472222222222222,0.8472222222222222,0.8455748552522746,0.7962962962962963,,,,,,,,,,,,
9,55,0train,1test,transductive,0.75,poisoned,288,216,72,1,left_hand,0.3333333333333333,0.9027777777777778,0.9027777777777778,0.9012189564821144,0.8703703703703703,,,,,,,,,,,,
9,55,0train,1test,transductive,0.75,spectral_baseline,288,216,72,1,left_hand,0.3333333333333333,0.9027777777777778,0.9027777777777778,0.9012189564821144,0.8703703703703703,0.2717598527880065,0.04102448266743994,0.0,0.0,0.0,0.0,0.0,,,,,
9,55,0train,1test,transductive,0.75,crcs,245,216,72,1,left_hand,0.0,0.8611111111111112,0.8611111111111112,0.8593062992468765,0.8148148148148149,,,43.0,0.14930555555555555,1.0,0.6744186046511628,0.05405405405405406,1.0,0.21750886371554765,1.4690656503126418,0.005406789466612664,0.7464555265209942
9,11,0train,1test,transductive,0.8,clean,288,232,56,1,left_hand,0.023809523809523808,0.8571428571428571,0.8571428571428572,0.8488440438871473,0.8095238095238095,,,,,,,,,,,,
9,11,0train,1test,transductive,0.8,poisoned,288,232,56,1,left_hand,0.30952380952380953,0.8392857142857143,0.8392857142857143,0.8255088325652842,0.7857142857142857,,,,,,,,,,,,
9,11,0train,1test,transductive,0.8,spectral_baseline,288,232,56,1,left_hand,0.30952380952380953,0.8392857142857143,0.8392857142857143,0.8255088325652842,0.7857142857142857,0.2717998041260884,0.03821871588275193,0.0,0.0,0.0,0.0,0.0,,,,,
9,11,0train,1test,transductive,0.8,crcs,245,232,56,1,left_hand,0.0,0.875,0.875,0.8697344875949122,0.8333333333333334,,,43.0,0.14930555555555555,1.0,0.6744186046511628,0.05405405405405406,1.0,0.21378664367633762,1.4947885305988364,-0.006273766850703943,0.6545309800853247
9,22,0train,1test,transductive,0.8,clean,288,232,56,1,left_hand,0.0,0.8571428571428571,0.8571428571428571,0.856959706959707,0.8095238095238095,,,,,,,,,,,,
9,22,0train,1test,transductive,0.8,poisoned,288,232,56,1,left_hand,0.40476190476190477,0.8928571428571429,0.8928571428571428,0.8920833333333333,0.8571428571428572,,,,,,,,,,,,
9,22,0train,1test,transductive,0.8,spectral_baseline,288,232,56,1,left_hand,0.40476190476190477,0.8928571428571429,0.8928571428571428,0.8920833333333333,0.8571428571428572,0.2717998041260884,0.03821871588275193,0.0,0.0,0.0,0.0,0.0,,,,,
9,22,0train,1test,transductive,0.8,crcs,245,232,56,1,left_hand,0.0,0.8571428571428571,0.8571428571428571,0.8567079575144092,0.8095238095238095,,,43.0,0.14930555555555555,1.0,0.6744186046511628,0.05405405405405406,1.0,0.19520391030387085,1.3716811166555603,-0.01325185546522016,0.7508444362984361
9,33,0train,1test,transductive,0.8,clean,288,232,56,1,left_hand,0.023809523809523808,0.875,0.875,0.875925925925926,0.8333333333333334,,,,,,,,,,,,
9,33,0train,1test,transductive,0.8,poisoned,288,232,56,1,left_hand,0.2619047619047619,0.875,0.875,0.8761059907834101,0.8333333333333334,,,,,,,,,,,,
9,33,0train,1test,transductive,0.8,spectral_baseline,288,232,56,1,left_hand,0.2619047619047619,0.875,0.875,0.8761059907834101,0.8333333333333334,0.2717998041260884,0.0377647135703635,0.0,0.0,0.0,0.0,0.0,,,,,
9,33,0train,1test,transductive,0.8,crcs,245,232,56,1,left_hand,0.023809523809523808,0.875,0.875,0.875925925925926,0.8333333333333334,,,43.0,0.14930555555555555,1.0,0.6744186046511628,0.05405405405405406,1.0,0.22232014184550028,1.5322538161196415,-0.0020859821647069596,0.827613029588007
9,44,0train,1test,transductive,0.8,clean,288,232,56,1,left_hand,0.0,0.8928571428571429,0.8928571428571428,0.8942414648755027,0.8571428571428572,,,,,,,,,,,,
9,44,0train,1test,transductive,0.8,poisoned,288,232,56,1,left_hand,0.35714285714285715,0.9285714285714286,0.9285714285714286,0.9284802043422733,0.9047619047619048,,,,,,,,,,,,
9,44,0train,1test,transductive,0.8,spectral_baseline,288,232,56,1,left_hand,0.35714285714285715,0.9285714285714286,0.9285714285714286,0.9284802043422733,0.9047619047619048,0.2717598527880065,0.038803699730528385,0.0,0.0,0.0,0.0,0.0,,,,,
9,44,0train,1test,transductive,0.8,crcs,245,232,56,1,left_hand,0.0,0.8928571428571429,0.8928571428571428,0.8942414648755027,0.8571428571428572,,,43.0,0.14930555555555555,1.0,0.6744186046511628,0.05405405405405406,1.0,0.21376132705650555,1.4761941840251886,-0.0038199399784855665,0.7180978749830831
9,55,0train,1test,transductive,0.8,clean,288,232,56,1,left_hand,0.0,0.8392857142857143,0.8392857142857143,0.8378434886499403,0.7857142857142857,,,,,,,,,,,,
9,55,0train,1test,transductive,0.8,poisoned,288,232,56,1,left_hand,0.35714285714285715,0.875,0.875,0.8722222222222222,0.8333333333333334,,,,,,,,,,,,
9,55,0train,1test,transductive,0.8,spectral_baseline,288,232,56,1,left_hand,0.35714285714285715,0.875,0.875,0.8722222222222222,0.8333333333333334,0.2717598527880065,0.04102448266743994,0.0,0.0,0.0,0.0,0.0,,,,,
9,55,0train,1test,transductive,0.8,crcs,245,232,56,1,left_hand,0.0,0.8392857142857143,0.8392857142857143,0.8374649080989459,0.7857142857142857,,,43.0,0.14930555555555555,1.0,0.6744186046511628,0.05405405405405406,1.0,0.22475266063908686,1.5525558030674615,0.006949391189355786,0.7390844467692876
